dataset_id,dataset_version,series_id,group_id,incident_speed_cm_s,fit_subset,rigid_cushion_domain,case_id,scenario_id,point_id,partition,metric,unit,prediction,prediction_nonfinite,experimental_value,signed_error,acceptance_lower,acceptance_upper,measurement_uncertainty,digitization_uncertainty,conversion_uncertainty,combined_standard_uncertainty,coverage_factor,engineering_absolute_tolerance,engineering_relative_tolerance,group_rmse,group_maximum_absolute_error,source_locator,pool_applicability,status,trace_path,build_id,replay_command,package_hashes,missing_evidence,resolution_condition
mathavan_2010_cushion,1.0.0,perpendicular_rolling_rebound,incident_low,26.299899999999997,True,True,fig7_experimental_01,mathavan_2010_cushion__fig7_experimental_01_v2,fig7_experimental_01,CALIBRATION,cushion_rebound_speed_cm_s,cm/s,24.323247466778522,,23.4401,0.8831474667785209,22.94003276452061,23.940167235479393,0.0,0.0082,0.5,0.5000672354793904,1.0,0.0,0.0,1.1170018167967672,1.8810743684121576,journal p. 1870 Fig. 7(a),TREND_ONLY,MODEL_MISMATCH_KNOWN,physics_models/calibration/phase3_v2_apparatus/traces/mathavan_2010_cushion__fig7_experimental_01_v2.json,sha256:95a387424bf50294312ca001520fa9a9951cf7d4507ed918fac8103571be3b0f,python3 -m tools.physics_validation.reference_run --executable build/check/Billiards --package tests/physics_validation/reference_data/mathavan_2010_cushion --output physics_models/calibration/phase3_v2_apparatus/replay/mathavan_2010_cushion --case fig7_experimental_01,"{""digitization"": ""sha256:4388a3eaf2e5869e3213a803d95b28256c8e2093b6ba5c7be0cf8e604b751e12"", ""expected_model_mismatches"": ""sha256:4cd90ac76737f6360a0be124f3e8f868292e35e8d00d96dcbf173792e271a25d"", ""expected_reference_limitations"": ""sha256:885153f7abb785bc23be5660853db245dfdc5ea18d28bf9049b5ade56a5bf124"", ""extraction"": ""sha256:749629ef3fd854c43b0a662f306056bd8587fe0c579e4ee83d0852370c7b10df"", ""normalized"": ""sha256:25a120d35fc010e7730e450d287fc5119cf07787c89cdf1f330a8f66b7d265a5"", ""raw_extracted"": ""sha256:74db890277673ce6bc11665f7b23e69a1c5beb6cf6d6a8daee844f71eb0bf50d"", ""scenario_template"": ""sha256:f336fa0d08b900381f09c70478fd0f5663df45a56615351deae98055d728fb85"", ""split"": ""sha256:44260204800a7fa83af793727e6effdeb0eba37ac43f658abefff81fdc6962a2""}",,
mathavan_2010_cushion,1.0.0,perpendicular_rolling_rebound,incident_low,35.4983,True,True,fig7_experimental_02,mathavan_2010_cushion__fig7_experimental_02_v2,fig7_experimental_02,CALIBRATION,cushion_rebound_speed_cm_s,cm/s,32.83080218293101,,32.3511,0.47970218293100686,31.84718404470587,32.855015955294135,0.0,0.0627,0.5,0.5039159552941344,1.0,0.0,0.0,1.1170018167967672,1.8810743684121576,journal p. 1870 Fig. 7(a),TREND_ONLY,PASSED,physics_models/calibration/phase3_v2_apparatus/traces/mathavan_2010_cushion__fig7_experimental_02_v2.json,sha256:95a387424bf50294312ca001520fa9a9951cf7d4507ed918fac8103571be3b0f,python3 -m tools.physics_validation.reference_run --executable build/check/Billiards --package tests/physics_validation/reference_data/mathavan_2010_cushion --output physics_models/calibration/phase3_v2_apparatus/replay/mathavan_2010_cushion --case fig7_experimental_02,"{""digitization"": ""sha256:4388a3eaf2e5869e3213a803d95b28256c8e2093b6ba5c7be0cf8e604b751e12"", ""expected_model_mismatches"": ""sha256:4cd90ac76737f6360a0be124f3e8f868292e35e8d00d96dcbf173792e271a25d"", ""expected_reference_limitations"": ""sha256:885153f7abb785bc23be5660853db245dfdc5ea18d28bf9049b5ade56a5bf124"", ""extraction"": ""sha256:749629ef3fd854c43b0a662f306056bd8587fe0c579e4ee83d0852370c7b10df"", ""normalized"": ""sha256:25a120d35fc010e7730e450d287fc5119cf07787c89cdf1f330a8f66b7d265a5"", ""raw_extracted"": ""sha256:74db890277673ce6bc11665f7b23e69a1c5beb6cf6d6a8daee844f71eb0bf50d"", ""scenario_template"": ""sha256:f336fa0d08b900381f09c70478fd0f5663df45a56615351deae98055d728fb85"", ""split"": ""sha256:44260204800a7fa83af793727e6effdeb0eba37ac43f658abefff81fdc6962a2""}",,
mathavan_2010_cushion,1.0.0,perpendicular_rolling_rebound,incident_low,41.8037,True,True,fig7_experimental_03,mathavan_2010_cushion__fig7_experimental_03_v2,fig7_experimental_03,CALIBRATION,cushion_rebound_speed_cm_s,cm/s,38.662588462449484,,38.3074,0.3551884624494832,37.80640873261104,38.80839126738896,0.0,0.0315,0.5,0.5009912673889636,1.0,0.0,0.0,1.1170018167967672,1.8810743684121576,journal p. 1870 Fig. 7(a),TREND_ONLY,PASSED,physics_models/calibration/phase3_v2_apparatus/traces/mathavan_2010_cushion__fig7_experimental_03_v2.json,sha256:95a387424bf50294312ca001520fa9a9951cf7d4507ed918fac8103571be3b0f,python3 -m tools.physics_validation.reference_run --executable build/check/Billiards --package tests/physics_validation/reference_data/mathavan_2010_cushion --output physics_models/calibration/phase3_v2_apparatus/replay/mathavan_2010_cushion --case fig7_experimental_03,"{""digitization"": ""sha256:4388a3eaf2e5869e3213a803d95b28256c8e2093b6ba5c7be0cf8e604b751e12"", ""expected_model_mismatches"": ""sha256:4cd90ac76737f6360a0be124f3e8f868292e35e8d00d96dcbf173792e271a25d"", ""expected_reference_limitations"": ""sha256:885153f7abb785bc23be5660853db245dfdc5ea18d28bf9049b5ade56a5bf124"", ""extraction"": ""sha256:749629ef3fd854c43b0a662f306056bd8587fe0c579e4ee83d0852370c7b10df"", ""normalized"": ""sha256:25a120d35fc010e7730e450d287fc5119cf07787c89cdf1f330a8f66b7d265a5"", ""raw_extracted"": ""sha256:74db890277673ce6bc11665f7b23e69a1c5beb6cf6d6a8daee844f71eb0bf50d"", ""scenario_template"": ""sha256:f336fa0d08b900381f09c70478fd0f5663df45a56615351deae98055d728fb85"", ""split"": ""sha256:44260204800a7fa83af793727e6effdeb0eba37ac43f658abefff81fdc6962a2""}",,
mathavan_2010_cushion,1.0.0,perpendicular_rolling_rebound,incident_low,65.0776,True,True,fig7_experimental_04,mathavan_2010_cushion__fig7_experimental_04_v2,fig7_experimental_04,CALIBRATION,cushion_rebound_speed_cm_s,cm/s,60.18977436841216,,58.3087,1.8810743684121576,57.80762531494796,58.80977468505204,0.0,0.0328,0.5,0.5010746850520389,1.0,0.0,0.0,1.1170018167967672,1.8810743684121576,journal p. 1870 Fig. 7(a),TREND_ONLY,MODEL_MISMATCH_KNOWN,physics_models/calibration/phase3_v2_apparatus/traces/mathavan_2010_cushion__fig7_experimental_04_v2.json,sha256:95a387424bf50294312ca001520fa9a9951cf7d4507ed918fac8103571be3b0f,python3 -m tools.physics_validation.reference_run --executable build/check/Billiards --package tests/physics_validation/reference_data/mathavan_2010_cushion --output physics_models/calibration/phase3_v2_apparatus/replay/mathavan_2010_cushion --case fig7_experimental_04,"{""digitization"": ""sha256:4388a3eaf2e5869e3213a803d95b28256c8e2093b6ba5c7be0cf8e604b751e12"", ""expected_model_mismatches"": ""sha256:4cd90ac76737f6360a0be124f3e8f868292e35e8d00d96dcbf173792e271a25d"", ""expected_reference_limitations"": ""sha256:885153f7abb785bc23be5660853db245dfdc5ea18d28bf9049b5ade56a5bf124"", ""extraction"": ""sha256:749629ef3fd854c43b0a662f306056bd8587fe0c579e4ee83d0852370c7b10df"", ""normalized"": ""sha256:25a120d35fc010e7730e450d287fc5119cf07787c89cdf1f330a8f66b7d265a5"", ""raw_extracted"": ""sha256:74db890277673ce6bc11665f7b23e69a1c5beb6cf6d6a8daee844f71eb0bf50d"", ""scenario_template"": ""sha256:f336fa0d08b900381f09c70478fd0f5663df45a56615351deae98055d728fb85"", ""split"": ""sha256:44260204800a7fa83af793727e6effdeb0eba37ac43f658abefff81fdc6962a2""}",,
mathavan_2010_cushion,1.0.0,perpendicular_rolling_rebound,incident_low,70.4133,True,True,fig7_experimental_05,mathavan_2010_cushion__fig7_experimental_05_v2,fig7_experimental_05,CALIBRATION,cushion_rebound_speed_cm_s,cm/s,65.12451190502232,,66.51045,-1.3859380949776892,66.00875132300355,67.01214867699646,0.0,0.04125,0.5,0.5016986769964616,1.0,0.0,0.0,1.1170018167967672,1.8810743684121576,journal p. 1870 Fig. 7(a),TREND_ONLY,MODEL_MISMATCH_KNOWN,physics_models/calibration/phase3_v2_apparatus/traces/mathavan_2010_cushion__fig7_experimental_05_v2.json,sha256:95a387424bf50294312ca001520fa9a9951cf7d4507ed918fac8103571be3b0f,python3 -m tools.physics_validation.reference_run --executable build/check/Billiards --package tests/physics_validation/reference_data/mathavan_2010_cushion --output physics_models/calibration/phase3_v2_apparatus/replay/mathavan_2010_cushion --case fig7_experimental_05,"{""digitization"": ""sha256:4388a3eaf2e5869e3213a803d95b28256c8e2093b6ba5c7be0cf8e604b751e12"", ""expected_model_mismatches"": ""sha256:4cd90ac76737f6360a0be124f3e8f868292e35e8d00d96dcbf173792e271a25d"", ""expected_reference_limitations"": ""sha256:885153f7abb785bc23be5660853db245dfdc5ea18d28bf9049b5ade56a5bf124"", ""extraction"": ""sha256:749629ef3fd854c43b0a662f306056bd8587fe0c579e4ee83d0852370c7b10df"", ""normalized"": ""sha256:25a120d35fc010e7730e450d287fc5119cf07787c89cdf1f330a8f66b7d265a5"", ""raw_extracted"": ""sha256:74db890277673ce6bc11665f7b23e69a1c5beb6cf6d6a8daee844f71eb0bf50d"", ""scenario_template"": ""sha256:f336fa0d08b900381f09c70478fd0f5663df45a56615351deae98055d728fb85"", ""split"": ""sha256:44260204800a7fa83af793727e6effdeb0eba37ac43f658abefff81fdc6962a2""}",,
mathavan_2010_cushion,1.0.0,perpendicular_rolling_rebound,incident_low,84.4922,True,True,fig7_experimental_06,mathavan_2010_cushion__fig7_experimental_06_v2,fig7_experimental_06,CALIBRATION,cushion_rebound_speed_cm_s,cm/s,78.1454964868872,,79.08925,-0.9437535131128101,78.5741635388112,79.60433646118881,0.0,0.12375,0.5,0.5150864611887989,1.0,0.0,0.0,1.1170018167967672,1.8810743684121576,journal p. 1870 Fig. 7(a),TREND_ONLY,MODEL_MISMATCH_KNOWN,physics_models/calibration/phase3_v2_apparatus/traces/mathavan_2010_cushion__fig7_experimental_06_v2.json,sha256:95a387424bf50294312ca001520fa9a9951cf7d4507ed918fac8103571be3b0f,python3 -m tools.physics_validation.reference_run --executable build/check/Billiards --package tests/physics_validation/reference_data/mathavan_2010_cushion --output physics_models/calibration/phase3_v2_apparatus/replay/mathavan_2010_cushion --case fig7_experimental_06,"{""digitization"": ""sha256:4388a3eaf2e5869e3213a803d95b28256c8e2093b6ba5c7be0cf8e604b751e12"", ""expected_model_mismatches"": ""sha256:4cd90ac76737f6360a0be124f3e8f868292e35e8d00d96dcbf173792e271a25d"", ""expected_reference_limitations"": ""sha256:885153f7abb785bc23be5660853db245dfdc5ea18d28bf9049b5ade56a5bf124"", ""extraction"": ""sha256:749629ef3fd854c43b0a662f306056bd8587fe0c579e4ee83d0852370c7b10df"", ""normalized"": ""sha256:25a120d35fc010e7730e450d287fc5119cf07787c89cdf1f330a8f66b7d265a5"", ""raw_extracted"": ""sha256:74db890277673ce6bc11665f7b23e69a1c5beb6cf6d6a8daee844f71eb0bf50d"", ""scenario_template"": ""sha256:f336fa0d08b900381f09c70478fd0f5663df45a56615351deae98055d728fb85"", ""split"": ""sha256:44260204800a7fa83af793727e6effdeb0eba37ac43f658abefff81fdc6962a2""}",,
domenech_2023_ball_collision,1.0.0,billiard_alpha1,billiard_alpha1_low,,,,billiard_alpha1_001,domenech_2023_ball_collision__billiard_alpha1_001_v2,billiard_alpha1_001,CALIBRATION,cue_scattering_angle_degrees,degree,15.782731728694852,,73.81045,-58.02771827130515,73.69053229625176,73.93036770374825,0.0,0.0661835,0.1,0.11991770374823729,1.0,0.0,0.0,42.70261038029481,58.02771827130515,Fig. 6 experimental markers,CONVERTED,MODEL_MISMATCH_KNOWN,physics_models/calibration/phase3_v2_apparatus/traces/domenech_2023_ball_collision__billiard_alpha1_001_v2.json,sha256:95a387424bf50294312ca001520fa9a9951cf7d4507ed918fac8103571be3b0f,python3 -m tools.physics_validation.reference_run --executable build/check/Billiards --package tests/physics_validation/reference_data/domenech_2023_ball_collision --output physics_models/calibration/phase3_v2_apparatus/replay/domenech_2023_ball_collision --case billiard_alpha1_001,"{""digitization"": ""sha256:90c5bc0267c8b41d130510492a6f897d0418bc92b2762414f53b13e9c2afa458"", ""expected_model_mismatches"": ""sha256:c76e426de65f7105dfa9f166c1e53fb72bca0139e3d4bb37d2f7d9d6513a285d"", ""expected_reference_limitations"": ""sha256:f94ccb717e1244c117b9878633aedb911f011b80a516735235a0b359db353867"", ""extraction"": ""sha256:30a0a477a51b02d917273ae086742f4c3f97e12204543220c2711e8eb2b68ab8"", ""normalized"": ""sha256:d04396a53ab1010429fc67405e63bd92759fec7abc0ad1a86e9b395736f1a5ec"", ""raw_extracted"": ""sha256:fd26a8d030d12feee2f0829d1b005af7af523966d568c09d977b106b79a9d74d"", ""scenario_template"": ""sha256:d26935b5efaff34030564d113380adfca7b1b9f8aa56f65580ca70b33503a6a7"", ""split"": ""sha256:4ba90e5d4f009790a3f649bfacda6a6193d3785c25a5c9febde5ae4120912505""}",,
domenech_2023_ball_collision,1.0.0,billiard_alpha1,billiard_alpha1_low,,,,billiard_alpha1_002,domenech_2023_ball_collision__billiard_alpha1_002_v2,billiard_alpha1_002,CALIBRATION,cue_scattering_angle_degrees,degree,18.35840978056959,,72.387032,-54.02862221943042,72.26660827635719,72.50745572364282,0.0,0.067096,0.1,0.12042372364281052,1.0,0.0,0.0,42.70261038029481,58.02771827130515,Fig. 6 experimental markers,CONVERTED,MODEL_MISMATCH_KNOWN,physics_models/calibration/phase3_v2_apparatus/traces/domenech_2023_ball_collision__billiard_alpha1_002_v2.json,sha256:95a387424bf50294312ca001520fa9a9951cf7d4507ed918fac8103571be3b0f,python3 -m tools.physics_validation.reference_run --executable build/check/Billiards --package tests/physics_validation/reference_data/domenech_2023_ball_collision --output physics_models/calibration/phase3_v2_apparatus/replay/domenech_2023_ball_collision --case billiard_alpha1_002,"{""digitization"": ""sha256:90c5bc0267c8b41d130510492a6f897d0418bc92b2762414f53b13e9c2afa458"", ""expected_model_mismatches"": ""sha256:c76e426de65f7105dfa9f166c1e53fb72bca0139e3d4bb37d2f7d9d6513a285d"", ""expected_reference_limitations"": ""sha256:f94ccb717e1244c117b9878633aedb911f011b80a516735235a0b359db353867"", ""extraction"": ""sha256:30a0a477a51b02d917273ae086742f4c3f97e12204543220c2711e8eb2b68ab8"", ""normalized"": ""sha256:d04396a53ab1010429fc67405e63bd92759fec7abc0ad1a86e9b395736f1a5ec"", ""raw_extracted"": ""sha256:fd26a8d030d12feee2f0829d1b005af7af523966d568c09d977b106b79a9d74d"", ""scenario_template"": ""sha256:d26935b5efaff34030564d113380adfca7b1b9f8aa56f65580ca70b33503a6a7"", ""split"": ""sha256:4ba90e5d4f009790a3f649bfacda6a6193d3785c25a5c9febde5ae4120912505""}",,
domenech_2023_ball_collision,1.0.0,billiard_alpha1,billiard_alpha1_low,,,,billiard_alpha1_003,domenech_2023_ball_collision__billiard_alpha1_003_v2,billiard_alpha1_003,CALIBRATION,cue_scattering_angle_degrees,degree,20.05011996255399,,75.164693,-55.11457303744601,75.03744815515256,75.29193784484744,0.0,0.0786845,0.1,0.12724484484744364,1.0,0.0,0.0,42.70261038029481,58.02771827130515,Fig. 6 experimental markers,CONVERTED,MODEL_MISMATCH_KNOWN,physics_models/calibration/phase3_v2_apparatus/traces/domenech_2023_ball_collision__billiard_alpha1_003_v2.json,sha256:95a387424bf50294312ca001520fa9a9951cf7d4507ed918fac8103571be3b0f,python3 -m tools.physics_validation.reference_run --executable build/check/Billiards --package tests/physics_validation/reference_data/domenech_2023_ball_collision --output physics_models/calibration/phase3_v2_apparatus/replay/domenech_2023_ball_collision --case billiard_alpha1_003,"{""digitization"": ""sha256:90c5bc0267c8b41d130510492a6f897d0418bc92b2762414f53b13e9c2afa458"", ""expected_model_mismatches"": ""sha256:c76e426de65f7105dfa9f166c1e53fb72bca0139e3d4bb37d2f7d9d6513a285d"", ""expected_reference_limitations"": ""sha256:f94ccb717e1244c117b9878633aedb911f011b80a516735235a0b359db353867"", ""extraction"": ""sha256:30a0a477a51b02d917273ae086742f4c3f97e12204543220c2711e8eb2b68ab8"", ""normalized"": ""sha256:d04396a53ab1010429fc67405e63bd92759fec7abc0ad1a86e9b395736f1a5ec"", ""raw_extracted"": ""sha256:fd26a8d030d12feee2f0829d1b005af7af523966d568c09d977b106b79a9d74d"", ""scenario_template"": ""sha256:d26935b5efaff34030564d113380adfca7b1b9f8aa56f65580ca70b33503a6a7"", ""split"": ""sha256:4ba90e5d4f009790a3f649bfacda6a6193d3785c25a5c9febde5ae4120912505""}",,
domenech_2023_ball_collision,1.0.0,billiard_alpha1,billiard_alpha1_low,,,,billiard_alpha1_004,domenech_2023_ball_collision__billiard_alpha1_004_v2,billiard_alpha1_004,CALIBRATION,cue_scattering_angle_degrees,degree,21.225507521135174,,72.460006,-51.234498478864836,72.3500466894165,72.56996531058351,0.0,0.045728,0.1,0.1099593105835063,1.0,0.0,0.0,42.70261038029481,58.02771827130515,Fig. 6 experimental markers,CONVERTED,MODEL_MISMATCH_KNOWN,physics_models/calibration/phase3_v2_apparatus/traces/domenech_2023_ball_collision__billiard_alpha1_004_v2.json,sha256:95a387424bf50294312ca001520fa9a9951cf7d4507ed918fac8103571be3b0f,python3 -m tools.physics_validation.reference_run --executable build/check/Billiards --package tests/physics_validation/reference_data/domenech_2023_ball_collision --output physics_models/calibration/phase3_v2_apparatus/replay/domenech_2023_ball_collision --case billiard_alpha1_004,"{""digitization"": ""sha256:90c5bc0267c8b41d130510492a6f897d0418bc92b2762414f53b13e9c2afa458"", ""expected_model_mismatches"": ""sha256:c76e426de65f7105dfa9f166c1e53fb72bca0139e3d4bb37d2f7d9d6513a285d"", ""expected_reference_limitations"": ""sha256:f94ccb717e1244c117b9878633aedb911f011b80a516735235a0b359db353867"", ""extraction"": ""sha256:30a0a477a51b02d917273ae086742f4c3f97e12204543220c2711e8eb2b68ab8"", ""normalized"": ""sha256:d04396a53ab1010429fc67405e63bd92759fec7abc0ad1a86e9b395736f1a5ec"", ""raw_extracted"": ""sha256:fd26a8d030d12feee2f0829d1b005af7af523966d568c09d977b106b79a9d74d"", ""scenario_template"": ""sha256:d26935b5efaff34030564d113380adfca7b1b9f8aa56f65580ca70b33503a6a7"", ""split"": ""sha256:4ba90e5d4f009790a3f649bfacda6a6193d3785c25a5c9febde5ae4120912505""}",,
domenech_2023_ball_collision,1.0.0,billiard_alpha1,billiard_alpha1_low,,,,billiard_alpha1_005,domenech_2023_ball_collision__billiard_alpha1_005_v2,billiard_alpha1_005,CALIBRATION,cue_scattering_angle_degrees,degree,23.5193117812202,,73.763332,-50.24402021877981,73.66153056866307,73.86513343133694,0.0,0.0190665,0.1,0.10180143133694143,1.0,0.0,0.0,42.70261038029481,58.02771827130515,Fig. 6 experimental markers,CONVERTED,MODEL_MISMATCH_KNOWN,physics_models/calibration/phase3_v2_apparatus/traces/domenech_2023_ball_collision__billiard_alpha1_005_v2.json,sha256:95a387424bf50294312ca001520fa9a9951cf7d4507ed918fac8103571be3b0f,python3 -m tools.physics_validation.reference_run --executable build/check/Billiards --package tests/physics_validation/reference_data/domenech_2023_ball_collision --output physics_models/calibration/phase3_v2_apparatus/replay/domenech_2023_ball_collision --case billiard_alpha1_005,"{""digitization"": ""sha256:90c5bc0267c8b41d130510492a6f897d0418bc92b2762414f53b13e9c2afa458"", ""expected_model_mismatches"": ""sha256:c76e426de65f7105dfa9f166c1e53fb72bca0139e3d4bb37d2f7d9d6513a285d"", ""expected_reference_limitations"": ""sha256:f94ccb717e1244c117b9878633aedb911f011b80a516735235a0b359db353867"", ""extraction"": ""sha256:30a0a477a51b02d917273ae086742f4c3f97e12204543220c2711e8eb2b68ab8"", ""normalized"": ""sha256:d04396a53ab1010429fc67405e63bd92759fec7abc0ad1a86e9b395736f1a5ec"", ""raw_extracted"": ""sha256:fd26a8d030d12feee2f0829d1b005af7af523966d568c09d977b106b79a9d74d"", ""scenario_template"": ""sha256:d26935b5efaff34030564d113380adfca7b1b9f8aa56f65580ca70b33503a6a7"", ""split"": ""sha256:4ba90e5d4f009790a3f649bfacda6a6193d3785c25a5c9febde5ae4120912505""}",,
domenech_2023_ball_collision,1.0.0,billiard_alpha1,billiard_alpha1_low,,,,billiard_alpha1_006,domenech_2023_ball_collision__billiard_alpha1_006_v2,billiard_alpha1_006,CALIBRATION,cue_scattering_angle_degrees,degree,25.282728923155798,,71.366279,-46.083550076844205,71.25558327599835,71.47697472400166,0.0,0.0474715,0.1,0.1106957240016524,1.0,0.0,0.0,42.70261038029481,58.02771827130515,Fig. 6 experimental markers,CONVERTED,MODEL_MISMATCH_KNOWN,physics_models/calibration/phase3_v2_apparatus/traces/domenech_2023_ball_collision__billiard_alpha1_006_v2.json,sha256:95a387424bf50294312ca001520fa9a9951cf7d4507ed918fac8103571be3b0f,python3 -m tools.physics_validation.reference_run --executable build/check/Billiards --package tests/physics_validation/reference_data/domenech_2023_ball_collision --output physics_models/calibration/phase3_v2_apparatus/replay/domenech_2023_ball_collision --case billiard_alpha1_006,"{""digitization"": ""sha256:90c5bc0267c8b41d130510492a6f897d0418bc92b2762414f53b13e9c2afa458"", ""expected_model_mismatches"": ""sha256:c76e426de65f7105dfa9f166c1e53fb72bca0139e3d4bb37d2f7d9d6513a285d"", ""expected_reference_limitations"": ""sha256:f94ccb717e1244c117b9878633aedb911f011b80a516735235a0b359db353867"", ""extraction"": ""sha256:30a0a477a51b02d917273ae086742f4c3f97e12204543220c2711e8eb2b68ab8"", ""normalized"": ""sha256:d04396a53ab1010429fc67405e63bd92759fec7abc0ad1a86e9b395736f1a5ec"", ""raw_extracted"": ""sha256:fd26a8d030d12feee2f0829d1b005af7af523966d568c09d977b106b79a9d74d"", ""scenario_template"": ""sha256:d26935b5efaff34030564d113380adfca7b1b9f8aa56f65580ca70b33503a6a7"", ""split"": ""sha256:4ba90e5d4f009790a3f649bfacda6a6193d3785c25a5c9febde5ae4120912505""}",,
domenech_2023_ball_collision,1.0.0,billiard_alpha1,billiard_alpha1_low,,,,billiard_alpha1_007,domenech_2023_ball_collision__billiard_alpha1_007_v2,billiard_alpha1_007,CALIBRATION,cue_scattering_angle_degrees,degree,26.83154074176867,,67.507102,-40.67556125823133,67.39764604531503,67.61655795468498,0.0,0.044504,0.1,0.1094559546849782,1.0,0.0,0.0,42.70261038029481,58.02771827130515,Fig. 6 experimental markers,CONVERTED,MODEL_MISMATCH_KNOWN,physics_models/calibration/phase3_v2_apparatus/traces/domenech_2023_ball_collision__billiard_alpha1_007_v2.json,sha256:95a387424bf50294312ca001520fa9a9951cf7d4507ed918fac8103571be3b0f,python3 -m tools.physics_validation.reference_run --executable build/check/Billiards --package tests/physics_validation/reference_data/domenech_2023_ball_collision --output physics_models/calibration/phase3_v2_apparatus/replay/domenech_2023_ball_collision --case billiard_alpha1_007,"{""digitization"": ""sha256:90c5bc0267c8b41d130510492a6f897d0418bc92b2762414f53b13e9c2afa458"", ""expected_model_mismatches"": ""sha256:c76e426de65f7105dfa9f166c1e53fb72bca0139e3d4bb37d2f7d9d6513a285d"", ""expected_reference_limitations"": ""sha256:f94ccb717e1244c117b9878633aedb911f011b80a516735235a0b359db353867"", ""extraction"": ""sha256:30a0a477a51b02d917273ae086742f4c3f97e12204543220c2711e8eb2b68ab8"", ""normalized"": ""sha256:d04396a53ab1010429fc67405e63bd92759fec7abc0ad1a86e9b395736f1a5ec"", ""raw_extracted"": ""sha256:fd26a8d030d12feee2f0829d1b005af7af523966d568c09d977b106b79a9d74d"", ""scenario_template"": ""sha256:d26935b5efaff34030564d113380adfca7b1b9f8aa56f65580ca70b33503a6a7"", ""split"": ""sha256:4ba90e5d4f009790a3f649bfacda6a6193d3785c25a5c9febde5ae4120912505""}",,
domenech_2023_ball_collision,1.0.0,billiard_alpha1,billiard_alpha1_low,,,,billiard_alpha1_008,domenech_2023_ball_collision__billiard_alpha1_008_v2,billiard_alpha1_008,CALIBRATION,cue_scattering_angle_degrees,degree,26.835966639233916,,70.45535,-43.61938336076608,70.33583993613925,70.57486006386074,0.0,0.065442,0.1,0.11951006386074774,1.0,0.0,0.0,42.70261038029481,58.02771827130515,Fig. 6 experimental markers,CONVERTED,MODEL_MISMATCH_KNOWN,physics_models/calibration/phase3_v2_apparatus/traces/domenech_2023_ball_collision__billiard_alpha1_008_v2.json,sha256:95a387424bf50294312ca001520fa9a9951cf7d4507ed918fac8103571be3b0f,python3 -m tools.physics_validation.reference_run --executable build/check/Billiards --package tests/physics_validation/reference_data/domenech_2023_ball_collision --output physics_models/calibration/phase3_v2_apparatus/replay/domenech_2023_ball_collision --case billiard_alpha1_008,"{""digitization"": ""sha256:90c5bc0267c8b41d130510492a6f897d0418bc92b2762414f53b13e9c2afa458"", ""expected_model_mismatches"": ""sha256:c76e426de65f7105dfa9f166c1e53fb72bca0139e3d4bb37d2f7d9d6513a285d"", ""expected_reference_limitations"": ""sha256:f94ccb717e1244c117b9878633aedb911f011b80a516735235a0b359db353867"", ""extraction"": ""sha256:30a0a477a51b02d917273ae086742f4c3f97e12204543220c2711e8eb2b68ab8"", ""normalized"": ""sha256:d04396a53ab1010429fc67405e63bd92759fec7abc0ad1a86e9b395736f1a5ec"", ""raw_extracted"": ""sha256:fd26a8d030d12feee2f0829d1b005af7af523966d568c09d977b106b79a9d74d"", ""scenario_template"": ""sha256:d26935b5efaff34030564d113380adfca7b1b9f8aa56f65580ca70b33503a6a7"", ""split"": ""sha256:4ba90e5d4f009790a3f649bfacda6a6193d3785c25a5c9febde5ae4120912505""}",,
domenech_2023_ball_collision,1.0.0,billiard_alpha1,billiard_alpha1_low,,,,billiard_alpha1_009,domenech_2023_ball_collision__billiard_alpha1_009_v2,billiard_alpha1_009,CALIBRATION,cue_scattering_angle_degrees,degree,28.170151870310843,,68.799862,-40.62971012968916,68.69939033147598,68.90033366852403,0.0,0.009724,0.1,0.10047166852401727,1.0,0.0,0.0,42.70261038029481,58.02771827130515,Fig. 6 experimental markers,CONVERTED,MODEL_MISMATCH_KNOWN,physics_models/calibration/phase3_v2_apparatus/traces/domenech_2023_ball_collision__billiard_alpha1_009_v2.json,sha256:95a387424bf50294312ca001520fa9a9951cf7d4507ed918fac8103571be3b0f,python3 -m tools.physics_validation.reference_run --executable build/check/Billiards --package tests/physics_validation/reference_data/domenech_2023_ball_collision --output physics_models/calibration/phase3_v2_apparatus/replay/domenech_2023_ball_collision --case billiard_alpha1_009,"{""digitization"": ""sha256:90c5bc0267c8b41d130510492a6f897d0418bc92b2762414f53b13e9c2afa458"", ""expected_model_mismatches"": ""sha256:c76e426de65f7105dfa9f166c1e53fb72bca0139e3d4bb37d2f7d9d6513a285d"", ""expected_reference_limitations"": ""sha256:f94ccb717e1244c117b9878633aedb911f011b80a516735235a0b359db353867"", ""extraction"": ""sha256:30a0a477a51b02d917273ae086742f4c3f97e12204543220c2711e8eb2b68ab8"", ""normalized"": ""sha256:d04396a53ab1010429fc67405e63bd92759fec7abc0ad1a86e9b395736f1a5ec"", ""raw_extracted"": ""sha256:fd26a8d030d12feee2f0829d1b005af7af523966d568c09d977b106b79a9d74d"", ""scenario_template"": ""sha256:d26935b5efaff34030564d113380adfca7b1b9f8aa56f65580ca70b33503a6a7"", ""split"": ""sha256:4ba90e5d4f009790a3f649bfacda6a6193d3785c25a5c9febde5ae4120912505""}",,
domenech_2023_ball_collision,1.0.0,billiard_alpha1,billiard_alpha1_low,,,,billiard_alpha1_010,domenech_2023_ball_collision__billiard_alpha1_010_v2,billiard_alpha1_010,CALIBRATION,cue_scattering_angle_degrees,degree,29.158487235412547,,63.842467,-34.68397976458745,63.742258688149136,63.94267531185086,0.0,0.006458,0.1,0.10020831185086396,1.0,0.0,0.0,42.70261038029481,58.02771827130515,Fig. 6 experimental markers,CONVERTED,MODEL_MISMATCH_KNOWN,physics_models/calibration/phase3_v2_apparatus/traces/domenech_2023_ball_collision__billiard_alpha1_010_v2.json,sha256:95a387424bf50294312ca001520fa9a9951cf7d4507ed918fac8103571be3b0f,python3 -m tools.physics_validation.reference_run --executable build/check/Billiards --package tests/physics_validation/reference_data/domenech_2023_ball_collision --output physics_models/calibration/phase3_v2_apparatus/replay/domenech_2023_ball_collision --case billiard_alpha1_010,"{""digitization"": ""sha256:90c5bc0267c8b41d130510492a6f897d0418bc92b2762414f53b13e9c2afa458"", ""expected_model_mismatches"": ""sha256:c76e426de65f7105dfa9f166c1e53fb72bca0139e3d4bb37d2f7d9d6513a285d"", ""expected_reference_limitations"": ""sha256:f94ccb717e1244c117b9878633aedb911f011b80a516735235a0b359db353867"", ""extraction"": ""sha256:30a0a477a51b02d917273ae086742f4c3f97e12204543220c2711e8eb2b68ab8"", ""normalized"": ""sha256:d04396a53ab1010429fc67405e63bd92759fec7abc0ad1a86e9b395736f1a5ec"", ""raw_extracted"": ""sha256:fd26a8d030d12feee2f0829d1b005af7af523966d568c09d977b106b79a9d74d"", ""scenario_template"": ""sha256:d26935b5efaff34030564d113380adfca7b1b9f8aa56f65580ca70b33503a6a7"", ""split"": ""sha256:4ba90e5d4f009790a3f649bfacda6a6193d3785c25a5c9febde5ae4120912505""}",,
domenech_2023_ball_collision,1.0.0,billiard_alpha1,billiard_alpha1_low,,,,billiard_alpha1_011,domenech_2023_ball_collision__billiard_alpha1_011_v2,billiard_alpha1_011,CALIBRATION,cue_scattering_angle_degrees,degree,29.911626779866168,,66.326035,-36.414408220133836,66.22519849628111,66.4268715037189,0.0,0.0129615,0.1,0.10083650371889141,1.0,0.0,0.0,42.70261038029481,58.02771827130515,Fig. 6 experimental markers,CONVERTED,MODEL_MISMATCH_KNOWN,physics_models/calibration/phase3_v2_apparatus/traces/domenech_2023_ball_collision__billiard_alpha1_011_v2.json,sha256:95a387424bf50294312ca001520fa9a9951cf7d4507ed918fac8103571be3b0f,python3 -m tools.physics_validation.reference_run --executable build/check/Billiards --package tests/physics_validation/reference_data/domenech_2023_ball_collision --output physics_models/calibration/phase3_v2_apparatus/replay/domenech_2023_ball_collision --case billiard_alpha1_011,"{""digitization"": ""sha256:90c5bc0267c8b41d130510492a6f897d0418bc92b2762414f53b13e9c2afa458"", ""expected_model_mismatches"": ""sha256:c76e426de65f7105dfa9f166c1e53fb72bca0139e3d4bb37d2f7d9d6513a285d"", ""expected_reference_limitations"": ""sha256:f94ccb717e1244c117b9878633aedb911f011b80a516735235a0b359db353867"", ""extraction"": ""sha256:30a0a477a51b02d917273ae086742f4c3f97e12204543220c2711e8eb2b68ab8"", ""normalized"": ""sha256:d04396a53ab1010429fc67405e63bd92759fec7abc0ad1a86e9b395736f1a5ec"", ""raw_extracted"": ""sha256:fd26a8d030d12feee2f0829d1b005af7af523966d568c09d977b106b79a9d74d"", ""scenario_template"": ""sha256:d26935b5efaff34030564d113380adfca7b1b9f8aa56f65580ca70b33503a6a7"", ""split"": ""sha256:4ba90e5d4f009790a3f649bfacda6a6193d3785c25a5c9febde5ae4120912505""}",,
domenech_2023_ball_collision,1.0.0,billiard_alpha1,billiard_alpha1_low,,,,billiard_alpha1_012,domenech_2023_ball_collision__billiard_alpha1_012_v2,billiard_alpha1_012,CALIBRATION,cue_scattering_angle_degrees,degree,30.13709340352801,,62.888957,-32.75186359647199,62.67577816343079,63.102135836569204,0.0,0.188269,0.1,0.21317883656920542,1.0,0.0,0.0,42.70261038029481,58.02771827130515,Fig. 6 experimental markers,CONVERTED,MODEL_MISMATCH_KNOWN,physics_models/calibration/phase3_v2_apparatus/traces/domenech_2023_ball_collision__billiard_alpha1_012_v2.json,sha256:95a387424bf50294312ca001520fa9a9951cf7d4507ed918fac8103571be3b0f,python3 -m tools.physics_validation.reference_run --executable build/check/Billiards --package tests/physics_validation/reference_data/domenech_2023_ball_collision --output physics_models/calibration/phase3_v2_apparatus/replay/domenech_2023_ball_collision --case billiard_alpha1_012,"{""digitization"": ""sha256:90c5bc0267c8b41d130510492a6f897d0418bc92b2762414f53b13e9c2afa458"", ""expected_model_mismatches"": ""sha256:c76e426de65f7105dfa9f166c1e53fb72bca0139e3d4bb37d2f7d9d6513a285d"", ""expected_reference_limitations"": ""sha256:f94ccb717e1244c117b9878633aedb911f011b80a516735235a0b359db353867"", ""extraction"": ""sha256:30a0a477a51b02d917273ae086742f4c3f97e12204543220c2711e8eb2b68ab8"", ""normalized"": ""sha256:d04396a53ab1010429fc67405e63bd92759fec7abc0ad1a86e9b395736f1a5ec"", ""raw_extracted"": ""sha256:fd26a8d030d12feee2f0829d1b005af7af523966d568c09d977b106b79a9d74d"", ""scenario_template"": ""sha256:d26935b5efaff34030564d113380adfca7b1b9f8aa56f65580ca70b33503a6a7"", ""split"": ""sha256:4ba90e5d4f009790a3f649bfacda6a6193d3785c25a5c9febde5ae4120912505""}",,
domenech_2023_ball_collision,1.0.0,billiard_alpha1,billiard_alpha1_low,,,,billiard_alpha1_013,domenech_2023_ball_collision__billiard_alpha1_013_v2,billiard_alpha1_013,CALIBRATION,cue_scattering_angle_degrees,degree,30.4225739698708,,61.301467,-30.878893030129202,61.186125244837356,61.41680875516265,0.0,0.057478,0.1,0.11534175516264698,1.0,0.0,0.0,42.70261038029481,58.02771827130515,Fig. 6 experimental markers,CONVERTED,MODEL_MISMATCH_KNOWN,physics_models/calibration/phase3_v2_apparatus/traces/domenech_2023_ball_collision__billiard_alpha1_013_v2.json,sha256:95a387424bf50294312ca001520fa9a9951cf7d4507ed918fac8103571be3b0f,python3 -m tools.physics_validation.reference_run --executable build/check/Billiards --package tests/physics_validation/reference_data/domenech_2023_ball_collision --output physics_models/calibration/phase3_v2_apparatus/replay/domenech_2023_ball_collision --case billiard_alpha1_013,"{""digitization"": ""sha256:90c5bc0267c8b41d130510492a6f897d0418bc92b2762414f53b13e9c2afa458"", ""expected_model_mismatches"": ""sha256:c76e426de65f7105dfa9f166c1e53fb72bca0139e3d4bb37d2f7d9d6513a285d"", ""expected_reference_limitations"": ""sha256:f94ccb717e1244c117b9878633aedb911f011b80a516735235a0b359db353867"", ""extraction"": ""sha256:30a0a477a51b02d917273ae086742f4c3f97e12204543220c2711e8eb2b68ab8"", ""normalized"": ""sha256:d04396a53ab1010429fc67405e63bd92759fec7abc0ad1a86e9b395736f1a5ec"", ""raw_extracted"": ""sha256:fd26a8d030d12feee2f0829d1b005af7af523966d568c09d977b106b79a9d74d"", ""scenario_template"": ""sha256:d26935b5efaff34030564d113380adfca7b1b9f8aa56f65580ca70b33503a6a7"", ""split"": ""sha256:4ba90e5d4f009790a3f649bfacda6a6193d3785c25a5c9febde5ae4120912505""}",,
domenech_2023_ball_collision,1.0.0,billiard_alpha1,billiard_alpha1_low,,,,billiard_alpha1_014,domenech_2023_ball_collision__billiard_alpha1_014_v2,billiard_alpha1_014,CALIBRATION,cue_scattering_angle_degrees,degree,30.762152704302135,,62.890535,-32.12838229569786,62.67596127511972,63.10510872488028,0.0,0.189847,0.1,0.21457372488028445,1.0,0.0,0.0,42.70261038029481,58.02771827130515,Fig. 6 experimental markers,CONVERTED,MODEL_MISMATCH_KNOWN,physics_models/calibration/phase3_v2_apparatus/traces/domenech_2023_ball_collision__billiard_alpha1_014_v2.json,sha256:95a387424bf50294312ca001520fa9a9951cf7d4507ed918fac8103571be3b0f,python3 -m tools.physics_validation.reference_run --executable build/check/Billiards --package tests/physics_validation/reference_data/domenech_2023_ball_collision --output physics_models/calibration/phase3_v2_apparatus/replay/domenech_2023_ball_collision --case billiard_alpha1_014,"{""digitization"": ""sha256:90c5bc0267c8b41d130510492a6f897d0418bc92b2762414f53b13e9c2afa458"", ""expected_model_mismatches"": ""sha256:c76e426de65f7105dfa9f166c1e53fb72bca0139e3d4bb37d2f7d9d6513a285d"", ""expected_reference_limitations"": ""sha256:f94ccb717e1244c117b9878633aedb911f011b80a516735235a0b359db353867"", ""extraction"": ""sha256:30a0a477a51b02d917273ae086742f4c3f97e12204543220c2711e8eb2b68ab8"", ""normalized"": ""sha256:d04396a53ab1010429fc67405e63bd92759fec7abc0ad1a86e9b395736f1a5ec"", ""raw_extracted"": ""sha256:fd26a8d030d12feee2f0829d1b005af7af523966d568c09d977b106b79a9d74d"", ""scenario_template"": ""sha256:d26935b5efaff34030564d113380adfca7b1b9f8aa56f65580ca70b33503a6a7"", ""split"": ""sha256:4ba90e5d4f009790a3f649bfacda6a6193d3785c25a5c9febde5ae4120912505""}",,
domenech_2023_ball_collision,1.0.0,billiard_alpha1,billiard_alpha1_low,,,,billiard_alpha1_015,domenech_2023_ball_collision__billiard_alpha1_015_v2,billiard_alpha1_015,CALIBRATION,cue_scattering_angle_degrees,degree,30.906293579931855,,61.358945,-30.452651420068143,61.258945,61.458945,0.0,0.0,0.1,0.1,1.0,0.0,0.0,42.70261038029481,58.02771827130515,Fig. 6 experimental markers,CONVERTED,MODEL_MISMATCH_KNOWN,physics_models/calibration/phase3_v2_apparatus/traces/domenech_2023_ball_collision__billiard_alpha1_015_v2.json,sha256:95a387424bf50294312ca001520fa9a9951cf7d4507ed918fac8103571be3b0f,python3 -m tools.physics_validation.reference_run --executable build/check/Billiards --package tests/physics_validation/reference_data/domenech_2023_ball_collision --output physics_models/calibration/phase3_v2_apparatus/replay/domenech_2023_ball_collision --case billiard_alpha1_015,"{""digitization"": ""sha256:90c5bc0267c8b41d130510492a6f897d0418bc92b2762414f53b13e9c2afa458"", ""expected_model_mismatches"": ""sha256:c76e426de65f7105dfa9f166c1e53fb72bca0139e3d4bb37d2f7d9d6513a285d"", ""expected_reference_limitations"": ""sha256:f94ccb717e1244c117b9878633aedb911f011b80a516735235a0b359db353867"", ""extraction"": ""sha256:30a0a477a51b02d917273ae086742f4c3f97e12204543220c2711e8eb2b68ab8"", ""normalized"": ""sha256:d04396a53ab1010429fc67405e63bd92759fec7abc0ad1a86e9b395736f1a5ec"", ""raw_extracted"": ""sha256:fd26a8d030d12feee2f0829d1b005af7af523966d568c09d977b106b79a9d74d"", ""scenario_template"": ""sha256:d26935b5efaff34030564d113380adfca7b1b9f8aa56f65580ca70b33503a6a7"", ""split"": ""sha256:4ba90e5d4f009790a3f649bfacda6a6193d3785c25a5c9febde5ae4120912505""}",,
domenech_2023_ball_collision,1.0.0,billiard_alpha1,billiard_alpha1_low,,,,billiard_alpha1_016,domenech_2023_ball_collision__billiard_alpha1_016_v2,billiard_alpha1_016,CALIBRATION,cue_scattering_angle_degrees,degree,31.002972068077593,,60.268196,-29.26522393192241,60.129451228904834,60.40694077109517,0.0,0.0961775,0.1,0.13874477109516598,1.0,0.0,0.0,42.70261038029481,58.02771827130515,Fig. 6 experimental markers,CONVERTED,MODEL_MISMATCH_KNOWN,physics_models/calibration/phase3_v2_apparatus/traces/domenech_2023_ball_collision__billiard_alpha1_016_v2.json,sha256:95a387424bf50294312ca001520fa9a9951cf7d4507ed918fac8103571be3b0f,python3 -m tools.physics_validation.reference_run --executable build/check/Billiards --package tests/physics_validation/reference_data/domenech_2023_ball_collision --output physics_models/calibration/phase3_v2_apparatus/replay/domenech_2023_ball_collision --case billiard_alpha1_016,"{""digitization"": ""sha256:90c5bc0267c8b41d130510492a6f897d0418bc92b2762414f53b13e9c2afa458"", ""expected_model_mismatches"": ""sha256:c76e426de65f7105dfa9f166c1e53fb72bca0139e3d4bb37d2f7d9d6513a285d"", ""expected_reference_limitations"": ""sha256:f94ccb717e1244c117b9878633aedb911f011b80a516735235a0b359db353867"", ""extraction"": ""sha256:30a0a477a51b02d917273ae086742f4c3f97e12204543220c2711e8eb2b68ab8"", ""normalized"": ""sha256:d04396a53ab1010429fc67405e63bd92759fec7abc0ad1a86e9b395736f1a5ec"", ""raw_extracted"": ""sha256:fd26a8d030d12feee2f0829d1b005af7af523966d568c09d977b106b79a9d74d"", ""scenario_template"": ""sha256:d26935b5efaff34030564d113380adfca7b1b9f8aa56f65580ca70b33503a6a7"", ""split"": ""sha256:4ba90e5d4f009790a3f649bfacda6a6193d3785c25a5c9febde5ae4120912505""}",,
domenech_2023_ball_collision,1.0.0,billiard_delta2,billiard_delta2_low,,,,billiard_delta2_001,domenech_2023_ball_collision__billiard_delta2_001_v2,billiard_delta2_001,CALIBRATION,separation_angle_degrees,degree,22.94983687853105,,0.990626,21.95921087853105,0.8905519726390009,1.0907000273609992,0.0,0.0038485,0.1,0.10007402736099913,1.0,0.0,0.0,45.817562821944115,58.01924803541069,Fig. 5 experimental markers,CONVERTED,MODEL_MISMATCH_KNOWN,physics_models/calibration/phase3_v2_apparatus/traces/domenech_2023_ball_collision__billiard_delta2_001_v2.json,sha256:95a387424bf50294312ca001520fa9a9951cf7d4507ed918fac8103571be3b0f,python3 -m tools.physics_validation.reference_run --executable build/check/Billiards --package tests/physics_validation/reference_data/domenech_2023_ball_collision --output physics_models/calibration/phase3_v2_apparatus/replay/domenech_2023_ball_collision --case billiard_delta2_001,"{""digitization"": ""sha256:90c5bc0267c8b41d130510492a6f897d0418bc92b2762414f53b13e9c2afa458"", ""expected_model_mismatches"": ""sha256:c76e426de65f7105dfa9f166c1e53fb72bca0139e3d4bb37d2f7d9d6513a285d"", ""expected_reference_limitations"": ""sha256:f94ccb717e1244c117b9878633aedb911f011b80a516735235a0b359db353867"", ""extraction"": ""sha256:30a0a477a51b02d917273ae086742f4c3f97e12204543220c2711e8eb2b68ab8"", ""normalized"": ""sha256:d04396a53ab1010429fc67405e63bd92759fec7abc0ad1a86e9b395736f1a5ec"", ""raw_extracted"": ""sha256:fd26a8d030d12feee2f0829d1b005af7af523966d568c09d977b106b79a9d74d"", ""scenario_template"": ""sha256:d26935b5efaff34030564d113380adfca7b1b9f8aa56f65580ca70b33503a6a7"", ""split"": ""sha256:4ba90e5d4f009790a3f649bfacda6a6193d3785c25a5c9febde5ae4120912505""}",,
domenech_2023_ball_collision,1.0.0,billiard_delta2,billiard_delta2_low,,,,billiard_delta2_002,domenech_2023_ball_collision__billiard_delta2_002_v2,billiard_delta2_002,CALIBRATION,separation_angle_degrees,degree,28.2323082176827,,0.945214,27.2870942176827,0.8428999747199828,1.0475280252800172,0.0,0.021637,0.1,0.10231402528001722,1.0,0.0,0.0,45.817562821944115,58.01924803541069,Fig. 5 experimental markers,CONVERTED,MODEL_MISMATCH_KNOWN,physics_models/calibration/phase3_v2_apparatus/traces/domenech_2023_ball_collision__billiard_delta2_002_v2.json,sha256:95a387424bf50294312ca001520fa9a9951cf7d4507ed918fac8103571be3b0f,python3 -m tools.physics_validation.reference_run --executable build/check/Billiards --package tests/physics_validation/reference_data/domenech_2023_ball_collision --output physics_models/calibration/phase3_v2_apparatus/replay/domenech_2023_ball_collision --case billiard_delta2_002,"{""digitization"": ""sha256:90c5bc0267c8b41d130510492a6f897d0418bc92b2762414f53b13e9c2afa458"", ""expected_model_mismatches"": ""sha256:c76e426de65f7105dfa9f166c1e53fb72bca0139e3d4bb37d2f7d9d6513a285d"", ""expected_reference_limitations"": ""sha256:f94ccb717e1244c117b9878633aedb911f011b80a516735235a0b359db353867"", ""extraction"": ""sha256:30a0a477a51b02d917273ae086742f4c3f97e12204543220c2711e8eb2b68ab8"", ""normalized"": ""sha256:d04396a53ab1010429fc67405e63bd92759fec7abc0ad1a86e9b395736f1a5ec"", ""raw_extracted"": ""sha256:fd26a8d030d12feee2f0829d1b005af7af523966d568c09d977b106b79a9d74d"", ""scenario_template"": ""sha256:d26935b5efaff34030564d113380adfca7b1b9f8aa56f65580ca70b33503a6a7"", ""split"": ""sha256:4ba90e5d4f009790a3f649bfacda6a6193d3785c25a5c9febde5ae4120912505""}",,
domenech_2023_ball_collision,1.0.0,billiard_delta2,billiard_delta2_low,,,,billiard_delta2_003,domenech_2023_ball_collision__billiard_delta2_003_v2,billiard_delta2_003,CALIBRATION,separation_angle_degrees,degree,30.318825766293312,,1.697166,28.621659766293313,1.5964385907597638,1.797893409240236,0.0,0.0120835,0.1,0.1007274092402361,1.0,0.0,0.0,45.817562821944115,58.01924803541069,Fig. 5 experimental markers,CONVERTED,MODEL_MISMATCH_KNOWN,physics_models/calibration/phase3_v2_apparatus/traces/domenech_2023_ball_collision__billiard_delta2_003_v2.json,sha256:95a387424bf50294312ca001520fa9a9951cf7d4507ed918fac8103571be3b0f,python3 -m tools.physics_validation.reference_run --executable build/check/Billiards --package tests/physics_validation/reference_data/domenech_2023_ball_collision --output physics_models/calibration/phase3_v2_apparatus/replay/domenech_2023_ball_collision --case billiard_delta2_003,"{""digitization"": ""sha256:90c5bc0267c8b41d130510492a6f897d0418bc92b2762414f53b13e9c2afa458"", ""expected_model_mismatches"": ""sha256:c76e426de65f7105dfa9f166c1e53fb72bca0139e3d4bb37d2f7d9d6513a285d"", ""expected_reference_limitations"": ""sha256:f94ccb717e1244c117b9878633aedb911f011b80a516735235a0b359db353867"", ""extraction"": ""sha256:30a0a477a51b02d917273ae086742f4c3f97e12204543220c2711e8eb2b68ab8"", ""normalized"": ""sha256:d04396a53ab1010429fc67405e63bd92759fec7abc0ad1a86e9b395736f1a5ec"", ""raw_extracted"": ""sha256:fd26a8d030d12feee2f0829d1b005af7af523966d568c09d977b106b79a9d74d"", ""scenario_template"": ""sha256:d26935b5efaff34030564d113380adfca7b1b9f8aa56f65580ca70b33503a6a7"", ""split"": ""sha256:4ba90e5d4f009790a3f649bfacda6a6193d3785c25a5c9febde5ae4120912505""}",,
domenech_2023_ball_collision,1.0.0,billiard_delta2,billiard_delta2_low,,,,billiard_delta2_004,domenech_2023_ball_collision__billiard_delta2_004_v2,billiard_delta2_004,CALIBRATION,separation_angle_degrees,degree,34.50827441132188,,1.341788,33.16648641132188,1.2405442148030803,1.4430317851969197,0.0,0.015821,0.1,0.10124378519691962,1.0,0.0,0.0,45.817562821944115,58.01924803541069,Fig. 5 experimental markers,CONVERTED,MODEL_MISMATCH_KNOWN,physics_models/calibration/phase3_v2_apparatus/traces/domenech_2023_ball_collision__billiard_delta2_004_v2.json,sha256:95a387424bf50294312ca001520fa9a9951cf7d4507ed918fac8103571be3b0f,python3 -m tools.physics_validation.reference_run --executable build/check/Billiards --package tests/physics_validation/reference_data/domenech_2023_ball_collision --output physics_models/calibration/phase3_v2_apparatus/replay/domenech_2023_ball_collision --case billiard_delta2_004,"{""digitization"": ""sha256:90c5bc0267c8b41d130510492a6f897d0418bc92b2762414f53b13e9c2afa458"", ""expected_model_mismatches"": ""sha256:c76e426de65f7105dfa9f166c1e53fb72bca0139e3d4bb37d2f7d9d6513a285d"", ""expected_reference_limitations"": ""sha256:f94ccb717e1244c117b9878633aedb911f011b80a516735235a0b359db353867"", ""extraction"": ""sha256:30a0a477a51b02d917273ae086742f4c3f97e12204543220c2711e8eb2b68ab8"", ""normalized"": ""sha256:d04396a53ab1010429fc67405e63bd92759fec7abc0ad1a86e9b395736f1a5ec"", ""raw_extracted"": ""sha256:fd26a8d030d12feee2f0829d1b005af7af523966d568c09d977b106b79a9d74d"", ""scenario_template"": ""sha256:d26935b5efaff34030564d113380adfca7b1b9f8aa56f65580ca70b33503a6a7"", ""split"": ""sha256:4ba90e5d4f009790a3f649bfacda6a6193d3785c25a5c9febde5ae4120912505""}",,
domenech_2023_ball_collision,1.0.0,billiard_delta2,billiard_delta2_low,,,,billiard_delta2_005,domenech_2023_ball_collision__billiard_delta2_005_v2,billiard_delta2_005,CALIBRATION,separation_angle_degrees,degree,38.52758756594882,,0.991,37.53658756594882,0.8909396400915927,1.0910603599084072,0.0,0.003475,0.1,0.1000603599084073,1.0,0.0,0.0,45.817562821944115,58.01924803541069,Fig. 5 experimental markers,CONVERTED,MODEL_MISMATCH_KNOWN,physics_models/calibration/phase3_v2_apparatus/traces/domenech_2023_ball_collision__billiard_delta2_005_v2.json,sha256:95a387424bf50294312ca001520fa9a9951cf7d4507ed918fac8103571be3b0f,python3 -m tools.physics_validation.reference_run --executable build/check/Billiards --package tests/physics_validation/reference_data/domenech_2023_ball_collision --output physics_models/calibration/phase3_v2_apparatus/replay/domenech_2023_ball_collision --case billiard_delta2_005,"{""digitization"": ""sha256:90c5bc0267c8b41d130510492a6f897d0418bc92b2762414f53b13e9c2afa458"", ""expected_model_mismatches"": ""sha256:c76e426de65f7105dfa9f166c1e53fb72bca0139e3d4bb37d2f7d9d6513a285d"", ""expected_reference_limitations"": ""sha256:f94ccb717e1244c117b9878633aedb911f011b80a516735235a0b359db353867"", ""extraction"": ""sha256:30a0a477a51b02d917273ae086742f4c3f97e12204543220c2711e8eb2b68ab8"", ""normalized"": ""sha256:d04396a53ab1010429fc67405e63bd92759fec7abc0ad1a86e9b395736f1a5ec"", ""raw_extracted"": ""sha256:fd26a8d030d12feee2f0829d1b005af7af523966d568c09d977b106b79a9d74d"", ""scenario_template"": ""sha256:d26935b5efaff34030564d113380adfca7b1b9f8aa56f65580ca70b33503a6a7"", ""split"": ""sha256:4ba90e5d4f009790a3f649bfacda6a6193d3785c25a5c9febde5ae4120912505""}",,
domenech_2023_ball_collision,1.0.0,billiard_delta2,billiard_delta2_low,,,,billiard_delta2_006,domenech_2023_ball_collision__billiard_delta2_006_v2,billiard_delta2_006,CALIBRATION,separation_angle_degrees,degree,39.837608532113634,,2.017206,37.82040253211363,1.917204009214816,2.1172079907851837,0.0,0.000631,0.1,0.10000199078518389,1.0,0.0,0.0,45.817562821944115,58.01924803541069,Fig. 5 experimental markers,CONVERTED,MODEL_MISMATCH_KNOWN,physics_models/calibration/phase3_v2_apparatus/traces/domenech_2023_ball_collision__billiard_delta2_006_v2.json,sha256:95a387424bf50294312ca001520fa9a9951cf7d4507ed918fac8103571be3b0f,python3 -m tools.physics_validation.reference_run --executable build/check/Billiards --package tests/physics_validation/reference_data/domenech_2023_ball_collision --output physics_models/calibration/phase3_v2_apparatus/replay/domenech_2023_ball_collision --case billiard_delta2_006,"{""digitization"": ""sha256:90c5bc0267c8b41d130510492a6f897d0418bc92b2762414f53b13e9c2afa458"", ""expected_model_mismatches"": ""sha256:c76e426de65f7105dfa9f166c1e53fb72bca0139e3d4bb37d2f7d9d6513a285d"", ""expected_reference_limitations"": ""sha256:f94ccb717e1244c117b9878633aedb911f011b80a516735235a0b359db353867"", ""extraction"": ""sha256:30a0a477a51b02d917273ae086742f4c3f97e12204543220c2711e8eb2b68ab8"", ""normalized"": ""sha256:d04396a53ab1010429fc67405e63bd92759fec7abc0ad1a86e9b395736f1a5ec"", ""raw_extracted"": ""sha256:fd26a8d030d12feee2f0829d1b005af7af523966d568c09d977b106b79a9d74d"", ""scenario_template"": ""sha256:d26935b5efaff34030564d113380adfca7b1b9f8aa56f65580ca70b33503a6a7"", ""split"": ""sha256:4ba90e5d4f009790a3f649bfacda6a6193d3785c25a5c9febde5ae4120912505""}",,
domenech_2023_ball_collision,1.0.0,billiard_delta2,billiard_delta2_low,,,,billiard_delta2_007,domenech_2023_ball_collision__billiard_delta2_007_v2,billiard_delta2_007,CALIBRATION,separation_angle_degrees,degree,43.334212660423916,,1.93753,41.39668266042391,1.8250846133438547,2.049975386656145,0.0,0.0514195,0.1,0.11244538665614522,1.0,0.0,0.0,45.817562821944115,58.01924803541069,Fig. 5 experimental markers,CONVERTED,MODEL_MISMATCH_KNOWN,physics_models/calibration/phase3_v2_apparatus/traces/domenech_2023_ball_collision__billiard_delta2_007_v2.json,sha256:95a387424bf50294312ca001520fa9a9951cf7d4507ed918fac8103571be3b0f,python3 -m tools.physics_validation.reference_run --executable build/check/Billiards --package tests/physics_validation/reference_data/domenech_2023_ball_collision --output physics_models/calibration/phase3_v2_apparatus/replay/domenech_2023_ball_collision --case billiard_delta2_007,"{""digitization"": ""sha256:90c5bc0267c8b41d130510492a6f897d0418bc92b2762414f53b13e9c2afa458"", ""expected_model_mismatches"": ""sha256:c76e426de65f7105dfa9f166c1e53fb72bca0139e3d4bb37d2f7d9d6513a285d"", ""expected_reference_limitations"": ""sha256:f94ccb717e1244c117b9878633aedb911f011b80a516735235a0b359db353867"", ""extraction"": ""sha256:30a0a477a51b02d917273ae086742f4c3f97e12204543220c2711e8eb2b68ab8"", ""normalized"": ""sha256:d04396a53ab1010429fc67405e63bd92759fec7abc0ad1a86e9b395736f1a5ec"", ""raw_extracted"": ""sha256:fd26a8d030d12feee2f0829d1b005af7af523966d568c09d977b106b79a9d74d"", ""scenario_template"": ""sha256:d26935b5efaff34030564d113380adfca7b1b9f8aa56f65580ca70b33503a6a7"", ""split"": ""sha256:4ba90e5d4f009790a3f649bfacda6a6193d3785c25a5c9febde5ae4120912505""}",,
domenech_2023_ball_collision,1.0.0,billiard_delta2,billiard_delta2_low,,,,billiard_delta2_008,domenech_2023_ball_collision__billiard_delta2_008_v2,billiard_delta2_008,CALIBRATION,separation_angle_degrees,degree,45.33310858563185,,2.364035,42.96907358563185,2.2640117502415062,2.4640582497584935,0.0,0.0021565,0.1,0.10002324975849365,1.0,0.0,0.0,45.817562821944115,58.01924803541069,Fig. 5 experimental markers,CONVERTED,MODEL_MISMATCH_KNOWN,physics_models/calibration/phase3_v2_apparatus/traces/domenech_2023_ball_collision__billiard_delta2_008_v2.json,sha256:95a387424bf50294312ca001520fa9a9951cf7d4507ed918fac8103571be3b0f,python3 -m tools.physics_validation.reference_run --executable build/check/Billiards --package tests/physics_validation/reference_data/domenech_2023_ball_collision --output physics_models/calibration/phase3_v2_apparatus/replay/domenech_2023_ball_collision --case billiard_delta2_008,"{""digitization"": ""sha256:90c5bc0267c8b41d130510492a6f897d0418bc92b2762414f53b13e9c2afa458"", ""expected_model_mismatches"": ""sha256:c76e426de65f7105dfa9f166c1e53fb72bca0139e3d4bb37d2f7d9d6513a285d"", ""expected_reference_limitations"": ""sha256:f94ccb717e1244c117b9878633aedb911f011b80a516735235a0b359db353867"", ""extraction"": ""sha256:30a0a477a51b02d917273ae086742f4c3f97e12204543220c2711e8eb2b68ab8"", ""normalized"": ""sha256:d04396a53ab1010429fc67405e63bd92759fec7abc0ad1a86e9b395736f1a5ec"", ""raw_extracted"": ""sha256:fd26a8d030d12feee2f0829d1b005af7af523966d568c09d977b106b79a9d74d"", ""scenario_template"": ""sha256:d26935b5efaff34030564d113380adfca7b1b9f8aa56f65580ca70b33503a6a7"", ""split"": ""sha256:4ba90e5d4f009790a3f649bfacda6a6193d3785c25a5c9febde5ae4120912505""}",,
domenech_2023_ball_collision,1.0.0,billiard_delta2,billiard_delta2_low,,,,billiard_delta2_009,domenech_2023_ball_collision__billiard_delta2_009_v2,billiard_delta2_009,CALIBRATION,separation_angle_degrees,degree,48.26153779586782,,1.681394,46.58014379586782,1.5813259795289225,1.7814620204710776,0.0,0.003689,0.1,0.10006802047107757,1.0,0.0,0.0,45.817562821944115,58.01924803541069,Fig. 5 experimental markers,CONVERTED,MODEL_MISMATCH_KNOWN,physics_models/calibration/phase3_v2_apparatus/traces/domenech_2023_ball_collision__billiard_delta2_009_v2.json,sha256:95a387424bf50294312ca001520fa9a9951cf7d4507ed918fac8103571be3b0f,python3 -m tools.physics_validation.reference_run --executable build/check/Billiards --package tests/physics_validation/reference_data/domenech_2023_ball_collision --output physics_models/calibration/phase3_v2_apparatus/replay/domenech_2023_ball_collision --case billiard_delta2_009,"{""digitization"": ""sha256:90c5bc0267c8b41d130510492a6f897d0418bc92b2762414f53b13e9c2afa458"", ""expected_model_mismatches"": ""sha256:c76e426de65f7105dfa9f166c1e53fb72bca0139e3d4bb37d2f7d9d6513a285d"", ""expected_reference_limitations"": ""sha256:f94ccb717e1244c117b9878633aedb911f011b80a516735235a0b359db353867"", ""extraction"": ""sha256:30a0a477a51b02d917273ae086742f4c3f97e12204543220c2711e8eb2b68ab8"", ""normalized"": ""sha256:d04396a53ab1010429fc67405e63bd92759fec7abc0ad1a86e9b395736f1a5ec"", ""raw_extracted"": ""sha256:fd26a8d030d12feee2f0829d1b005af7af523966d568c09d977b106b79a9d74d"", ""scenario_template"": ""sha256:d26935b5efaff34030564d113380adfca7b1b9f8aa56f65580ca70b33503a6a7"", ""split"": ""sha256:4ba90e5d4f009790a3f649bfacda6a6193d3785c25a5c9febde5ae4120912505""}",,
domenech_2023_ball_collision,1.0.0,billiard_delta2,billiard_delta2_low,,,,billiard_delta2_010,domenech_2023_ball_collision__billiard_delta2_010_v2,billiard_delta2_010,CALIBRATION,separation_angle_degrees,degree,49.54156282974106,,2.72421,46.81735282974106,2.6227705955064797,2.82564940449352,0.0,0.017028,0.1,0.10143940449352018,1.0,0.0,0.0,45.817562821944115,58.01924803541069,Fig. 5 experimental markers,CONVERTED,MODEL_MISMATCH_KNOWN,physics_models/calibration/phase3_v2_apparatus/traces/domenech_2023_ball_collision__billiard_delta2_010_v2.json,sha256:95a387424bf50294312ca001520fa9a9951cf7d4507ed918fac8103571be3b0f,python3 -m tools.physics_validation.reference_run --executable build/check/Billiards --package tests/physics_validation/reference_data/domenech_2023_ball_collision --output physics_models/calibration/phase3_v2_apparatus/replay/domenech_2023_ball_collision --case billiard_delta2_010,"{""digitization"": ""sha256:90c5bc0267c8b41d130510492a6f897d0418bc92b2762414f53b13e9c2afa458"", ""expected_model_mismatches"": ""sha256:c76e426de65f7105dfa9f166c1e53fb72bca0139e3d4bb37d2f7d9d6513a285d"", ""expected_reference_limitations"": ""sha256:f94ccb717e1244c117b9878633aedb911f011b80a516735235a0b359db353867"", ""extraction"": ""sha256:30a0a477a51b02d917273ae086742f4c3f97e12204543220c2711e8eb2b68ab8"", ""normalized"": ""sha256:d04396a53ab1010429fc67405e63bd92759fec7abc0ad1a86e9b395736f1a5ec"", ""raw_extracted"": ""sha256:fd26a8d030d12feee2f0829d1b005af7af523966d568c09d977b106b79a9d74d"", ""scenario_template"": ""sha256:d26935b5efaff34030564d113380adfca7b1b9f8aa56f65580ca70b33503a6a7"", ""split"": ""sha256:4ba90e5d4f009790a3f649bfacda6a6193d3785c25a5c9febde5ae4120912505""}",,
domenech_2023_ball_collision,1.0.0,billiard_delta2,billiard_delta2_low,,,,billiard_delta2_011,domenech_2023_ball_collision__billiard_delta2_011_v2,billiard_delta2_011,CALIBRATION,separation_angle_degrees,degree,51.92555578136383,,2.360688,49.56486778136383,2.2606809137998214,2.460695086200179,0.0,0.0011905,0.1,0.10000708620017884,1.0,0.0,0.0,45.817562821944115,58.01924803541069,Fig. 5 experimental markers,CONVERTED,MODEL_MISMATCH_KNOWN,physics_models/calibration/phase3_v2_apparatus/traces/domenech_2023_ball_collision__billiard_delta2_011_v2.json,sha256:95a387424bf50294312ca001520fa9a9951cf7d4507ed918fac8103571be3b0f,python3 -m tools.physics_validation.reference_run --executable build/check/Billiards --package tests/physics_validation/reference_data/domenech_2023_ball_collision --output physics_models/calibration/phase3_v2_apparatus/replay/domenech_2023_ball_collision --case billiard_delta2_011,"{""digitization"": ""sha256:90c5bc0267c8b41d130510492a6f897d0418bc92b2762414f53b13e9c2afa458"", ""expected_model_mismatches"": ""sha256:c76e426de65f7105dfa9f166c1e53fb72bca0139e3d4bb37d2f7d9d6513a285d"", ""expected_reference_limitations"": ""sha256:f94ccb717e1244c117b9878633aedb911f011b80a516735235a0b359db353867"", ""extraction"": ""sha256:30a0a477a51b02d917273ae086742f4c3f97e12204543220c2711e8eb2b68ab8"", ""normalized"": ""sha256:d04396a53ab1010429fc67405e63bd92759fec7abc0ad1a86e9b395736f1a5ec"", ""raw_extracted"": ""sha256:fd26a8d030d12feee2f0829d1b005af7af523966d568c09d977b106b79a9d74d"", ""scenario_template"": ""sha256:d26935b5efaff34030564d113380adfca7b1b9f8aa56f65580ca70b33503a6a7"", ""split"": ""sha256:4ba90e5d4f009790a3f649bfacda6a6193d3785c25a5c9febde5ae4120912505""}",,
domenech_2023_ball_collision,1.0.0,billiard_delta2,billiard_delta2_low,,,,billiard_delta2_012,domenech_2023_ball_collision__billiard_delta2_012_v2,billiard_delta2_012,CALIBRATION,separation_angle_degrees,degree,54.2793342537672,,2.326433,51.9529012537672,2.2241198205508206,2.42874617944918,0.0,0.021633,0.1,0.10231317944917948,1.0,0.0,0.0,45.817562821944115,58.01924803541069,Fig. 5 experimental markers,CONVERTED,MODEL_MISMATCH_KNOWN,physics_models/calibration/phase3_v2_apparatus/traces/domenech_2023_ball_collision__billiard_delta2_012_v2.json,sha256:95a387424bf50294312ca001520fa9a9951cf7d4507ed918fac8103571be3b0f,python3 -m tools.physics_validation.reference_run --executable build/check/Billiards --package tests/physics_validation/reference_data/domenech_2023_ball_collision --output physics_models/calibration/phase3_v2_apparatus/replay/domenech_2023_ball_collision --case billiard_delta2_012,"{""digitization"": ""sha256:90c5bc0267c8b41d130510492a6f897d0418bc92b2762414f53b13e9c2afa458"", ""expected_model_mismatches"": ""sha256:c76e426de65f7105dfa9f166c1e53fb72bca0139e3d4bb37d2f7d9d6513a285d"", ""expected_reference_limitations"": ""sha256:f94ccb717e1244c117b9878633aedb911f011b80a516735235a0b359db353867"", ""extraction"": ""sha256:30a0a477a51b02d917273ae086742f4c3f97e12204543220c2711e8eb2b68ab8"", ""normalized"": ""sha256:d04396a53ab1010429fc67405e63bd92759fec7abc0ad1a86e9b395736f1a5ec"", ""raw_extracted"": ""sha256:fd26a8d030d12feee2f0829d1b005af7af523966d568c09d977b106b79a9d74d"", ""scenario_template"": ""sha256:d26935b5efaff34030564d113380adfca7b1b9f8aa56f65580ca70b33503a6a7"", ""split"": ""sha256:4ba90e5d4f009790a3f649bfacda6a6193d3785c25a5c9febde5ae4120912505""}",,
domenech_2023_ball_collision,1.0.0,billiard_delta2,billiard_delta2_low,,,,billiard_delta2_013,domenech_2023_ball_collision__billiard_delta2_013_v2,billiard_delta2_013,CALIBRATION,separation_angle_degrees,degree,55.732103023070195,,3.0892,52.6429030230702,2.986611006418817,3.191788993581183,0.0,0.022902,0.1,0.10258899358118298,1.0,0.0,0.0,45.817562821944115,58.01924803541069,Fig. 5 experimental markers,CONVERTED,MODEL_MISMATCH_KNOWN,physics_models/calibration/phase3_v2_apparatus/traces/domenech_2023_ball_collision__billiard_delta2_013_v2.json,sha256:95a387424bf50294312ca001520fa9a9951cf7d4507ed918fac8103571be3b0f,python3 -m tools.physics_validation.reference_run --executable build/check/Billiards --package tests/physics_validation/reference_data/domenech_2023_ball_collision --output physics_models/calibration/phase3_v2_apparatus/replay/domenech_2023_ball_collision --case billiard_delta2_013,"{""digitization"": ""sha256:90c5bc0267c8b41d130510492a6f897d0418bc92b2762414f53b13e9c2afa458"", ""expected_model_mismatches"": ""sha256:c76e426de65f7105dfa9f166c1e53fb72bca0139e3d4bb37d2f7d9d6513a285d"", ""expected_reference_limitations"": ""sha256:f94ccb717e1244c117b9878633aedb911f011b80a516735235a0b359db353867"", ""extraction"": ""sha256:30a0a477a51b02d917273ae086742f4c3f97e12204543220c2711e8eb2b68ab8"", ""normalized"": ""sha256:d04396a53ab1010429fc67405e63bd92759fec7abc0ad1a86e9b395736f1a5ec"", ""raw_extracted"": ""sha256:fd26a8d030d12feee2f0829d1b005af7af523966d568c09d977b106b79a9d74d"", ""scenario_template"": ""sha256:d26935b5efaff34030564d113380adfca7b1b9f8aa56f65580ca70b33503a6a7"", ""split"": ""sha256:4ba90e5d4f009790a3f649bfacda6a6193d3785c25a5c9febde5ae4120912505""}",,
domenech_2023_ball_collision,1.0.0,billiard_delta2,billiard_delta2_low,,,,billiard_delta2_014,domenech_2023_ball_collision__billiard_delta2_014_v2,billiard_delta2_014,CALIBRATION,separation_angle_degrees,degree,56.72549710305904,,2.348309,54.37718810305904,2.247392542817586,2.449225457182414,0.0,0.0135695,0.1,0.10091645718241402,1.0,0.0,0.0,45.817562821944115,58.01924803541069,Fig. 5 experimental markers,CONVERTED,MODEL_MISMATCH_KNOWN,physics_models/calibration/phase3_v2_apparatus/traces/domenech_2023_ball_collision__billiard_delta2_014_v2.json,sha256:95a387424bf50294312ca001520fa9a9951cf7d4507ed918fac8103571be3b0f,python3 -m tools.physics_validation.reference_run --executable build/check/Billiards --package tests/physics_validation/reference_data/domenech_2023_ball_collision --output physics_models/calibration/phase3_v2_apparatus/replay/domenech_2023_ball_collision --case billiard_delta2_014,"{""digitization"": ""sha256:90c5bc0267c8b41d130510492a6f897d0418bc92b2762414f53b13e9c2afa458"", ""expected_model_mismatches"": ""sha256:c76e426de65f7105dfa9f166c1e53fb72bca0139e3d4bb37d2f7d9d6513a285d"", ""expected_reference_limitations"": ""sha256:f94ccb717e1244c117b9878633aedb911f011b80a516735235a0b359db353867"", ""extraction"": ""sha256:30a0a477a51b02d917273ae086742f4c3f97e12204543220c2711e8eb2b68ab8"", ""normalized"": ""sha256:d04396a53ab1010429fc67405e63bd92759fec7abc0ad1a86e9b395736f1a5ec"", ""raw_extracted"": ""sha256:fd26a8d030d12feee2f0829d1b005af7af523966d568c09d977b106b79a9d74d"", ""scenario_template"": ""sha256:d26935b5efaff34030564d113380adfca7b1b9f8aa56f65580ca70b33503a6a7"", ""split"": ""sha256:4ba90e5d4f009790a3f649bfacda6a6193d3785c25a5c9febde5ae4120912505""}",,
domenech_2023_ball_collision,1.0.0,billiard_delta2,billiard_delta2_low,,,,billiard_delta2_015,domenech_2023_ball_collision__billiard_delta2_015_v2,billiard_delta2_015,CALIBRATION,separation_angle_degrees,degree,58.56618869970641,,2.707698,55.85849069970641,2.6076966713075773,2.807699328692423,0.0,0.0005155,0.1,0.10000132869242288,1.0,0.0,0.0,45.817562821944115,58.01924803541069,Fig. 5 experimental markers,CONVERTED,MODEL_MISMATCH_KNOWN,physics_models/calibration/phase3_v2_apparatus/traces/domenech_2023_ball_collision__billiard_delta2_015_v2.json,sha256:95a387424bf50294312ca001520fa9a9951cf7d4507ed918fac8103571be3b0f,python3 -m tools.physics_validation.reference_run --executable build/check/Billiards --package tests/physics_validation/reference_data/domenech_2023_ball_collision --output physics_models/calibration/phase3_v2_apparatus/replay/domenech_2023_ball_collision --case billiard_delta2_015,"{""digitization"": ""sha256:90c5bc0267c8b41d130510492a6f897d0418bc92b2762414f53b13e9c2afa458"", ""expected_model_mismatches"": ""sha256:c76e426de65f7105dfa9f166c1e53fb72bca0139e3d4bb37d2f7d9d6513a285d"", ""expected_reference_limitations"": ""sha256:f94ccb717e1244c117b9878633aedb911f011b80a516735235a0b359db353867"", ""extraction"": ""sha256:30a0a477a51b02d917273ae086742f4c3f97e12204543220c2711e8eb2b68ab8"", ""normalized"": ""sha256:d04396a53ab1010429fc67405e63bd92759fec7abc0ad1a86e9b395736f1a5ec"", ""raw_extracted"": ""sha256:fd26a8d030d12feee2f0829d1b005af7af523966d568c09d977b106b79a9d74d"", ""scenario_template"": ""sha256:d26935b5efaff34030564d113380adfca7b1b9f8aa56f65580ca70b33503a6a7"", ""split"": ""sha256:4ba90e5d4f009790a3f649bfacda6a6193d3785c25a5c9febde5ae4120912505""}",,
domenech_2023_ball_collision,1.0.0,billiard_delta2,billiard_delta2_low,,,,billiard_delta2_016,domenech_2023_ball_collision__billiard_delta2_016_v2,billiard_delta2_016,CALIBRATION,separation_angle_degrees,degree,58.87160118634244,,1.681073,57.19052818634244,1.5809926518278938,1.7811533481721062,0.0,0.0040095,0.1,0.1000803481721062,1.0,0.0,0.0,45.817562821944115,58.01924803541069,Fig. 5 experimental markers,CONVERTED,MODEL_MISMATCH_KNOWN,physics_models/calibration/phase3_v2_apparatus/traces/domenech_2023_ball_collision__billiard_delta2_016_v2.json,sha256:95a387424bf50294312ca001520fa9a9951cf7d4507ed918fac8103571be3b0f,python3 -m tools.physics_validation.reference_run --executable build/check/Billiards --package tests/physics_validation/reference_data/domenech_2023_ball_collision --output physics_models/calibration/phase3_v2_apparatus/replay/domenech_2023_ball_collision --case billiard_delta2_016,"{""digitization"": ""sha256:90c5bc0267c8b41d130510492a6f897d0418bc92b2762414f53b13e9c2afa458"", ""expected_model_mismatches"": ""sha256:c76e426de65f7105dfa9f166c1e53fb72bca0139e3d4bb37d2f7d9d6513a285d"", ""expected_reference_limitations"": ""sha256:f94ccb717e1244c117b9878633aedb911f011b80a516735235a0b359db353867"", ""extraction"": ""sha256:30a0a477a51b02d917273ae086742f4c3f97e12204543220c2711e8eb2b68ab8"", ""normalized"": ""sha256:d04396a53ab1010429fc67405e63bd92759fec7abc0ad1a86e9b395736f1a5ec"", ""raw_extracted"": ""sha256:fd26a8d030d12feee2f0829d1b005af7af523966d568c09d977b106b79a9d74d"", ""scenario_template"": ""sha256:d26935b5efaff34030564d113380adfca7b1b9f8aa56f65580ca70b33503a6a7"", ""split"": ""sha256:4ba90e5d4f009790a3f649bfacda6a6193d3785c25a5c9febde5ae4120912505""}",,
domenech_2023_ball_collision,1.0.0,billiard_delta2,billiard_delta2_low,,,,billiard_delta2_017,domenech_2023_ball_collision__billiard_delta2_017_v2,billiard_delta2_017,CALIBRATION,separation_angle_degrees,degree,60.4171377234194,,3.510181,56.9069567234194,3.408955121707935,3.6114068782920654,0.0,0.015706,0.1,0.10122587829206522,1.0,0.0,0.0,45.817562821944115,58.01924803541069,Fig. 5 experimental markers,CONVERTED,MODEL_MISMATCH_KNOWN,physics_models/calibration/phase3_v2_apparatus/traces/domenech_2023_ball_collision__billiard_delta2_017_v2.json,sha256:95a387424bf50294312ca001520fa9a9951cf7d4507ed918fac8103571be3b0f,python3 -m tools.physics_validation.reference_run --executable build/check/Billiards --package tests/physics_validation/reference_data/domenech_2023_ball_collision --output physics_models/calibration/phase3_v2_apparatus/replay/domenech_2023_ball_collision --case billiard_delta2_017,"{""digitization"": ""sha256:90c5bc0267c8b41d130510492a6f897d0418bc92b2762414f53b13e9c2afa458"", ""expected_model_mismatches"": ""sha256:c76e426de65f7105dfa9f166c1e53fb72bca0139e3d4bb37d2f7d9d6513a285d"", ""expected_reference_limitations"": ""sha256:f94ccb717e1244c117b9878633aedb911f011b80a516735235a0b359db353867"", ""extraction"": ""sha256:30a0a477a51b02d917273ae086742f4c3f97e12204543220c2711e8eb2b68ab8"", ""normalized"": ""sha256:d04396a53ab1010429fc67405e63bd92759fec7abc0ad1a86e9b395736f1a5ec"", ""raw_extracted"": ""sha256:fd26a8d030d12feee2f0829d1b005af7af523966d568c09d977b106b79a9d74d"", ""scenario_template"": ""sha256:d26935b5efaff34030564d113380adfca7b1b9f8aa56f65580ca70b33503a6a7"", ""split"": ""sha256:4ba90e5d4f009790a3f649bfacda6a6193d3785c25a5c9febde5ae4120912505""}",,
domenech_2023_ball_collision,1.0.0,billiard_delta2,billiard_delta2_low,,,,billiard_delta2_018,domenech_2023_ball_collision__billiard_delta2_018_v2,billiard_delta2_018,CALIBRATION,separation_angle_degrees,degree,60.72543103541069,,2.706183,58.01924803541069,2.6061780101194945,2.806187989880505,0.0,0.000999,0.1,0.10000498988050548,1.0,0.0,0.0,45.817562821944115,58.01924803541069,Fig. 5 experimental markers,CONVERTED,MODEL_MISMATCH_KNOWN,physics_models/calibration/phase3_v2_apparatus/traces/domenech_2023_ball_collision__billiard_delta2_018_v2.json,sha256:95a387424bf50294312ca001520fa9a9951cf7d4507ed918fac8103571be3b0f,python3 -m tools.physics_validation.reference_run --executable build/check/Billiards --package tests/physics_validation/reference_data/domenech_2023_ball_collision --output physics_models/calibration/phase3_v2_apparatus/replay/domenech_2023_ball_collision --case billiard_delta2_018,"{""digitization"": ""sha256:90c5bc0267c8b41d130510492a6f897d0418bc92b2762414f53b13e9c2afa458"", ""expected_model_mismatches"": ""sha256:c76e426de65f7105dfa9f166c1e53fb72bca0139e3d4bb37d2f7d9d6513a285d"", ""expected_reference_limitations"": ""sha256:f94ccb717e1244c117b9878633aedb911f011b80a516735235a0b359db353867"", ""extraction"": ""sha256:30a0a477a51b02d917273ae086742f4c3f97e12204543220c2711e8eb2b68ab8"", ""normalized"": ""sha256:d04396a53ab1010429fc67405e63bd92759fec7abc0ad1a86e9b395736f1a5ec"", ""raw_extracted"": ""sha256:fd26a8d030d12feee2f0829d1b005af7af523966d568c09d977b106b79a9d74d"", ""scenario_template"": ""sha256:d26935b5efaff34030564d113380adfca7b1b9f8aa56f65580ca70b33503a6a7"", ""split"": ""sha256:4ba90e5d4f009790a3f649bfacda6a6193d3785c25a5c9febde5ae4120912505""}",,
domenech_2023_ball_collision,1.0.0,brass_alpha1,brass_alpha1_low,,,,brass_alpha1_001,domenech_2023_ball_collision__brass_alpha1_001_v2,brass_alpha1_001,CALIBRATION,cue_scattering_angle_degrees,degree,27.809595194383032,,19.057913,8.751682194383033,18.93749429061894,19.17833170938106,0.0,0.067087,0.1,0.12041870938105922,1.0,0.0,0.0,6.300253681531885,11.130292053955415,Fig. 6 experimental markers,TREND_ONLY,MODEL_MISMATCH_KNOWN,physics_models/calibration/phase3_v2_apparatus/traces/domenech_2023_ball_collision__brass_alpha1_001_v2.json,sha256:95a387424bf50294312ca001520fa9a9951cf7d4507ed918fac8103571be3b0f,python3 -m tools.physics_validation.reference_run --executable build/check/Billiards --package tests/physics_validation/reference_data/domenech_2023_ball_collision --output physics_models/calibration/phase3_v2_apparatus/replay/domenech_2023_ball_collision --case brass_alpha1_001,"{""digitization"": ""sha256:90c5bc0267c8b41d130510492a6f897d0418bc92b2762414f53b13e9c2afa458"", ""expected_model_mismatches"": ""sha256:c76e426de65f7105dfa9f166c1e53fb72bca0139e3d4bb37d2f7d9d6513a285d"", ""expected_reference_limitations"": ""sha256:f94ccb717e1244c117b9878633aedb911f011b80a516735235a0b359db353867"", ""extraction"": ""sha256:30a0a477a51b02d917273ae086742f4c3f97e12204543220c2711e8eb2b68ab8"", ""normalized"": ""sha256:d04396a53ab1010429fc67405e63bd92759fec7abc0ad1a86e9b395736f1a5ec"", ""raw_extracted"": ""sha256:fd26a8d030d12feee2f0829d1b005af7af523966d568c09d977b106b79a9d74d"", ""scenario_template"": ""sha256:d26935b5efaff34030564d113380adfca7b1b9f8aa56f65580ca70b33503a6a7"", ""split"": ""sha256:4ba90e5d4f009790a3f649bfacda6a6193d3785c25a5c9febde5ae4120912505""}",,
domenech_2023_ball_collision,1.0.0,brass_alpha1,brass_alpha1_low,,,,brass_alpha1_002,domenech_2023_ball_collision__brass_alpha1_002_v2,brass_alpha1_002,CALIBRATION,cue_scattering_angle_degrees,degree,34.0233752386424,,37.718463,-3.6950877613575983,37.60820358758999,37.82872241241001,0.0,0.046445,0.1,0.11025941241000699,1.0,0.0,0.0,6.300253681531885,11.130292053955415,Fig. 6 experimental markers,TREND_ONLY,MODEL_MISMATCH_KNOWN,physics_models/calibration/phase3_v2_apparatus/traces/domenech_2023_ball_collision__brass_alpha1_002_v2.json,sha256:95a387424bf50294312ca001520fa9a9951cf7d4507ed918fac8103571be3b0f,python3 -m tools.physics_validation.reference_run --executable build/check/Billiards --package tests/physics_validation/reference_data/domenech_2023_ball_collision --output physics_models/calibration/phase3_v2_apparatus/replay/domenech_2023_ball_collision --case brass_alpha1_002,"{""digitization"": ""sha256:90c5bc0267c8b41d130510492a6f897d0418bc92b2762414f53b13e9c2afa458"", ""expected_model_mismatches"": ""sha256:c76e426de65f7105dfa9f166c1e53fb72bca0139e3d4bb37d2f7d9d6513a285d"", ""expected_reference_limitations"": ""sha256:f94ccb717e1244c117b9878633aedb911f011b80a516735235a0b359db353867"", ""extraction"": ""sha256:30a0a477a51b02d917273ae086742f4c3f97e12204543220c2711e8eb2b68ab8"", ""normalized"": ""sha256:d04396a53ab1010429fc67405e63bd92759fec7abc0ad1a86e9b395736f1a5ec"", ""raw_extracted"": ""sha256:fd26a8d030d12feee2f0829d1b005af7af523966d568c09d977b106b79a9d74d"", ""scenario_template"": ""sha256:d26935b5efaff34030564d113380adfca7b1b9f8aa56f65580ca70b33503a6a7"", ""split"": ""sha256:4ba90e5d4f009790a3f649bfacda6a6193d3785c25a5c9febde5ae4120912505""}",,
domenech_2023_ball_collision,1.0.0,brass_alpha1,brass_alpha1_low,,,,brass_alpha1_003,domenech_2023_ball_collision__brass_alpha1_003_v2,brass_alpha1_003,CALIBRATION,cue_scattering_angle_degrees,degree,34.012173053955415,,22.881881,11.130292053955415,22.777197007277856,22.986564992722144,0.0,0.0309635,0.1,0.1046839927221445,1.0,0.0,0.0,6.300253681531885,11.130292053955415,Fig. 6 experimental markers,TREND_ONLY,MODEL_MISMATCH_KNOWN,physics_models/calibration/phase3_v2_apparatus/traces/domenech_2023_ball_collision__brass_alpha1_003_v2.json,sha256:95a387424bf50294312ca001520fa9a9951cf7d4507ed918fac8103571be3b0f,python3 -m tools.physics_validation.reference_run --executable build/check/Billiards --package tests/physics_validation/reference_data/domenech_2023_ball_collision --output physics_models/calibration/phase3_v2_apparatus/replay/domenech_2023_ball_collision --case brass_alpha1_003,"{""digitization"": ""sha256:90c5bc0267c8b41d130510492a6f897d0418bc92b2762414f53b13e9c2afa458"", ""expected_model_mismatches"": ""sha256:c76e426de65f7105dfa9f166c1e53fb72bca0139e3d4bb37d2f7d9d6513a285d"", ""expected_reference_limitations"": ""sha256:f94ccb717e1244c117b9878633aedb911f011b80a516735235a0b359db353867"", ""extraction"": ""sha256:30a0a477a51b02d917273ae086742f4c3f97e12204543220c2711e8eb2b68ab8"", ""normalized"": ""sha256:d04396a53ab1010429fc67405e63bd92759fec7abc0ad1a86e9b395736f1a5ec"", ""raw_extracted"": ""sha256:fd26a8d030d12feee2f0829d1b005af7af523966d568c09d977b106b79a9d74d"", ""scenario_template"": ""sha256:d26935b5efaff34030564d113380adfca7b1b9f8aa56f65580ca70b33503a6a7"", ""split"": ""sha256:4ba90e5d4f009790a3f649bfacda6a6193d3785c25a5c9febde5ae4120912505""}",,
domenech_2023_ball_collision,1.0.0,brass_alpha1,brass_alpha1_low,,,,brass_alpha1_004,domenech_2023_ball_collision__brass_alpha1_004_v2,brass_alpha1_004,CALIBRATION,cue_scattering_angle_degrees,degree,40.41142448947202,,39.049885,1.3615394894720154,38.94356029273025,39.15620970726976,0.0,0.036124,0.1,0.10632470726975927,1.0,0.0,0.0,6.300253681531885,11.130292053955415,Fig. 6 experimental markers,TREND_ONLY,MODEL_MISMATCH_KNOWN,physics_models/calibration/phase3_v2_apparatus/traces/domenech_2023_ball_collision__brass_alpha1_004_v2.json,sha256:95a387424bf50294312ca001520fa9a9951cf7d4507ed918fac8103571be3b0f,python3 -m tools.physics_validation.reference_run --executable build/check/Billiards --package tests/physics_validation/reference_data/domenech_2023_ball_collision --output physics_models/calibration/phase3_v2_apparatus/replay/domenech_2023_ball_collision --case brass_alpha1_004,"{""digitization"": ""sha256:90c5bc0267c8b41d130510492a6f897d0418bc92b2762414f53b13e9c2afa458"", ""expected_model_mismatches"": ""sha256:c76e426de65f7105dfa9f166c1e53fb72bca0139e3d4bb37d2f7d9d6513a285d"", ""expected_reference_limitations"": ""sha256:f94ccb717e1244c117b9878633aedb911f011b80a516735235a0b359db353867"", ""extraction"": ""sha256:30a0a477a51b02d917273ae086742f4c3f97e12204543220c2711e8eb2b68ab8"", ""normalized"": ""sha256:d04396a53ab1010429fc67405e63bd92759fec7abc0ad1a86e9b395736f1a5ec"", ""raw_extracted"": ""sha256:fd26a8d030d12feee2f0829d1b005af7af523966d568c09d977b106b79a9d74d"", ""scenario_template"": ""sha256:d26935b5efaff34030564d113380adfca7b1b9f8aa56f65580ca70b33503a6a7"", ""split"": ""sha256:4ba90e5d4f009790a3f649bfacda6a6193d3785c25a5c9febde5ae4120912505""}",,
domenech_2023_ball_collision,1.0.0,brass_alpha1,brass_alpha1_low,,,,brass_alpha1_005,domenech_2023_ball_collision__brass_alpha1_005_v2,brass_alpha1_005,CALIBRATION,cue_scattering_angle_degrees,degree,43.455675990130295,,43.993693,-0.538017009869705,43.890417789972375,44.096968210027626,0.0,0.0258025,0.1,0.10327521002762474,1.0,0.0,0.0,6.300253681531885,11.130292053955415,Fig. 6 experimental markers,TREND_ONLY,MODEL_MISMATCH_KNOWN,physics_models/calibration/phase3_v2_apparatus/traces/domenech_2023_ball_collision__brass_alpha1_005_v2.json,sha256:95a387424bf50294312ca001520fa9a9951cf7d4507ed918fac8103571be3b0f,python3 -m tools.physics_validation.reference_run --executable build/check/Billiards --package tests/physics_validation/reference_data/domenech_2023_ball_collision --output physics_models/calibration/phase3_v2_apparatus/replay/domenech_2023_ball_collision --case brass_alpha1_005,"{""digitization"": ""sha256:90c5bc0267c8b41d130510492a6f897d0418bc92b2762414f53b13e9c2afa458"", ""expected_model_mismatches"": ""sha256:c76e426de65f7105dfa9f166c1e53fb72bca0139e3d4bb37d2f7d9d6513a285d"", ""expected_reference_limitations"": ""sha256:f94ccb717e1244c117b9878633aedb911f011b80a516735235a0b359db353867"", ""extraction"": ""sha256:30a0a477a51b02d917273ae086742f4c3f97e12204543220c2711e8eb2b68ab8"", ""normalized"": ""sha256:d04396a53ab1010429fc67405e63bd92759fec7abc0ad1a86e9b395736f1a5ec"", ""raw_extracted"": ""sha256:fd26a8d030d12feee2f0829d1b005af7af523966d568c09d977b106b79a9d74d"", ""scenario_template"": ""sha256:d26935b5efaff34030564d113380adfca7b1b9f8aa56f65580ca70b33503a6a7"", ""split"": ""sha256:4ba90e5d4f009790a3f649bfacda6a6193d3785c25a5c9febde5ae4120912505""}",,
domenech_2023_ball_collision,1.0.0,brass_alpha1,brass_alpha1_low,,,,brass_alpha1_006,domenech_2023_ball_collision__brass_alpha1_006_v2,brass_alpha1_006,CALIBRATION,cue_scattering_angle_degrees,degree,48.021196140578375,,52.699541,-4.678344859421628,52.59135407870057,52.80772792129944,0.0,0.0412845,0.1,0.10818692129943434,1.0,0.0,0.0,6.300253681531885,11.130292053955415,Fig. 6 experimental markers,TREND_ONLY,MODEL_MISMATCH_KNOWN,physics_models/calibration/phase3_v2_apparatus/traces/domenech_2023_ball_collision__brass_alpha1_006_v2.json,sha256:95a387424bf50294312ca001520fa9a9951cf7d4507ed918fac8103571be3b0f,python3 -m tools.physics_validation.reference_run --executable build/check/Billiards --package tests/physics_validation/reference_data/domenech_2023_ball_collision --output physics_models/calibration/phase3_v2_apparatus/replay/domenech_2023_ball_collision --case brass_alpha1_006,"{""digitization"": ""sha256:90c5bc0267c8b41d130510492a6f897d0418bc92b2762414f53b13e9c2afa458"", ""expected_model_mismatches"": ""sha256:c76e426de65f7105dfa9f166c1e53fb72bca0139e3d4bb37d2f7d9d6513a285d"", ""expected_reference_limitations"": ""sha256:f94ccb717e1244c117b9878633aedb911f011b80a516735235a0b359db353867"", ""extraction"": ""sha256:30a0a477a51b02d917273ae086742f4c3f97e12204543220c2711e8eb2b68ab8"", ""normalized"": ""sha256:d04396a53ab1010429fc67405e63bd92759fec7abc0ad1a86e9b395736f1a5ec"", ""raw_extracted"": ""sha256:fd26a8d030d12feee2f0829d1b005af7af523966d568c09d977b106b79a9d74d"", ""scenario_template"": ""sha256:d26935b5efaff34030564d113380adfca7b1b9f8aa56f65580ca70b33503a6a7"", ""split"": ""sha256:4ba90e5d4f009790a3f649bfacda6a6193d3785c25a5c9febde5ae4120912505""}",,
domenech_2023_ball_collision,1.0.0,rubber_delta2,rubber_delta2_low,,,,rubber_delta2_001,domenech_2023_ball_collision__rubber_delta2_001_v2,rubber_delta2_001,CALIBRATION,separation_angle_degrees,degree,14.03543025293069,,1.961922,12.07350825293069,1.851189367925033,2.072654632074967,0.0,0.0475575,0.1,0.11073263207496696,1.0,0.0,0.0,29.18747915263208,40.2353393414967,Fig. 8 experimental markers,TREND_ONLY,MODEL_MISMATCH_KNOWN,physics_models/calibration/phase3_v2_apparatus/traces/domenech_2023_ball_collision__rubber_delta2_001_v2.json,sha256:95a387424bf50294312ca001520fa9a9951cf7d4507ed918fac8103571be3b0f,python3 -m tools.physics_validation.reference_run --executable build/check/Billiards --package tests/physics_validation/reference_data/domenech_2023_ball_collision --output physics_models/calibration/phase3_v2_apparatus/replay/domenech_2023_ball_collision --case rubber_delta2_001,"{""digitization"": ""sha256:90c5bc0267c8b41d130510492a6f897d0418bc92b2762414f53b13e9c2afa458"", ""expected_model_mismatches"": ""sha256:c76e426de65f7105dfa9f166c1e53fb72bca0139e3d4bb37d2f7d9d6513a285d"", ""expected_reference_limitations"": ""sha256:f94ccb717e1244c117b9878633aedb911f011b80a516735235a0b359db353867"", ""extraction"": ""sha256:30a0a477a51b02d917273ae086742f4c3f97e12204543220c2711e8eb2b68ab8"", ""normalized"": ""sha256:d04396a53ab1010429fc67405e63bd92759fec7abc0ad1a86e9b395736f1a5ec"", ""raw_extracted"": ""sha256:fd26a8d030d12feee2f0829d1b005af7af523966d568c09d977b106b79a9d74d"", ""scenario_template"": ""sha256:d26935b5efaff34030564d113380adfca7b1b9f8aa56f65580ca70b33503a6a7"", ""split"": ""sha256:4ba90e5d4f009790a3f649bfacda6a6193d3785c25a5c9febde5ae4120912505""}",,
domenech_2023_ball_collision,1.0.0,rubber_delta2,rubber_delta2_low,,,,rubber_delta2_002,domenech_2023_ball_collision__rubber_delta2_002_v2,rubber_delta2_002,CALIBRATION,separation_angle_degrees,degree,18.707135722840597,,4.420072,14.287063722840596,4.319929390156587,4.520214609843413,0.0,0.0053425,0.1,0.10014260984341282,1.0,0.0,0.0,29.18747915263208,40.2353393414967,Fig. 8 experimental markers,TREND_ONLY,MODEL_MISMATCH_KNOWN,physics_models/calibration/phase3_v2_apparatus/traces/domenech_2023_ball_collision__rubber_delta2_002_v2.json,sha256:95a387424bf50294312ca001520fa9a9951cf7d4507ed918fac8103571be3b0f,python3 -m tools.physics_validation.reference_run --executable build/check/Billiards --package tests/physics_validation/reference_data/domenech_2023_ball_collision --output physics_models/calibration/phase3_v2_apparatus/replay/domenech_2023_ball_collision --case rubber_delta2_002,"{""digitization"": ""sha256:90c5bc0267c8b41d130510492a6f897d0418bc92b2762414f53b13e9c2afa458"", ""expected_model_mismatches"": ""sha256:c76e426de65f7105dfa9f166c1e53fb72bca0139e3d4bb37d2f7d9d6513a285d"", ""expected_reference_limitations"": ""sha256:f94ccb717e1244c117b9878633aedb911f011b80a516735235a0b359db353867"", ""extraction"": ""sha256:30a0a477a51b02d917273ae086742f4c3f97e12204543220c2711e8eb2b68ab8"", ""normalized"": ""sha256:d04396a53ab1010429fc67405e63bd92759fec7abc0ad1a86e9b395736f1a5ec"", ""raw_extracted"": ""sha256:fd26a8d030d12feee2f0829d1b005af7af523966d568c09d977b106b79a9d74d"", ""scenario_template"": ""sha256:d26935b5efaff34030564d113380adfca7b1b9f8aa56f65580ca70b33503a6a7"", ""split"": ""sha256:4ba90e5d4f009790a3f649bfacda6a6193d3785c25a5c9febde5ae4120912505""}",,
domenech_2023_ball_collision,1.0.0,rubber_delta2,rubber_delta2_low,,,,rubber_delta2_003,domenech_2023_ball_collision__rubber_delta2_003_v2,rubber_delta2_003,CALIBRATION,separation_angle_degrees,degree,23.13274116232004,,3.778327,19.35441416232004,3.678324698215241,3.878329301784759,0.0,0.0006785,0.1,0.10000230178475894,1.0,0.0,0.0,29.18747915263208,40.2353393414967,Fig. 8 experimental markers,TREND_ONLY,MODEL_MISMATCH_KNOWN,physics_models/calibration/phase3_v2_apparatus/traces/domenech_2023_ball_collision__rubber_delta2_003_v2.json,sha256:95a387424bf50294312ca001520fa9a9951cf7d4507ed918fac8103571be3b0f,python3 -m tools.physics_validation.reference_run --executable build/check/Billiards --package tests/physics_validation/reference_data/domenech_2023_ball_collision --output physics_models/calibration/phase3_v2_apparatus/replay/domenech_2023_ball_collision --case rubber_delta2_003,"{""digitization"": ""sha256:90c5bc0267c8b41d130510492a6f897d0418bc92b2762414f53b13e9c2afa458"", ""expected_model_mismatches"": ""sha256:c76e426de65f7105dfa9f166c1e53fb72bca0139e3d4bb37d2f7d9d6513a285d"", ""expected_reference_limitations"": ""sha256:f94ccb717e1244c117b9878633aedb911f011b80a516735235a0b359db353867"", ""extraction"": ""sha256:30a0a477a51b02d917273ae086742f4c3f97e12204543220c2711e8eb2b68ab8"", ""normalized"": ""sha256:d04396a53ab1010429fc67405e63bd92759fec7abc0ad1a86e9b395736f1a5ec"", ""raw_extracted"": ""sha256:fd26a8d030d12feee2f0829d1b005af7af523966d568c09d977b106b79a9d74d"", ""scenario_template"": ""sha256:d26935b5efaff34030564d113380adfca7b1b9f8aa56f65580ca70b33503a6a7"", ""split"": ""sha256:4ba90e5d4f009790a3f649bfacda6a6193d3785c25a5c9febde5ae4120912505""}",,
domenech_2023_ball_collision,1.0.0,rubber_delta2,rubber_delta2_low,,,,rubber_delta2_004,domenech_2023_ball_collision__rubber_delta2_004_v2,rubber_delta2_004,CALIBRATION,separation_angle_degrees,degree,27.353907875340848,,3.142766,24.21114187534085,3.042250236409158,3.2432817635908417,0.0,0.0101695,0.1,0.10051576359084183,1.0,0.0,0.0,29.18747915263208,40.2353393414967,Fig. 8 experimental markers,TREND_ONLY,MODEL_MISMATCH_KNOWN,physics_models/calibration/phase3_v2_apparatus/traces/domenech_2023_ball_collision__rubber_delta2_004_v2.json,sha256:95a387424bf50294312ca001520fa9a9951cf7d4507ed918fac8103571be3b0f,python3 -m tools.physics_validation.reference_run --executable build/check/Billiards --package tests/physics_validation/reference_data/domenech_2023_ball_collision --output physics_models/calibration/phase3_v2_apparatus/replay/domenech_2023_ball_collision --case rubber_delta2_004,"{""digitization"": ""sha256:90c5bc0267c8b41d130510492a6f897d0418bc92b2762414f53b13e9c2afa458"", ""expected_model_mismatches"": ""sha256:c76e426de65f7105dfa9f166c1e53fb72bca0139e3d4bb37d2f7d9d6513a285d"", ""expected_reference_limitations"": ""sha256:f94ccb717e1244c117b9878633aedb911f011b80a516735235a0b359db353867"", ""extraction"": ""sha256:30a0a477a51b02d917273ae086742f4c3f97e12204543220c2711e8eb2b68ab8"", ""normalized"": ""sha256:d04396a53ab1010429fc67405e63bd92759fec7abc0ad1a86e9b395736f1a5ec"", ""raw_extracted"": ""sha256:fd26a8d030d12feee2f0829d1b005af7af523966d568c09d977b106b79a9d74d"", ""scenario_template"": ""sha256:d26935b5efaff34030564d113380adfca7b1b9f8aa56f65580ca70b33503a6a7"", ""split"": ""sha256:4ba90e5d4f009790a3f649bfacda6a6193d3785c25a5c9febde5ae4120912505""}",,
domenech_2023_ball_collision,1.0.0,rubber_delta2,rubber_delta2_low,,,,rubber_delta2_005,domenech_2023_ball_collision__rubber_delta2_005_v2,rubber_delta2_005,CALIBRATION,separation_angle_degrees,degree,31.298195148283877,,5.03022,26.267975148283877,4.92989082916594,5.13054917083406,0.0,0.0081205,0.1,0.10032917083406004,1.0,0.0,0.0,29.18747915263208,40.2353393414967,Fig. 8 experimental markers,TREND_ONLY,MODEL_MISMATCH_KNOWN,physics_models/calibration/phase3_v2_apparatus/traces/domenech_2023_ball_collision__rubber_delta2_005_v2.json,sha256:95a387424bf50294312ca001520fa9a9951cf7d4507ed918fac8103571be3b0f,python3 -m tools.physics_validation.reference_run --executable build/check/Billiards --package tests/physics_validation/reference_data/domenech_2023_ball_collision --output physics_models/calibration/phase3_v2_apparatus/replay/domenech_2023_ball_collision --case rubber_delta2_005,"{""digitization"": ""sha256:90c5bc0267c8b41d130510492a6f897d0418bc92b2762414f53b13e9c2afa458"", ""expected_model_mismatches"": ""sha256:c76e426de65f7105dfa9f166c1e53fb72bca0139e3d4bb37d2f7d9d6513a285d"", ""expected_reference_limitations"": ""sha256:f94ccb717e1244c117b9878633aedb911f011b80a516735235a0b359db353867"", ""extraction"": ""sha256:30a0a477a51b02d917273ae086742f4c3f97e12204543220c2711e8eb2b68ab8"", ""normalized"": ""sha256:d04396a53ab1010429fc67405e63bd92759fec7abc0ad1a86e9b395736f1a5ec"", ""raw_extracted"": ""sha256:fd26a8d030d12feee2f0829d1b005af7af523966d568c09d977b106b79a9d74d"", ""scenario_template"": ""sha256:d26935b5efaff34030564d113380adfca7b1b9f8aa56f65580ca70b33503a6a7"", ""split"": ""sha256:4ba90e5d4f009790a3f649bfacda6a6193d3785c25a5c9febde5ae4120912505""}",,
domenech_2023_ball_collision,1.0.0,rubber_delta2,rubber_delta2_low,,,,rubber_delta2_006,domenech_2023_ball_collision__rubber_delta2_006_v2,rubber_delta2_006,CALIBRATION,separation_angle_degrees,degree,33.900580210512516,,3.778563,30.122017210512517,3.6785620209735423,3.878563979026458,0.0,0.0004425,0.1,0.10000097902645755,1.0,0.0,0.0,29.18747915263208,40.2353393414967,Fig. 8 experimental markers,TREND_ONLY,MODEL_MISMATCH_KNOWN,physics_models/calibration/phase3_v2_apparatus/traces/domenech_2023_ball_collision__rubber_delta2_006_v2.json,sha256:95a387424bf50294312ca001520fa9a9951cf7d4507ed918fac8103571be3b0f,python3 -m tools.physics_validation.reference_run --executable build/check/Billiards --package tests/physics_validation/reference_data/domenech_2023_ball_collision --output physics_models/calibration/phase3_v2_apparatus/replay/domenech_2023_ball_collision --case rubber_delta2_006,"{""digitization"": ""sha256:90c5bc0267c8b41d130510492a6f897d0418bc92b2762414f53b13e9c2afa458"", ""expected_model_mismatches"": ""sha256:c76e426de65f7105dfa9f166c1e53fb72bca0139e3d4bb37d2f7d9d6513a285d"", ""expected_reference_limitations"": ""sha256:f94ccb717e1244c117b9878633aedb911f011b80a516735235a0b359db353867"", ""extraction"": ""sha256:30a0a477a51b02d917273ae086742f4c3f97e12204543220c2711e8eb2b68ab8"", ""normalized"": ""sha256:d04396a53ab1010429fc67405e63bd92759fec7abc0ad1a86e9b395736f1a5ec"", ""raw_extracted"": ""sha256:fd26a8d030d12feee2f0829d1b005af7af523966d568c09d977b106b79a9d74d"", ""scenario_template"": ""sha256:d26935b5efaff34030564d113380adfca7b1b9f8aa56f65580ca70b33503a6a7"", ""split"": ""sha256:4ba90e5d4f009790a3f649bfacda6a6193d3785c25a5c9febde5ae4120912505""}",,
domenech_2023_ball_collision,1.0.0,rubber_delta2,rubber_delta2_low,,,,rubber_delta2_007,domenech_2023_ball_collision__rubber_delta2_007_v2,rubber_delta2_007,CALIBRATION,separation_angle_degrees,degree,37.51445090610131,,5.026407,32.48804390610131,4.926314248694023,5.1264997513059765,0.0,0.004308,0.1,0.10009275130597621,1.0,0.0,0.0,29.18747915263208,40.2353393414967,Fig. 8 experimental markers,TREND_ONLY,MODEL_MISMATCH_KNOWN,physics_models/calibration/phase3_v2_apparatus/traces/domenech_2023_ball_collision__rubber_delta2_007_v2.json,sha256:95a387424bf50294312ca001520fa9a9951cf7d4507ed918fac8103571be3b0f,python3 -m tools.physics_validation.reference_run --executable build/check/Billiards --package tests/physics_validation/reference_data/domenech_2023_ball_collision --output physics_models/calibration/phase3_v2_apparatus/replay/domenech_2023_ball_collision --case rubber_delta2_007,"{""digitization"": ""sha256:90c5bc0267c8b41d130510492a6f897d0418bc92b2762414f53b13e9c2afa458"", ""expected_model_mismatches"": ""sha256:c76e426de65f7105dfa9f166c1e53fb72bca0139e3d4bb37d2f7d9d6513a285d"", ""expected_reference_limitations"": ""sha256:f94ccb717e1244c117b9878633aedb911f011b80a516735235a0b359db353867"", ""extraction"": ""sha256:30a0a477a51b02d917273ae086742f4c3f97e12204543220c2711e8eb2b68ab8"", ""normalized"": ""sha256:d04396a53ab1010429fc67405e63bd92759fec7abc0ad1a86e9b395736f1a5ec"", ""raw_extracted"": ""sha256:fd26a8d030d12feee2f0829d1b005af7af523966d568c09d977b106b79a9d74d"", ""scenario_template"": ""sha256:d26935b5efaff34030564d113380adfca7b1b9f8aa56f65580ca70b33503a6a7"", ""split"": ""sha256:4ba90e5d4f009790a3f649bfacda6a6193d3785c25a5c9febde5ae4120912505""}",,
domenech_2023_ball_collision,1.0.0,rubber_delta2,rubber_delta2_low,,,,rubber_delta2_008,domenech_2023_ball_collision__rubber_delta2_008_v2,rubber_delta2_008,CALIBRATION,separation_angle_degrees,degree,41.910983907052284,,4.391167,37.51981690705228,4.2854651019269285,4.496868898073072,0.0,0.0342475,0.1,0.10570189807307152,1.0,0.0,0.0,29.18747915263208,40.2353393414967,Fig. 8 experimental markers,TREND_ONLY,MODEL_MISMATCH_KNOWN,physics_models/calibration/phase3_v2_apparatus/traces/domenech_2023_ball_collision__rubber_delta2_008_v2.json,sha256:95a387424bf50294312ca001520fa9a9951cf7d4507ed918fac8103571be3b0f,python3 -m tools.physics_validation.reference_run --executable build/check/Billiards --package tests/physics_validation/reference_data/domenech_2023_ball_collision --output physics_models/calibration/phase3_v2_apparatus/replay/domenech_2023_ball_collision --case rubber_delta2_008,"{""digitization"": ""sha256:90c5bc0267c8b41d130510492a6f897d0418bc92b2762414f53b13e9c2afa458"", ""expected_model_mismatches"": ""sha256:c76e426de65f7105dfa9f166c1e53fb72bca0139e3d4bb37d2f7d9d6513a285d"", ""expected_reference_limitations"": ""sha256:f94ccb717e1244c117b9878633aedb911f011b80a516735235a0b359db353867"", ""extraction"": ""sha256:30a0a477a51b02d917273ae086742f4c3f97e12204543220c2711e8eb2b68ab8"", ""normalized"": ""sha256:d04396a53ab1010429fc67405e63bd92759fec7abc0ad1a86e9b395736f1a5ec"", ""raw_extracted"": ""sha256:fd26a8d030d12feee2f0829d1b005af7af523966d568c09d977b106b79a9d74d"", ""scenario_template"": ""sha256:d26935b5efaff34030564d113380adfca7b1b9f8aa56f65580ca70b33503a6a7"", ""split"": ""sha256:4ba90e5d4f009790a3f649bfacda6a6193d3785c25a5c9febde5ae4120912505""}",,
domenech_2023_ball_collision,1.0.0,rubber_delta2,rubber_delta2_low,,,,rubber_delta2_009,domenech_2023_ball_collision__rubber_delta2_009_v2,rubber_delta2_009,CALIBRATION,separation_angle_degrees,degree,44.12838229238251,,5.026052,39.10233029238251,4.925973899453477,5.126130100546523,0.0,0.003953,0.1,0.10007810054652318,1.0,0.0,0.0,29.18747915263208,40.2353393414967,Fig. 8 experimental markers,TREND_ONLY,MODEL_MISMATCH_KNOWN,physics_models/calibration/phase3_v2_apparatus/traces/domenech_2023_ball_collision__rubber_delta2_009_v2.json,sha256:95a387424bf50294312ca001520fa9a9951cf7d4507ed918fac8103571be3b0f,python3 -m tools.physics_validation.reference_run --executable build/check/Billiards --package tests/physics_validation/reference_data/domenech_2023_ball_collision --output physics_models/calibration/phase3_v2_apparatus/replay/domenech_2023_ball_collision --case rubber_delta2_009,"{""digitization"": ""sha256:90c5bc0267c8b41d130510492a6f897d0418bc92b2762414f53b13e9c2afa458"", ""expected_model_mismatches"": ""sha256:c76e426de65f7105dfa9f166c1e53fb72bca0139e3d4bb37d2f7d9d6513a285d"", ""expected_reference_limitations"": ""sha256:f94ccb717e1244c117b9878633aedb911f011b80a516735235a0b359db353867"", ""extraction"": ""sha256:30a0a477a51b02d917273ae086742f4c3f97e12204543220c2711e8eb2b68ab8"", ""normalized"": ""sha256:d04396a53ab1010429fc67405e63bd92759fec7abc0ad1a86e9b395736f1a5ec"", ""raw_extracted"": ""sha256:fd26a8d030d12feee2f0829d1b005af7af523966d568c09d977b106b79a9d74d"", ""scenario_template"": ""sha256:d26935b5efaff34030564d113380adfca7b1b9f8aa56f65580ca70b33503a6a7"", ""split"": ""sha256:4ba90e5d4f009790a3f649bfacda6a6193d3785c25a5c9febde5ae4120912505""}",,
domenech_2023_ball_collision,1.0.0,rubber_delta2,rubber_delta2_low,,,,rubber_delta2_010,domenech_2023_ball_collision__rubber_delta2_010_v2,rubber_delta2_010,CALIBRATION,separation_angle_degrees,degree,47.145899341496694,,6.91056,40.2353393414967,6.8105545661163855,7.010565433883615,0.0,0.0010425,0.1,0.10000543388361455,1.0,0.0,0.0,29.18747915263208,40.2353393414967,Fig. 8 experimental markers,TREND_ONLY,MODEL_MISMATCH_KNOWN,physics_models/calibration/phase3_v2_apparatus/traces/domenech_2023_ball_collision__rubber_delta2_010_v2.json,sha256:95a387424bf50294312ca001520fa9a9951cf7d4507ed918fac8103571be3b0f,python3 -m tools.physics_validation.reference_run --executable build/check/Billiards --package tests/physics_validation/reference_data/domenech_2023_ball_collision --output physics_models/calibration/phase3_v2_apparatus/replay/domenech_2023_ball_collision --case rubber_delta2_010,"{""digitization"": ""sha256:90c5bc0267c8b41d130510492a6f897d0418bc92b2762414f53b13e9c2afa458"", ""expected_model_mismatches"": ""sha256:c76e426de65f7105dfa9f166c1e53fb72bca0139e3d4bb37d2f7d9d6513a285d"", ""expected_reference_limitations"": ""sha256:f94ccb717e1244c117b9878633aedb911f011b80a516735235a0b359db353867"", ""extraction"": ""sha256:30a0a477a51b02d917273ae086742f4c3f97e12204543220c2711e8eb2b68ab8"", ""normalized"": ""sha256:d04396a53ab1010429fc67405e63bd92759fec7abc0ad1a86e9b395736f1a5ec"", ""raw_extracted"": ""sha256:fd26a8d030d12feee2f0829d1b005af7af523966d568c09d977b106b79a9d74d"", ""scenario_template"": ""sha256:d26935b5efaff34030564d113380adfca7b1b9f8aa56f65580ca70b33503a6a7"", ""split"": ""sha256:4ba90e5d4f009790a3f649bfacda6a6193d3785c25a5c9febde5ae4120912505""}",,
domenech_2023_ball_collision,1.0.0,rubber_lambda2,rubber_lambda2_low,,,,rubber_lambda2_001,domenech_2023_ball_collision__rubber_lambda2_001_v2,rubber_lambda2_001,CALIBRATION,object_scattering_angle_degrees,degree,10.465617671719434,,9.488987,0.976630671719434,9.336938195643471,9.641035804356529,0.0,0.1145375,0.1,0.1520488043565289,1.0,0.0,0.0,9.562543900646217,16.623292310693678,Fig. 9 experimental markers,TREND_ONLY,MODEL_MISMATCH_KNOWN,physics_models/calibration/phase3_v2_apparatus/traces/domenech_2023_ball_collision__rubber_lambda2_001_v2.json,sha256:95a387424bf50294312ca001520fa9a9951cf7d4507ed918fac8103571be3b0f,python3 -m tools.physics_validation.reference_run --executable build/check/Billiards --package tests/physics_validation/reference_data/domenech_2023_ball_collision --output physics_models/calibration/phase3_v2_apparatus/replay/domenech_2023_ball_collision --case rubber_lambda2_001,"{""digitization"": ""sha256:90c5bc0267c8b41d130510492a6f897d0418bc92b2762414f53b13e9c2afa458"", ""expected_model_mismatches"": ""sha256:c76e426de65f7105dfa9f166c1e53fb72bca0139e3d4bb37d2f7d9d6513a285d"", ""expected_reference_limitations"": ""sha256:f94ccb717e1244c117b9878633aedb911f011b80a516735235a0b359db353867"", ""extraction"": ""sha256:30a0a477a51b02d917273ae086742f4c3f97e12204543220c2711e8eb2b68ab8"", ""normalized"": ""sha256:d04396a53ab1010429fc67405e63bd92759fec7abc0ad1a86e9b395736f1a5ec"", ""raw_extracted"": ""sha256:fd26a8d030d12feee2f0829d1b005af7af523966d568c09d977b106b79a9d74d"", ""scenario_template"": ""sha256:d26935b5efaff34030564d113380adfca7b1b9f8aa56f65580ca70b33503a6a7"", ""split"": ""sha256:4ba90e5d4f009790a3f649bfacda6a6193d3785c25a5c9febde5ae4120912505""}",,
domenech_2023_ball_collision,1.0.0,rubber_lambda2,rubber_lambda2_low,,,,rubber_lambda2_002,domenech_2023_ball_collision__rubber_lambda2_002_v2,rubber_lambda2_002,CALIBRATION,object_scattering_angle_degrees,degree,12.023188751264929,,7.488987,4.534201751264929,7.355710343244212,7.622263656755788,0.0,0.088106,0.1,0.1332766567557875,1.0,0.0,0.0,9.562543900646217,16.623292310693678,Fig. 9 experimental markers,TREND_ONLY,MODEL_MISMATCH_KNOWN,physics_models/calibration/phase3_v2_apparatus/traces/domenech_2023_ball_collision__rubber_lambda2_002_v2.json,sha256:95a387424bf50294312ca001520fa9a9951cf7d4507ed918fac8103571be3b0f,python3 -m tools.physics_validation.reference_run --executable build/check/Billiards --package tests/physics_validation/reference_data/domenech_2023_ball_collision --output physics_models/calibration/phase3_v2_apparatus/replay/domenech_2023_ball_collision --case rubber_lambda2_002,"{""digitization"": ""sha256:90c5bc0267c8b41d130510492a6f897d0418bc92b2762414f53b13e9c2afa458"", ""expected_model_mismatches"": ""sha256:c76e426de65f7105dfa9f166c1e53fb72bca0139e3d4bb37d2f7d9d6513a285d"", ""expected_reference_limitations"": ""sha256:f94ccb717e1244c117b9878633aedb911f011b80a516735235a0b359db353867"", ""extraction"": ""sha256:30a0a477a51b02d917273ae086742f4c3f97e12204543220c2711e8eb2b68ab8"", ""normalized"": ""sha256:d04396a53ab1010429fc67405e63bd92759fec7abc0ad1a86e9b395736f1a5ec"", ""raw_extracted"": ""sha256:fd26a8d030d12feee2f0829d1b005af7af523966d568c09d977b106b79a9d74d"", ""scenario_template"": ""sha256:d26935b5efaff34030564d113380adfca7b1b9f8aa56f65580ca70b33503a6a7"", ""split"": ""sha256:4ba90e5d4f009790a3f649bfacda6a6193d3785c25a5c9febde5ae4120912505""}",,
domenech_2023_ball_collision,1.0.0,rubber_lambda2,rubber_lambda2_low,,,,rubber_lambda2_003,domenech_2023_ball_collision__rubber_lambda2_003_v2,rubber_lambda2_003,CALIBRATION,object_scattering_angle_degrees,degree,14.545134864692628,,7.39207,7.153064864692627,7.291682625742826,7.4924573742571745,0.0,0.0088105,0.1,0.10038737425717441,1.0,0.0,0.0,9.562543900646217,16.623292310693678,Fig. 9 experimental markers,TREND_ONLY,MODEL_MISMATCH_KNOWN,physics_models/calibration/phase3_v2_apparatus/traces/domenech_2023_ball_collision__rubber_lambda2_003_v2.json,sha256:95a387424bf50294312ca001520fa9a9951cf7d4507ed918fac8103571be3b0f,python3 -m tools.physics_validation.reference_run --executable build/check/Billiards --package tests/physics_validation/reference_data/domenech_2023_ball_collision --output physics_models/calibration/phase3_v2_apparatus/replay/domenech_2023_ball_collision --case rubber_lambda2_003,"{""digitization"": ""sha256:90c5bc0267c8b41d130510492a6f897d0418bc92b2762414f53b13e9c2afa458"", ""expected_model_mismatches"": ""sha256:c76e426de65f7105dfa9f166c1e53fb72bca0139e3d4bb37d2f7d9d6513a285d"", ""expected_reference_limitations"": ""sha256:f94ccb717e1244c117b9878633aedb911f011b80a516735235a0b359db353867"", ""extraction"": ""sha256:30a0a477a51b02d917273ae086742f4c3f97e12204543220c2711e8eb2b68ab8"", ""normalized"": ""sha256:d04396a53ab1010429fc67405e63bd92759fec7abc0ad1a86e9b395736f1a5ec"", ""raw_extracted"": ""sha256:fd26a8d030d12feee2f0829d1b005af7af523966d568c09d977b106b79a9d74d"", ""scenario_template"": ""sha256:d26935b5efaff34030564d113380adfca7b1b9f8aa56f65580ca70b33503a6a7"", ""split"": ""sha256:4ba90e5d4f009790a3f649bfacda6a6193d3785c25a5c9febde5ae4120912505""}",,
domenech_2023_ball_collision,1.0.0,rubber_lambda2,rubber_lambda2_low,,,,rubber_lambda2_004,domenech_2023_ball_collision__rubber_lambda2_004_v2,rubber_lambda2_004,CALIBRATION,object_scattering_angle_degrees,degree,21.040605878945687,,10.638767,10.401838878945687,10.536369897002649,10.74116410299735,0.0,0.0220265,0.1,0.10239710299735047,1.0,0.0,0.0,9.562543900646217,16.623292310693678,Fig. 9 experimental markers,TREND_ONLY,MODEL_MISMATCH_KNOWN,physics_models/calibration/phase3_v2_apparatus/traces/domenech_2023_ball_collision__rubber_lambda2_004_v2.json,sha256:95a387424bf50294312ca001520fa9a9951cf7d4507ed918fac8103571be3b0f,python3 -m tools.physics_validation.reference_run --executable build/check/Billiards --package tests/physics_validation/reference_data/domenech_2023_ball_collision --output physics_models/calibration/phase3_v2_apparatus/replay/domenech_2023_ball_collision --case rubber_lambda2_004,"{""digitization"": ""sha256:90c5bc0267c8b41d130510492a6f897d0418bc92b2762414f53b13e9c2afa458"", ""expected_model_mismatches"": ""sha256:c76e426de65f7105dfa9f166c1e53fb72bca0139e3d4bb37d2f7d9d6513a285d"", ""expected_reference_limitations"": ""sha256:f94ccb717e1244c117b9878633aedb911f011b80a516735235a0b359db353867"", ""extraction"": ""sha256:30a0a477a51b02d917273ae086742f4c3f97e12204543220c2711e8eb2b68ab8"", ""normalized"": ""sha256:d04396a53ab1010429fc67405e63bd92759fec7abc0ad1a86e9b395736f1a5ec"", ""raw_extracted"": ""sha256:fd26a8d030d12feee2f0829d1b005af7af523966d568c09d977b106b79a9d74d"", ""scenario_template"": ""sha256:d26935b5efaff34030564d113380adfca7b1b9f8aa56f65580ca70b33503a6a7"", ""split"": ""sha256:4ba90e5d4f009790a3f649bfacda6a6193d3785c25a5c9febde5ae4120912505""}",,
domenech_2023_ball_collision,1.0.0,rubber_lambda2,rubber_lambda2_low,,,,rubber_lambda2_005,domenech_2023_ball_collision__rubber_lambda2_005_v2,rubber_lambda2_005,CALIBRATION,object_scattering_angle_degrees,degree,28.354570310693678,,11.731278,16.623292310693678,11.630408532665975,11.832147467334025,0.0,0.0132155,0.1,0.10086946733402533,1.0,0.0,0.0,9.562543900646217,16.623292310693678,Fig. 9 experimental markers,TREND_ONLY,MODEL_MISMATCH_KNOWN,physics_models/calibration/phase3_v2_apparatus/traces/domenech_2023_ball_collision__rubber_lambda2_005_v2.json,sha256:95a387424bf50294312ca001520fa9a9951cf7d4507ed918fac8103571be3b0f,python3 -m tools.physics_validation.reference_run --executable build/check/Billiards --package tests/physics_validation/reference_data/domenech_2023_ball_collision --output physics_models/calibration/phase3_v2_apparatus/replay/domenech_2023_ball_collision --case rubber_lambda2_005,"{""digitization"": ""sha256:90c5bc0267c8b41d130510492a6f897d0418bc92b2762414f53b13e9c2afa458"", ""expected_model_mismatches"": ""sha256:c76e426de65f7105dfa9f166c1e53fb72bca0139e3d4bb37d2f7d9d6513a285d"", ""expected_reference_limitations"": ""sha256:f94ccb717e1244c117b9878633aedb911f011b80a516735235a0b359db353867"", ""extraction"": ""sha256:30a0a477a51b02d917273ae086742f4c3f97e12204543220c2711e8eb2b68ab8"", ""normalized"": ""sha256:d04396a53ab1010429fc67405e63bd92759fec7abc0ad1a86e9b395736f1a5ec"", ""raw_extracted"": ""sha256:fd26a8d030d12feee2f0829d1b005af7af523966d568c09d977b106b79a9d74d"", ""scenario_template"": ""sha256:d26935b5efaff34030564d113380adfca7b1b9f8aa56f65580ca70b33503a6a7"", ""split"": ""sha256:4ba90e5d4f009790a3f649bfacda6a6193d3785c25a5c9febde5ae4120912505""}",,
domenech_2023_ball_collision,1.0.0,steel_alpha1,steel_alpha1_low,,,,steel_alpha1_001,domenech_2023_ball_collision__steel_alpha1_001_v2,steel_alpha1_001,CALIBRATION,cue_scattering_angle_degrees,degree,75.73021972470941,,70.06969,5.66052972470942,69.96968898750512,70.16969101249487,0.0,0.00045,0.1,0.10000101249487428,1.0,0.0,0.0,2.447590437544431,5.66052972470942,Fig. 7 experimental markers,TREND_ONLY,MODEL_MISMATCH_KNOWN,physics_models/calibration/phase3_v2_apparatus/traces/domenech_2023_ball_collision__steel_alpha1_001_v2.json,sha256:95a387424bf50294312ca001520fa9a9951cf7d4507ed918fac8103571be3b0f,python3 -m tools.physics_validation.reference_run --executable build/check/Billiards --package tests/physics_validation/reference_data/domenech_2023_ball_collision --output physics_models/calibration/phase3_v2_apparatus/replay/domenech_2023_ball_collision --case steel_alpha1_001,"{""digitization"": ""sha256:90c5bc0267c8b41d130510492a6f897d0418bc92b2762414f53b13e9c2afa458"", ""expected_model_mismatches"": ""sha256:c76e426de65f7105dfa9f166c1e53fb72bca0139e3d4bb37d2f7d9d6513a285d"", ""expected_reference_limitations"": ""sha256:f94ccb717e1244c117b9878633aedb911f011b80a516735235a0b359db353867"", ""extraction"": ""sha256:30a0a477a51b02d917273ae086742f4c3f97e12204543220c2711e8eb2b68ab8"", ""normalized"": ""sha256:d04396a53ab1010429fc67405e63bd92759fec7abc0ad1a86e9b395736f1a5ec"", ""raw_extracted"": ""sha256:fd26a8d030d12feee2f0829d1b005af7af523966d568c09d977b106b79a9d74d"", ""scenario_template"": ""sha256:d26935b5efaff34030564d113380adfca7b1b9f8aa56f65580ca70b33503a6a7"", ""split"": ""sha256:4ba90e5d4f009790a3f649bfacda6a6193d3785c25a5c9febde5ae4120912505""}",,
domenech_2023_ball_collision,1.0.0,steel_alpha1,steel_alpha1_low,,,,steel_alpha1_002,domenech_2023_ball_collision__steel_alpha1_002_v2,steel_alpha1_002,CALIBRATION,cue_scattering_angle_degrees,degree,75.96801712708266,,76.278379,-0.3103618729173405,76.17371834674267,76.38303965325733,0.0,0.0308845,0.1,0.10466065325732495,1.0,0.0,0.0,2.447590437544431,5.66052972470942,Fig. 7 experimental markers,TREND_ONLY,MODEL_MISMATCH_KNOWN,physics_models/calibration/phase3_v2_apparatus/traces/domenech_2023_ball_collision__steel_alpha1_002_v2.json,sha256:95a387424bf50294312ca001520fa9a9951cf7d4507ed918fac8103571be3b0f,python3 -m tools.physics_validation.reference_run --executable build/check/Billiards --package tests/physics_validation/reference_data/domenech_2023_ball_collision --output physics_models/calibration/phase3_v2_apparatus/replay/domenech_2023_ball_collision --case steel_alpha1_002,"{""digitization"": ""sha256:90c5bc0267c8b41d130510492a6f897d0418bc92b2762414f53b13e9c2afa458"", ""expected_model_mismatches"": ""sha256:c76e426de65f7105dfa9f166c1e53fb72bca0139e3d4bb37d2f7d9d6513a285d"", ""expected_reference_limitations"": ""sha256:f94ccb717e1244c117b9878633aedb911f011b80a516735235a0b359db353867"", ""extraction"": ""sha256:30a0a477a51b02d917273ae086742f4c3f97e12204543220c2711e8eb2b68ab8"", ""normalized"": ""sha256:d04396a53ab1010429fc67405e63bd92759fec7abc0ad1a86e9b395736f1a5ec"", ""raw_extracted"": ""sha256:fd26a8d030d12feee2f0829d1b005af7af523966d568c09d977b106b79a9d74d"", ""scenario_template"": ""sha256:d26935b5efaff34030564d113380adfca7b1b9f8aa56f65580ca70b33503a6a7"", ""split"": ""sha256:4ba90e5d4f009790a3f649bfacda6a6193d3785c25a5c9febde5ae4120912505""}",,
domenech_2023_ball_collision,1.0.0,steel_alpha1,steel_alpha1_low,,,,steel_alpha1_003,domenech_2023_ball_collision__steel_alpha1_003_v2,steel_alpha1_003,CALIBRATION,cue_scattering_angle_degrees,degree,75.64316306413458,,74.998706,0.6444570641345848,74.89776701993779,75.09964498006221,0.0,0.013736,0.1,0.10093898006221384,1.0,0.0,0.0,2.447590437544431,5.66052972470942,Fig. 7 experimental markers,TREND_ONLY,MODEL_MISMATCH_KNOWN,physics_models/calibration/phase3_v2_apparatus/traces/domenech_2023_ball_collision__steel_alpha1_003_v2.json,sha256:95a387424bf50294312ca001520fa9a9951cf7d4507ed918fac8103571be3b0f,python3 -m tools.physics_validation.reference_run --executable build/check/Billiards --package tests/physics_validation/reference_data/domenech_2023_ball_collision --output physics_models/calibration/phase3_v2_apparatus/replay/domenech_2023_ball_collision --case steel_alpha1_003,"{""digitization"": ""sha256:90c5bc0267c8b41d130510492a6f897d0418bc92b2762414f53b13e9c2afa458"", ""expected_model_mismatches"": ""sha256:c76e426de65f7105dfa9f166c1e53fb72bca0139e3d4bb37d2f7d9d6513a285d"", ""expected_reference_limitations"": ""sha256:f94ccb717e1244c117b9878633aedb911f011b80a516735235a0b359db353867"", ""extraction"": ""sha256:30a0a477a51b02d917273ae086742f4c3f97e12204543220c2711e8eb2b68ab8"", ""normalized"": ""sha256:d04396a53ab1010429fc67405e63bd92759fec7abc0ad1a86e9b395736f1a5ec"", ""raw_extracted"": ""sha256:fd26a8d030d12feee2f0829d1b005af7af523966d568c09d977b106b79a9d74d"", ""scenario_template"": ""sha256:d26935b5efaff34030564d113380adfca7b1b9f8aa56f65580ca70b33503a6a7"", ""split"": ""sha256:4ba90e5d4f009790a3f649bfacda6a6193d3785c25a5c9febde5ae4120912505""}",,
domenech_2023_ball_collision,1.0.0,steel_alpha1,steel_alpha1_low,,,,steel_alpha1_004,domenech_2023_ball_collision__steel_alpha1_004_v2,steel_alpha1_004,CALIBRATION,cue_scattering_angle_degrees,degree,73.9823515724896,,72.404208,1.5781435724896085,72.22733340726195,72.58108259273804,0.0,0.1458925,0.1,0.17687459273804704,1.0,0.0,0.0,2.447590437544431,5.66052972470942,Fig. 7 experimental markers,TREND_ONLY,MODEL_MISMATCH_KNOWN,physics_models/calibration/phase3_v2_apparatus/traces/domenech_2023_ball_collision__steel_alpha1_004_v2.json,sha256:95a387424bf50294312ca001520fa9a9951cf7d4507ed918fac8103571be3b0f,python3 -m tools.physics_validation.reference_run --executable build/check/Billiards --package tests/physics_validation/reference_data/domenech_2023_ball_collision --output physics_models/calibration/phase3_v2_apparatus/replay/domenech_2023_ball_collision --case steel_alpha1_004,"{""digitization"": ""sha256:90c5bc0267c8b41d130510492a6f897d0418bc92b2762414f53b13e9c2afa458"", ""expected_model_mismatches"": ""sha256:c76e426de65f7105dfa9f166c1e53fb72bca0139e3d4bb37d2f7d9d6513a285d"", ""expected_reference_limitations"": ""sha256:f94ccb717e1244c117b9878633aedb911f011b80a516735235a0b359db353867"", ""extraction"": ""sha256:30a0a477a51b02d917273ae086742f4c3f97e12204543220c2711e8eb2b68ab8"", ""normalized"": ""sha256:d04396a53ab1010429fc67405e63bd92759fec7abc0ad1a86e9b395736f1a5ec"", ""raw_extracted"": ""sha256:fd26a8d030d12feee2f0829d1b005af7af523966d568c09d977b106b79a9d74d"", ""scenario_template"": ""sha256:d26935b5efaff34030564d113380adfca7b1b9f8aa56f65580ca70b33503a6a7"", ""split"": ""sha256:4ba90e5d4f009790a3f649bfacda6a6193d3785c25a5c9febde5ae4120912505""}",,
domenech_2023_ball_collision,1.0.0,steel_alpha1,steel_alpha1_low,,,,steel_alpha1_005,domenech_2023_ball_collision__steel_alpha1_005_v2,steel_alpha1_005,CALIBRATION,cue_scattering_angle_degrees,degree,72.79670400925899,,74.998326,-2.2016219907410175,74.8974380287844,75.0992139712156,0.0,0.013356,0.1,0.10088797121560132,1.0,0.0,0.0,2.447590437544431,5.66052972470942,Fig. 7 experimental markers,TREND_ONLY,MODEL_MISMATCH_KNOWN,physics_models/calibration/phase3_v2_apparatus/traces/domenech_2023_ball_collision__steel_alpha1_005_v2.json,sha256:95a387424bf50294312ca001520fa9a9951cf7d4507ed918fac8103571be3b0f,python3 -m tools.physics_validation.reference_run --executable build/check/Billiards --package tests/physics_validation/reference_data/domenech_2023_ball_collision --output physics_models/calibration/phase3_v2_apparatus/replay/domenech_2023_ball_collision --case steel_alpha1_005,"{""digitization"": ""sha256:90c5bc0267c8b41d130510492a6f897d0418bc92b2762414f53b13e9c2afa458"", ""expected_model_mismatches"": ""sha256:c76e426de65f7105dfa9f166c1e53fb72bca0139e3d4bb37d2f7d9d6513a285d"", ""expected_reference_limitations"": ""sha256:f94ccb717e1244c117b9878633aedb911f011b80a516735235a0b359db353867"", ""extraction"": ""sha256:30a0a477a51b02d917273ae086742f4c3f97e12204543220c2711e8eb2b68ab8"", ""normalized"": ""sha256:d04396a53ab1010429fc67405e63bd92759fec7abc0ad1a86e9b395736f1a5ec"", ""raw_extracted"": ""sha256:fd26a8d030d12feee2f0829d1b005af7af523966d568c09d977b106b79a9d74d"", ""scenario_template"": ""sha256:d26935b5efaff34030564d113380adfca7b1b9f8aa56f65580ca70b33503a6a7"", ""split"": ""sha256:4ba90e5d4f009790a3f649bfacda6a6193d3785c25a5c9febde5ae4120912505""}",,
domenech_2023_ball_collision,1.0.0,steel_alpha1,steel_alpha1_low,,,,steel_alpha1_006,domenech_2023_ball_collision__steel_alpha1_006_v2,steel_alpha1_006,CALIBRATION,cue_scattering_angle_degrees,degree,70.29271033358066,,72.545263,-2.252552666419348,72.44514608550001,72.6453799145,0.0,0.004837,0.1,0.10011691449999846,1.0,0.0,0.0,2.447590437544431,5.66052972470942,Fig. 7 experimental markers,TREND_ONLY,MODEL_MISMATCH_KNOWN,physics_models/calibration/phase3_v2_apparatus/traces/domenech_2023_ball_collision__steel_alpha1_006_v2.json,sha256:95a387424bf50294312ca001520fa9a9951cf7d4507ed918fac8103571be3b0f,python3 -m tools.physics_validation.reference_run --executable build/check/Billiards --package tests/physics_validation/reference_data/domenech_2023_ball_collision --output physics_models/calibration/phase3_v2_apparatus/replay/domenech_2023_ball_collision --case steel_alpha1_006,"{""digitization"": ""sha256:90c5bc0267c8b41d130510492a6f897d0418bc92b2762414f53b13e9c2afa458"", ""expected_model_mismatches"": ""sha256:c76e426de65f7105dfa9f166c1e53fb72bca0139e3d4bb37d2f7d9d6513a285d"", ""expected_reference_limitations"": ""sha256:f94ccb717e1244c117b9878633aedb911f011b80a516735235a0b359db353867"", ""extraction"": ""sha256:30a0a477a51b02d917273ae086742f4c3f97e12204543220c2711e8eb2b68ab8"", ""normalized"": ""sha256:d04396a53ab1010429fc67405e63bd92759fec7abc0ad1a86e9b395736f1a5ec"", ""raw_extracted"": ""sha256:fd26a8d030d12feee2f0829d1b005af7af523966d568c09d977b106b79a9d74d"", ""scenario_template"": ""sha256:d26935b5efaff34030564d113380adfca7b1b9f8aa56f65580ca70b33503a6a7"", ""split"": ""sha256:4ba90e5d4f009790a3f649bfacda6a6193d3785c25a5c9febde5ae4120912505""}",,
domenech_2023_ball_collision,1.0.0,steel_alpha1,steel_alpha1_low,,,,steel_alpha1_007,domenech_2023_ball_collision__steel_alpha1_007_v2,steel_alpha1_007,CALIBRATION,cue_scattering_angle_degrees,degree,67.55074911067916,,71.29957,-3.7488208893208395,71.19885316910765,71.40028683089236,0.0,0.011995,0.1,0.1007168308923588,1.0,0.0,0.0,2.447590437544431,5.66052972470942,Fig. 7 experimental markers,TREND_ONLY,MODEL_MISMATCH_KNOWN,physics_models/calibration/phase3_v2_apparatus/traces/domenech_2023_ball_collision__steel_alpha1_007_v2.json,sha256:95a387424bf50294312ca001520fa9a9951cf7d4507ed918fac8103571be3b0f,python3 -m tools.physics_validation.reference_run --executable build/check/Billiards --package tests/physics_validation/reference_data/domenech_2023_ball_collision --output physics_models/calibration/phase3_v2_apparatus/replay/domenech_2023_ball_collision --case steel_alpha1_007,"{""digitization"": ""sha256:90c5bc0267c8b41d130510492a6f897d0418bc92b2762414f53b13e9c2afa458"", ""expected_model_mismatches"": ""sha256:c76e426de65f7105dfa9f166c1e53fb72bca0139e3d4bb37d2f7d9d6513a285d"", ""expected_reference_limitations"": ""sha256:f94ccb717e1244c117b9878633aedb911f011b80a516735235a0b359db353867"", ""extraction"": ""sha256:30a0a477a51b02d917273ae086742f4c3f97e12204543220c2711e8eb2b68ab8"", ""normalized"": ""sha256:d04396a53ab1010429fc67405e63bd92759fec7abc0ad1a86e9b395736f1a5ec"", ""raw_extracted"": ""sha256:fd26a8d030d12feee2f0829d1b005af7af523966d568c09d977b106b79a9d74d"", ""scenario_template"": ""sha256:d26935b5efaff34030564d113380adfca7b1b9f8aa56f65580ca70b33503a6a7"", ""split"": ""sha256:4ba90e5d4f009790a3f649bfacda6a6193d3785c25a5c9febde5ae4120912505""}",,
domenech_2023_ball_collision,1.0.0,steel_alpha1,steel_alpha1_low,,,,steel_alpha1_008,domenech_2023_ball_collision__steel_alpha1_008_v2,steel_alpha1_008,CALIBRATION,cue_scattering_angle_degrees,degree,66.14934544252351,,63.906595,2.2427504425235085,63.805645991633156,64.00754400836685,0.0,0.0138095,0.1,0.10094900836684827,1.0,0.0,0.0,2.447590437544431,5.66052972470942,Fig. 7 experimental markers,TREND_ONLY,MODEL_MISMATCH_KNOWN,physics_models/calibration/phase3_v2_apparatus/traces/domenech_2023_ball_collision__steel_alpha1_008_v2.json,sha256:95a387424bf50294312ca001520fa9a9951cf7d4507ed918fac8103571be3b0f,python3 -m tools.physics_validation.reference_run --executable build/check/Billiards --package tests/physics_validation/reference_data/domenech_2023_ball_collision --output physics_models/calibration/phase3_v2_apparatus/replay/domenech_2023_ball_collision --case steel_alpha1_008,"{""digitization"": ""sha256:90c5bc0267c8b41d130510492a6f897d0418bc92b2762414f53b13e9c2afa458"", ""expected_model_mismatches"": ""sha256:c76e426de65f7105dfa9f166c1e53fb72bca0139e3d4bb37d2f7d9d6513a285d"", ""expected_reference_limitations"": ""sha256:f94ccb717e1244c117b9878633aedb911f011b80a516735235a0b359db353867"", ""extraction"": ""sha256:30a0a477a51b02d917273ae086742f4c3f97e12204543220c2711e8eb2b68ab8"", ""normalized"": ""sha256:d04396a53ab1010429fc67405e63bd92759fec7abc0ad1a86e9b395736f1a5ec"", ""raw_extracted"": ""sha256:fd26a8d030d12feee2f0829d1b005af7af523966d568c09d977b106b79a9d74d"", ""scenario_template"": ""sha256:d26935b5efaff34030564d113380adfca7b1b9f8aa56f65580ca70b33503a6a7"", ""split"": ""sha256:4ba90e5d4f009790a3f649bfacda6a6193d3785c25a5c9febde5ae4120912505""}",,
domenech_2023_ball_collision,1.0.0,steel_alpha1,steel_alpha1_low,,,,steel_alpha1_009,domenech_2023_ball_collision__steel_alpha1_009_v2,steel_alpha1_009,CALIBRATION,cue_scattering_angle_degrees,degree,66.14858851337655,,67.122181,-0.9735924866234456,66.99832200030175,67.24603999969824,0.0,0.0730825,0.1,0.1238589996982456,1.0,0.0,0.0,2.447590437544431,5.66052972470942,Fig. 7 experimental markers,TREND_ONLY,MODEL_MISMATCH_KNOWN,physics_models/calibration/phase3_v2_apparatus/traces/domenech_2023_ball_collision__steel_alpha1_009_v2.json,sha256:95a387424bf50294312ca001520fa9a9951cf7d4507ed918fac8103571be3b0f,python3 -m tools.physics_validation.reference_run --executable build/check/Billiards --package tests/physics_validation/reference_data/domenech_2023_ball_collision --output physics_models/calibration/phase3_v2_apparatus/replay/domenech_2023_ball_collision --case steel_alpha1_009,"{""digitization"": ""sha256:90c5bc0267c8b41d130510492a6f897d0418bc92b2762414f53b13e9c2afa458"", ""expected_model_mismatches"": ""sha256:c76e426de65f7105dfa9f166c1e53fb72bca0139e3d4bb37d2f7d9d6513a285d"", ""expected_reference_limitations"": ""sha256:f94ccb717e1244c117b9878633aedb911f011b80a516735235a0b359db353867"", ""extraction"": ""sha256:30a0a477a51b02d917273ae086742f4c3f97e12204543220c2711e8eb2b68ab8"", ""normalized"": ""sha256:d04396a53ab1010429fc67405e63bd92759fec7abc0ad1a86e9b395736f1a5ec"", ""raw_extracted"": ""sha256:fd26a8d030d12feee2f0829d1b005af7af523966d568c09d977b106b79a9d74d"", ""scenario_template"": ""sha256:d26935b5efaff34030564d113380adfca7b1b9f8aa56f65580ca70b33503a6a7"", ""split"": ""sha256:4ba90e5d4f009790a3f649bfacda6a6193d3785c25a5c9febde5ae4120912505""}",,
domenech_2023_ball_collision,1.0.0,steel_alpha1,steel_alpha1_low,,,,steel_alpha1_010,domenech_2023_ball_collision__steel_alpha1_010_v2,steel_alpha1_010,CALIBRATION,cue_scattering_angle_degrees,degree,63.25846256993467,,65.313806,-2.055343430065328,65.19269886055315,65.43491313944685,0.0,0.068315,0.1,0.12110713944685508,1.0,0.0,0.0,2.447590437544431,5.66052972470942,Fig. 7 experimental markers,TREND_ONLY,MODEL_MISMATCH_KNOWN,physics_models/calibration/phase3_v2_apparatus/traces/domenech_2023_ball_collision__steel_alpha1_010_v2.json,sha256:95a387424bf50294312ca001520fa9a9951cf7d4507ed918fac8103571be3b0f,python3 -m tools.physics_validation.reference_run --executable build/check/Billiards --package tests/physics_validation/reference_data/domenech_2023_ball_collision --output physics_models/calibration/phase3_v2_apparatus/replay/domenech_2023_ball_collision --case steel_alpha1_010,"{""digitization"": ""sha256:90c5bc0267c8b41d130510492a6f897d0418bc92b2762414f53b13e9c2afa458"", ""expected_model_mismatches"": ""sha256:c76e426de65f7105dfa9f166c1e53fb72bca0139e3d4bb37d2f7d9d6513a285d"", ""expected_reference_limitations"": ""sha256:f94ccb717e1244c117b9878633aedb911f011b80a516735235a0b359db353867"", ""extraction"": ""sha256:30a0a477a51b02d917273ae086742f4c3f97e12204543220c2711e8eb2b68ab8"", ""normalized"": ""sha256:d04396a53ab1010429fc67405e63bd92759fec7abc0ad1a86e9b395736f1a5ec"", ""raw_extracted"": ""sha256:fd26a8d030d12feee2f0829d1b005af7af523966d568c09d977b106b79a9d74d"", ""scenario_template"": ""sha256:d26935b5efaff34030564d113380adfca7b1b9f8aa56f65580ca70b33503a6a7"", ""split"": ""sha256:4ba90e5d4f009790a3f649bfacda6a6193d3785c25a5c9febde5ae4120912505""}",,
domenech_2023_ball_collision,1.0.0,steel_alpha1,steel_alpha1_low,,,,steel_alpha1_011,domenech_2023_ball_collision__steel_alpha1_011_v2,steel_alpha1_011,CALIBRATION,cue_scattering_angle_degrees,degree,62.58970478062769,,61.493079,1.09662578062769,61.38707677487123,61.59908122512877,0.0,0.0351635,0.1,0.10600222512876795,1.0,0.0,0.0,2.447590437544431,5.66052972470942,Fig. 7 experimental markers,TREND_ONLY,MODEL_MISMATCH_KNOWN,physics_models/calibration/phase3_v2_apparatus/traces/domenech_2023_ball_collision__steel_alpha1_011_v2.json,sha256:95a387424bf50294312ca001520fa9a9951cf7d4507ed918fac8103571be3b0f,python3 -m tools.physics_validation.reference_run --executable build/check/Billiards --package tests/physics_validation/reference_data/domenech_2023_ball_collision --output physics_models/calibration/phase3_v2_apparatus/replay/domenech_2023_ball_collision --case steel_alpha1_011,"{""digitization"": ""sha256:90c5bc0267c8b41d130510492a6f897d0418bc92b2762414f53b13e9c2afa458"", ""expected_model_mismatches"": ""sha256:c76e426de65f7105dfa9f166c1e53fb72bca0139e3d4bb37d2f7d9d6513a285d"", ""expected_reference_limitations"": ""sha256:f94ccb717e1244c117b9878633aedb911f011b80a516735235a0b359db353867"", ""extraction"": ""sha256:30a0a477a51b02d917273ae086742f4c3f97e12204543220c2711e8eb2b68ab8"", ""normalized"": ""sha256:d04396a53ab1010429fc67405e63bd92759fec7abc0ad1a86e9b395736f1a5ec"", ""raw_extracted"": ""sha256:fd26a8d030d12feee2f0829d1b005af7af523966d568c09d977b106b79a9d74d"", ""scenario_template"": ""sha256:d26935b5efaff34030564d113380adfca7b1b9f8aa56f65580ca70b33503a6a7"", ""split"": ""sha256:4ba90e5d4f009790a3f649bfacda6a6193d3785c25a5c9febde5ae4120912505""}",,
domenech_2023_ball_collision,1.0.0,steel_alpha1,steel_alpha1_low,,,,steel_alpha1_012,domenech_2023_ball_collision__steel_alpha1_012_v2,steel_alpha1_012,CALIBRATION,cue_scattering_angle_degrees,degree,60.51774814829177,,60.03978,0.47796814829177237,59.85480719407369,60.22475280592631,0.0,0.1556115,0.1,0.1849728059263037,1.0,0.0,0.0,2.447590437544431,5.66052972470942,Fig. 7 experimental markers,TREND_ONLY,MODEL_MISMATCH_KNOWN,physics_models/calibration/phase3_v2_apparatus/traces/domenech_2023_ball_collision__steel_alpha1_012_v2.json,sha256:95a387424bf50294312ca001520fa9a9951cf7d4507ed918fac8103571be3b0f,python3 -m tools.physics_validation.reference_run --executable build/check/Billiards --package tests/physics_validation/reference_data/domenech_2023_ball_collision --output physics_models/calibration/phase3_v2_apparatus/replay/domenech_2023_ball_collision --case steel_alpha1_012,"{""digitization"": ""sha256:90c5bc0267c8b41d130510492a6f897d0418bc92b2762414f53b13e9c2afa458"", ""expected_model_mismatches"": ""sha256:c76e426de65f7105dfa9f166c1e53fb72bca0139e3d4bb37d2f7d9d6513a285d"", ""expected_reference_limitations"": ""sha256:f94ccb717e1244c117b9878633aedb911f011b80a516735235a0b359db353867"", ""extraction"": ""sha256:30a0a477a51b02d917273ae086742f4c3f97e12204543220c2711e8eb2b68ab8"", ""normalized"": ""sha256:d04396a53ab1010429fc67405e63bd92759fec7abc0ad1a86e9b395736f1a5ec"", ""raw_extracted"": ""sha256:fd26a8d030d12feee2f0829d1b005af7af523966d568c09d977b106b79a9d74d"", ""scenario_template"": ""sha256:d26935b5efaff34030564d113380adfca7b1b9f8aa56f65580ca70b33503a6a7"", ""split"": ""sha256:4ba90e5d4f009790a3f649bfacda6a6193d3785c25a5c9febde5ae4120912505""}",,
domenech_2023_ball_collision,1.0.0,steel_alpha1,steel_alpha1_low,,,,steel_alpha1_013,domenech_2023_ball_collision__steel_alpha1_013_v2,steel_alpha1_013,CALIBRATION,cue_scattering_angle_degrees,degree,58.76472970381709,,61.453079,-2.6883492961829134,61.352962061342,61.55319593865801,0.0,0.0048375,0.1,0.10011693865800134,1.0,0.0,0.0,2.447590437544431,5.66052972470942,Fig. 7 experimental markers,TREND_ONLY,MODEL_MISMATCH_KNOWN,physics_models/calibration/phase3_v2_apparatus/traces/domenech_2023_ball_collision__steel_alpha1_013_v2.json,sha256:95a387424bf50294312ca001520fa9a9951cf7d4507ed918fac8103571be3b0f,python3 -m tools.physics_validation.reference_run --executable build/check/Billiards --package tests/physics_validation/reference_data/domenech_2023_ball_collision --output physics_models/calibration/phase3_v2_apparatus/replay/domenech_2023_ball_collision --case steel_alpha1_013,"{""digitization"": ""sha256:90c5bc0267c8b41d130510492a6f897d0418bc92b2762414f53b13e9c2afa458"", ""expected_model_mismatches"": ""sha256:c76e426de65f7105dfa9f166c1e53fb72bca0139e3d4bb37d2f7d9d6513a285d"", ""expected_reference_limitations"": ""sha256:f94ccb717e1244c117b9878633aedb911f011b80a516735235a0b359db353867"", ""extraction"": ""sha256:30a0a477a51b02d917273ae086742f4c3f97e12204543220c2711e8eb2b68ab8"", ""normalized"": ""sha256:d04396a53ab1010429fc67405e63bd92759fec7abc0ad1a86e9b395736f1a5ec"", ""raw_extracted"": ""sha256:fd26a8d030d12feee2f0829d1b005af7af523966d568c09d977b106b79a9d74d"", ""scenario_template"": ""sha256:d26935b5efaff34030564d113380adfca7b1b9f8aa56f65580ca70b33503a6a7"", ""split"": ""sha256:4ba90e5d4f009790a3f649bfacda6a6193d3785c25a5c9febde5ae4120912505""}",,
domenech_2023_ball_collision,1.0.0,steel_beta1,steel_beta1_low,,,,steel_beta1_001,domenech_2023_ball_collision__steel_beta1_001_v2,steel_beta1_001,CALIBRATION,cue_scattering_angle_degrees,degree,11.094336676528487,,12.115731,-1.0213943234715135,12.010867972520101,12.2205940274799,0.0,0.0315635,0.1,0.10486302747989876,1.0,0.0,0.0,3.4891336901618835,7.592314017926988,Fig. 7 experimental markers,TREND_ONLY,MODEL_MISMATCH_KNOWN,physics_models/calibration/phase3_v2_apparatus/traces/domenech_2023_ball_collision__steel_beta1_001_v2.json,sha256:95a387424bf50294312ca001520fa9a9951cf7d4507ed918fac8103571be3b0f,python3 -m tools.physics_validation.reference_run --executable build/check/Billiards --package tests/physics_validation/reference_data/domenech_2023_ball_collision --output physics_models/calibration/phase3_v2_apparatus/replay/domenech_2023_ball_collision --case steel_beta1_001,"{""digitization"": ""sha256:90c5bc0267c8b41d130510492a6f897d0418bc92b2762414f53b13e9c2afa458"", ""expected_model_mismatches"": ""sha256:c76e426de65f7105dfa9f166c1e53fb72bca0139e3d4bb37d2f7d9d6513a285d"", ""expected_reference_limitations"": ""sha256:f94ccb717e1244c117b9878633aedb911f011b80a516735235a0b359db353867"", ""extraction"": ""sha256:30a0a477a51b02d917273ae086742f4c3f97e12204543220c2711e8eb2b68ab8"", ""normalized"": ""sha256:d04396a53ab1010429fc67405e63bd92759fec7abc0ad1a86e9b395736f1a5ec"", ""raw_extracted"": ""sha256:fd26a8d030d12feee2f0829d1b005af7af523966d568c09d977b106b79a9d74d"", ""scenario_template"": ""sha256:d26935b5efaff34030564d113380adfca7b1b9f8aa56f65580ca70b33503a6a7"", ""split"": ""sha256:4ba90e5d4f009790a3f649bfacda6a6193d3785c25a5c9febde5ae4120912505""}",,
domenech_2023_ball_collision,1.0.0,steel_beta1,steel_beta1_low,,,,steel_beta1_002,domenech_2023_ball_collision__steel_beta1_002_v2,steel_beta1_002,CALIBRATION,cue_scattering_angle_degrees,degree,23.74380960093262,,21.99499,1.7488196009326202,21.894584201741136,22.095395798258867,0.0,0.009018,0.1,0.10040579825886552,1.0,0.0,0.0,3.4891336901618835,7.592314017926988,Fig. 7 experimental markers,TREND_ONLY,MODEL_MISMATCH_KNOWN,physics_models/calibration/phase3_v2_apparatus/traces/domenech_2023_ball_collision__steel_beta1_002_v2.json,sha256:95a387424bf50294312ca001520fa9a9951cf7d4507ed918fac8103571be3b0f,python3 -m tools.physics_validation.reference_run --executable build/check/Billiards --package tests/physics_validation/reference_data/domenech_2023_ball_collision --output physics_models/calibration/phase3_v2_apparatus/replay/domenech_2023_ball_collision --case steel_beta1_002,"{""digitization"": ""sha256:90c5bc0267c8b41d130510492a6f897d0418bc92b2762414f53b13e9c2afa458"", ""expected_model_mismatches"": ""sha256:c76e426de65f7105dfa9f166c1e53fb72bca0139e3d4bb37d2f7d9d6513a285d"", ""expected_reference_limitations"": ""sha256:f94ccb717e1244c117b9878633aedb911f011b80a516735235a0b359db353867"", ""extraction"": ""sha256:30a0a477a51b02d917273ae086742f4c3f97e12204543220c2711e8eb2b68ab8"", ""normalized"": ""sha256:d04396a53ab1010429fc67405e63bd92759fec7abc0ad1a86e9b395736f1a5ec"", ""raw_extracted"": ""sha256:fd26a8d030d12feee2f0829d1b005af7af523966d568c09d977b106b79a9d74d"", ""scenario_template"": ""sha256:d26935b5efaff34030564d113380adfca7b1b9f8aa56f65580ca70b33503a6a7"", ""split"": ""sha256:4ba90e5d4f009790a3f649bfacda6a6193d3785c25a5c9febde5ae4120912505""}",,
domenech_2023_ball_collision,1.0.0,steel_beta1,steel_beta1_low,,,,steel_beta1_003,domenech_2023_ball_collision__steel_beta1_003_v2,steel_beta1_003,CALIBRATION,cue_scattering_angle_degrees,degree,25.70526898364819,,28.140782,-2.4355130163518126,28.040680396211652,28.24088360378835,0.0,0.004509,0.1,0.10010160378835098,1.0,0.0,0.0,3.4891336901618835,7.592314017926988,Fig. 7 experimental markers,TREND_ONLY,MODEL_MISMATCH_KNOWN,physics_models/calibration/phase3_v2_apparatus/traces/domenech_2023_ball_collision__steel_beta1_003_v2.json,sha256:95a387424bf50294312ca001520fa9a9951cf7d4507ed918fac8103571be3b0f,python3 -m tools.physics_validation.reference_run --executable build/check/Billiards --package tests/physics_validation/reference_data/domenech_2023_ball_collision --output physics_models/calibration/phase3_v2_apparatus/replay/domenech_2023_ball_collision --case steel_beta1_003,"{""digitization"": ""sha256:90c5bc0267c8b41d130510492a6f897d0418bc92b2762414f53b13e9c2afa458"", ""expected_model_mismatches"": ""sha256:c76e426de65f7105dfa9f166c1e53fb72bca0139e3d4bb37d2f7d9d6513a285d"", ""expected_reference_limitations"": ""sha256:f94ccb717e1244c117b9878633aedb911f011b80a516735235a0b359db353867"", ""extraction"": ""sha256:30a0a477a51b02d917273ae086742f4c3f97e12204543220c2711e8eb2b68ab8"", ""normalized"": ""sha256:d04396a53ab1010429fc67405e63bd92759fec7abc0ad1a86e9b395736f1a5ec"", ""raw_extracted"": ""sha256:fd26a8d030d12feee2f0829d1b005af7af523966d568c09d977b106b79a9d74d"", ""scenario_template"": ""sha256:d26935b5efaff34030564d113380adfca7b1b9f8aa56f65580ca70b33503a6a7"", ""split"": ""sha256:4ba90e5d4f009790a3f649bfacda6a6193d3785c25a5c9febde5ae4120912505""}",,
domenech_2023_ball_collision,1.0.0,steel_beta1,steel_beta1_low,,,,steel_beta1_004,domenech_2023_ball_collision__steel_beta1_004_v2,steel_beta1_004,CALIBRATION,cue_scattering_angle_degrees,degree,28.83926152096985,,30.715431,-1.8761694790301497,30.60173106304311,30.829130936956886,0.0,0.054108,0.1,0.11369993695688667,1.0,0.0,0.0,3.4891336901618835,7.592314017926988,Fig. 7 experimental markers,TREND_ONLY,MODEL_MISMATCH_KNOWN,physics_models/calibration/phase3_v2_apparatus/traces/domenech_2023_ball_collision__steel_beta1_004_v2.json,sha256:95a387424bf50294312ca001520fa9a9951cf7d4507ed918fac8103571be3b0f,python3 -m tools.physics_validation.reference_run --executable build/check/Billiards --package tests/physics_validation/reference_data/domenech_2023_ball_collision --output physics_models/calibration/phase3_v2_apparatus/replay/domenech_2023_ball_collision --case steel_beta1_004,"{""digitization"": ""sha256:90c5bc0267c8b41d130510492a6f897d0418bc92b2762414f53b13e9c2afa458"", ""expected_model_mismatches"": ""sha256:c76e426de65f7105dfa9f166c1e53fb72bca0139e3d4bb37d2f7d9d6513a285d"", ""expected_reference_limitations"": ""sha256:f94ccb717e1244c117b9878633aedb911f011b80a516735235a0b359db353867"", ""extraction"": ""sha256:30a0a477a51b02d917273ae086742f4c3f97e12204543220c2711e8eb2b68ab8"", ""normalized"": ""sha256:d04396a53ab1010429fc67405e63bd92759fec7abc0ad1a86e9b395736f1a5ec"", ""raw_extracted"": ""sha256:fd26a8d030d12feee2f0829d1b005af7af523966d568c09d977b106b79a9d74d"", ""scenario_template"": ""sha256:d26935b5efaff34030564d113380adfca7b1b9f8aa56f65580ca70b33503a6a7"", ""split"": ""sha256:4ba90e5d4f009790a3f649bfacda6a6193d3785c25a5c9febde5ae4120912505""}",,
domenech_2023_ball_collision,1.0.0,steel_beta1,steel_beta1_low,,,,steel_beta1_005,domenech_2023_ball_collision__steel_beta1_005_v2,steel_beta1_005,CALIBRATION,cue_scattering_angle_degrees,degree,31.91797001129614,,35.558116,-3.640145988703857,35.4398582650479,35.676373734952094,0.0,0.063126,0.1,0.11825773495209521,1.0,0.0,0.0,3.4891336901618835,7.592314017926988,Fig. 7 experimental markers,TREND_ONLY,MODEL_MISMATCH_KNOWN,physics_models/calibration/phase3_v2_apparatus/traces/domenech_2023_ball_collision__steel_beta1_005_v2.json,sha256:95a387424bf50294312ca001520fa9a9951cf7d4507ed918fac8103571be3b0f,python3 -m tools.physics_validation.reference_run --executable build/check/Billiards --package tests/physics_validation/reference_data/domenech_2023_ball_collision --output physics_models/calibration/phase3_v2_apparatus/replay/domenech_2023_ball_collision --case steel_beta1_005,"{""digitization"": ""sha256:90c5bc0267c8b41d130510492a6f897d0418bc92b2762414f53b13e9c2afa458"", ""expected_model_mismatches"": ""sha256:c76e426de65f7105dfa9f166c1e53fb72bca0139e3d4bb37d2f7d9d6513a285d"", ""expected_reference_limitations"": ""sha256:f94ccb717e1244c117b9878633aedb911f011b80a516735235a0b359db353867"", ""extraction"": ""sha256:30a0a477a51b02d917273ae086742f4c3f97e12204543220c2711e8eb2b68ab8"", ""normalized"": ""sha256:d04396a53ab1010429fc67405e63bd92759fec7abc0ad1a86e9b395736f1a5ec"", ""raw_extracted"": ""sha256:fd26a8d030d12feee2f0829d1b005af7af523966d568c09d977b106b79a9d74d"", ""scenario_template"": ""sha256:d26935b5efaff34030564d113380adfca7b1b9f8aa56f65580ca70b33503a6a7"", ""split"": ""sha256:4ba90e5d4f009790a3f649bfacda6a6193d3785c25a5c9febde5ae4120912505""}",,
domenech_2023_ball_collision,1.0.0,steel_beta1,steel_beta1_low,,,,steel_beta1_006,domenech_2023_ball_collision__steel_beta1_006_v2,steel_beta1_006,CALIBRATION,cue_scattering_angle_degrees,degree,32.67122634264577,,31.793086,0.8781403426457679,31.681461357554884,31.904710642445114,0.0,0.049599,0.1,0.11162464244511604,1.0,0.0,0.0,3.4891336901618835,7.592314017926988,Fig. 7 experimental markers,TREND_ONLY,MODEL_MISMATCH_KNOWN,physics_models/calibration/phase3_v2_apparatus/traces/domenech_2023_ball_collision__steel_beta1_006_v2.json,sha256:95a387424bf50294312ca001520fa9a9951cf7d4507ed918fac8103571be3b0f,python3 -m tools.physics_validation.reference_run --executable build/check/Billiards --package tests/physics_validation/reference_data/domenech_2023_ball_collision --output physics_models/calibration/phase3_v2_apparatus/replay/domenech_2023_ball_collision --case steel_beta1_006,"{""digitization"": ""sha256:90c5bc0267c8b41d130510492a6f897d0418bc92b2762414f53b13e9c2afa458"", ""expected_model_mismatches"": ""sha256:c76e426de65f7105dfa9f166c1e53fb72bca0139e3d4bb37d2f7d9d6513a285d"", ""expected_reference_limitations"": ""sha256:f94ccb717e1244c117b9878633aedb911f011b80a516735235a0b359db353867"", ""extraction"": ""sha256:30a0a477a51b02d917273ae086742f4c3f97e12204543220c2711e8eb2b68ab8"", ""normalized"": ""sha256:d04396a53ab1010429fc67405e63bd92759fec7abc0ad1a86e9b395736f1a5ec"", ""raw_extracted"": ""sha256:fd26a8d030d12feee2f0829d1b005af7af523966d568c09d977b106b79a9d74d"", ""scenario_template"": ""sha256:d26935b5efaff34030564d113380adfca7b1b9f8aa56f65580ca70b33503a6a7"", ""split"": ""sha256:4ba90e5d4f009790a3f649bfacda6a6193d3785c25a5c9febde5ae4120912505""}",,
domenech_2023_ball_collision,1.0.0,steel_beta1,steel_beta1_low,,,,steel_beta1_007,domenech_2023_ball_collision__steel_beta1_007_v2,steel_beta1_007,CALIBRATION,cue_scattering_angle_degrees,degree,32.84005098207301,,40.432365,-7.592314017926988,40.25308673582319,40.611643264176806,0.0,0.1487975,0.1,0.17927826417680978,1.0,0.0,0.0,3.4891336901618835,7.592314017926988,Fig. 7 experimental markers,TREND_ONLY,MODEL_MISMATCH_KNOWN,physics_models/calibration/phase3_v2_apparatus/traces/domenech_2023_ball_collision__steel_beta1_007_v2.json,sha256:95a387424bf50294312ca001520fa9a9951cf7d4507ed918fac8103571be3b0f,python3 -m tools.physics_validation.reference_run --executable build/check/Billiards --package tests/physics_validation/reference_data/domenech_2023_ball_collision --output physics_models/calibration/phase3_v2_apparatus/replay/domenech_2023_ball_collision --case steel_beta1_007,"{""digitization"": ""sha256:90c5bc0267c8b41d130510492a6f897d0418bc92b2762414f53b13e9c2afa458"", ""expected_model_mismatches"": ""sha256:c76e426de65f7105dfa9f166c1e53fb72bca0139e3d4bb37d2f7d9d6513a285d"", ""expected_reference_limitations"": ""sha256:f94ccb717e1244c117b9878633aedb911f011b80a516735235a0b359db353867"", ""extraction"": ""sha256:30a0a477a51b02d917273ae086742f4c3f97e12204543220c2711e8eb2b68ab8"", ""normalized"": ""sha256:d04396a53ab1010429fc67405e63bd92759fec7abc0ad1a86e9b395736f1a5ec"", ""raw_extracted"": ""sha256:fd26a8d030d12feee2f0829d1b005af7af523966d568c09d977b106b79a9d74d"", ""scenario_template"": ""sha256:d26935b5efaff34030564d113380adfca7b1b9f8aa56f65580ca70b33503a6a7"", ""split"": ""sha256:4ba90e5d4f009790a3f649bfacda6a6193d3785c25a5c9febde5ae4120912505""}",,
