case_id,topology,speed_cm_s,spin_rad_s,tick_subdivisions,input_permutation,seed,contact_count,maximum_residual_cm_s,maximum_penetration_cm,energy_before_j,energy_after_j,duplicate_impulses,symmetry_error_cm_s,finite_state,state_hash
solver_stress_00000,line_chain,25,-40,1,canonical,0,2,9.9999999999999995e-08,1.0000000000000001e-05,0.0053125000000000004,0.0052062499999999999,0,1.0000000000000001e-09,True,f1acbaef6383d09bbe59781fc1feb4cec839b084bfe1cd3a46d6fe712a2b7e86
solver_stress_00001,line_chain,25,-40,1,canonical,1,2,1.9999999999999999e-07,2.0000000000000002e-05,0.0053125000000000004,0.0052062499999999999,0,2.0000000000000001e-09,True,2ab23b2078986f49994534c379ad5f0a715e333cb8a84b3ccbb7aed68ca9fcdc
solver_stress_00002,line_chain,25,-40,1,canonical,2,2,2.9999999999999999e-07,3.0000000000000004e-05,0.0053125000000000004,0.0052062499999999999,0,3.0000000000000004e-09,True,47cc7f95fe1fc82a9d84595b6f7821a4caae3150614a10aef950f0da564b8676
solver_stress_00003,line_chain,25,-40,1,canonical,3,2,3.9999999999999998e-07,4.0000000000000003e-05,0.0053125000000000004,0.0052062499999999999,0,4.0000000000000002e-09,True,f21c240f4d89b21a626a9838b4135d13265f3dd43af6b325eebd2c2ec80b52d3
solver_stress_00004,line_chain,25,-40,1,reversed,0,2,9.9999999999999995e-08,1.0000000000000001e-05,0.0053125000000000004,0.0052062499999999999,0,1.0000000000000001e-09,True,f1acbaef6383d09bbe59781fc1feb4cec839b084bfe1cd3a46d6fe712a2b7e86
solver_stress_00005,line_chain,25,-40,1,reversed,1,2,1.9999999999999999e-07,2.0000000000000002e-05,0.0053125000000000004,0.0052062499999999999,0,2.0000000000000001e-09,True,2ab23b2078986f49994534c379ad5f0a715e333cb8a84b3ccbb7aed68ca9fcdc
solver_stress_00006,line_chain,25,-40,1,reversed,2,2,2.9999999999999999e-07,3.0000000000000004e-05,0.0053125000000000004,0.0052062499999999999,0,3.0000000000000004e-09,True,47cc7f95fe1fc82a9d84595b6f7821a4caae3150614a10aef950f0da564b8676
solver_stress_00007,line_chain,25,-40,1,reversed,3,2,3.9999999999999998e-07,4.0000000000000003e-05,0.0053125000000000004,0.0052062499999999999,0,4.0000000000000002e-09,True,f21c240f4d89b21a626a9838b4135d13265f3dd43af6b325eebd2c2ec80b52d3
solver_stress_00008,line_chain,25,-40,2,canonical,0,2,4.9999999999999998e-08,5.0000000000000004e-06,0.0053125000000000004,0.0052062499999999999,0,1.0000000000000001e-09,True,520ff3d70bbd5b3ad0d3905120c6d1b2b9f25ab5c1ee9ec38b723e5c5ea1a3af
solver_stress_00009,line_chain,25,-40,2,canonical,1,2,9.9999999999999995e-08,1.0000000000000001e-05,0.0053125000000000004,0.0052062499999999999,0,2.0000000000000001e-09,True,eab715eff12c12c338cf908de03d09db63894a80fd748349f5c94fa36d29f0a2
solver_stress_00010,line_chain,25,-40,2,canonical,2,2,1.4999999999999999e-07,1.5000000000000002e-05,0.0053125000000000004,0.0052062499999999999,0,3.0000000000000004e-09,True,9605757969706133919f58744c4d374a9f119b54287dbc61d964d8a7e7cc396b
solver_stress_00011,line_chain,25,-40,2,canonical,3,2,1.9999999999999999e-07,2.0000000000000002e-05,0.0053125000000000004,0.0052062499999999999,0,4.0000000000000002e-09,True,b8c70d951b2105f74415d4cbc4e203952152fafdc7a245d8b54c167b4953204f
solver_stress_00012,line_chain,25,-40,2,reversed,0,2,4.9999999999999998e-08,5.0000000000000004e-06,0.0053125000000000004,0.0052062499999999999,0,1.0000000000000001e-09,True,520ff3d70bbd5b3ad0d3905120c6d1b2b9f25ab5c1ee9ec38b723e5c5ea1a3af
solver_stress_00013,line_chain,25,-40,2,reversed,1,2,9.9999999999999995e-08,1.0000000000000001e-05,0.0053125000000000004,0.0052062499999999999,0,2.0000000000000001e-09,True,eab715eff12c12c338cf908de03d09db63894a80fd748349f5c94fa36d29f0a2
solver_stress_00014,line_chain,25,-40,2,reversed,2,2,1.4999999999999999e-07,1.5000000000000002e-05,0.0053125000000000004,0.0052062499999999999,0,3.0000000000000004e-09,True,9605757969706133919f58744c4d374a9f119b54287dbc61d964d8a7e7cc396b
solver_stress_00015,line_chain,25,-40,2,reversed,3,2,1.9999999999999999e-07,2.0000000000000002e-05,0.0053125000000000004,0.0052062499999999999,0,4.0000000000000002e-09,True,b8c70d951b2105f74415d4cbc4e203952152fafdc7a245d8b54c167b4953204f
solver_stress_00016,line_chain,25,-40,4,canonical,0,2,2.4999999999999999e-08,2.5000000000000002e-06,0.0053125000000000004,0.0052062499999999999,0,1.0000000000000001e-09,True,c52f97490c694a8a615ecb6bde853ed047d9825019bed1aa30c4f7dbe79f0466
solver_stress_00017,line_chain,25,-40,4,canonical,1,2,4.9999999999999998e-08,5.0000000000000004e-06,0.0053125000000000004,0.0052062499999999999,0,2.0000000000000001e-09,True,6c4cae323ed6bb991495756dcda6d7a3346ff756371f128fb0b4c065417ad329
solver_stress_00018,line_chain,25,-40,4,canonical,2,2,7.4999999999999997e-08,7.500000000000001e-06,0.0053125000000000004,0.0052062499999999999,0,3.0000000000000004e-09,True,27201450d858be060df7997c9b6c6616a480c8669f35b9a42a48e4bd74010363
solver_stress_00019,line_chain,25,-40,4,canonical,3,2,9.9999999999999995e-08,1.0000000000000001e-05,0.0053125000000000004,0.0052062499999999999,0,4.0000000000000002e-09,True,5005a138cf769ae933b37c330ba4c7ae1407aab42092001e8b985a33c20356f7
solver_stress_00020,line_chain,25,-40,4,reversed,0,2,2.4999999999999999e-08,2.5000000000000002e-06,0.0053125000000000004,0.0052062499999999999,0,1.0000000000000001e-09,True,c52f97490c694a8a615ecb6bde853ed047d9825019bed1aa30c4f7dbe79f0466
solver_stress_00021,line_chain,25,-40,4,reversed,1,2,4.9999999999999998e-08,5.0000000000000004e-06,0.0053125000000000004,0.0052062499999999999,0,2.0000000000000001e-09,True,6c4cae323ed6bb991495756dcda6d7a3346ff756371f128fb0b4c065417ad329
solver_stress_00022,line_chain,25,-40,4,reversed,2,2,7.4999999999999997e-08,7.500000000000001e-06,0.0053125000000000004,0.0052062499999999999,0,3.0000000000000004e-09,True,27201450d858be060df7997c9b6c6616a480c8669f35b9a42a48e4bd74010363
solver_stress_00023,line_chain,25,-40,4,reversed,3,2,9.9999999999999995e-08,1.0000000000000001e-05,0.0053125000000000004,0.0052062499999999999,0,4.0000000000000002e-09,True,5005a138cf769ae933b37c330ba4c7ae1407aab42092001e8b985a33c20356f7
solver_stress_00024,line_chain,25,0,1,canonical,0,2,9.9999999999999995e-08,1.0000000000000001e-05,0.0053125000000000004,0.0052062499999999999,0,1.0000000000000001e-09,True,e7f37bdbf6d98199d39b762b1c3a0789767cf3c1f6837005c6e0a6e5d42010c0
solver_stress_00025,line_chain,25,0,1,canonical,1,2,1.9999999999999999e-07,2.0000000000000002e-05,0.0053125000000000004,0.0052062499999999999,0,2.0000000000000001e-09,True,3fc42636c4d12ee1b32d5b4ff262e26bd97bd2f55733eb85cc7cf756d7ca26db
solver_stress_00026,line_chain,25,0,1,canonical,2,2,2.9999999999999999e-07,3.0000000000000004e-05,0.0053125000000000004,0.0052062499999999999,0,3.0000000000000004e-09,True,fea455fd565f372cc66dfe8ec4834a4d30c174fd46c131d907475ca74f8e24dc
solver_stress_00027,line_chain,25,0,1,canonical,3,2,3.9999999999999998e-07,4.0000000000000003e-05,0.0053125000000000004,0.0052062499999999999,0,4.0000000000000002e-09,True,bd1ecd062625108467de61744509691eceef7fb2d51ca19ca6108a27b7a76a04
solver_stress_00028,line_chain,25,0,1,reversed,0,2,9.9999999999999995e-08,1.0000000000000001e-05,0.0053125000000000004,0.0052062499999999999,0,1.0000000000000001e-09,True,e7f37bdbf6d98199d39b762b1c3a0789767cf3c1f6837005c6e0a6e5d42010c0
solver_stress_00029,line_chain,25,0,1,reversed,1,2,1.9999999999999999e-07,2.0000000000000002e-05,0.0053125000000000004,0.0052062499999999999,0,2.0000000000000001e-09,True,3fc42636c4d12ee1b32d5b4ff262e26bd97bd2f55733eb85cc7cf756d7ca26db
solver_stress_00030,line_chain,25,0,1,reversed,2,2,2.9999999999999999e-07,3.0000000000000004e-05,0.0053125000000000004,0.0052062499999999999,0,3.0000000000000004e-09,True,fea455fd565f372cc66dfe8ec4834a4d30c174fd46c131d907475ca74f8e24dc
solver_stress_00031,line_chain,25,0,1,reversed,3,2,3.9999999999999998e-07,4.0000000000000003e-05,0.0053125000000000004,0.0052062499999999999,0,4.0000000000000002e-09,True,bd1ecd062625108467de61744509691eceef7fb2d51ca19ca6108a27b7a76a04
solver_stress_00032,line_chain,25,0,2,canonical,0,2,4.9999999999999998e-08,5.0000000000000004e-06,0.0053125000000000004,0.0052062499999999999,0,1.0000000000000001e-09,True,71b7f0a173fcebdda3c7efdaf2ee28d37f0a375672acdb1a2036e46c763e360b
solver_stress_00033,line_chain,25,0,2,canonical,1,2,9.9999999999999995e-08,1.0000000000000001e-05,0.0053125000000000004,0.0052062499999999999,0,2.0000000000000001e-09,True,b1b09aad55d70c1a8833c15ad27b9de25fe3bb7017e5a2f8335e5a869af542d4
solver_stress_00034,line_chain,25,0,2,canonical,2,2,1.4999999999999999e-07,1.5000000000000002e-05,0.0053125000000000004,0.0052062499999999999,0,3.0000000000000004e-09,True,f862b68be4fbee155fde611b47047e47c7a13780de04745df765ab497057d3a2
solver_stress_00035,line_chain,25,0,2,canonical,3,2,1.9999999999999999e-07,2.0000000000000002e-05,0.0053125000000000004,0.0052062499999999999,0,4.0000000000000002e-09,True,f70582d2c933257739a8f0ea2f58013f657fc2bbc4401c2945d494ac1fa77c77
solver_stress_00036,line_chain,25,0,2,reversed,0,2,4.9999999999999998e-08,5.0000000000000004e-06,0.0053125000000000004,0.0052062499999999999,0,1.0000000000000001e-09,True,71b7f0a173fcebdda3c7efdaf2ee28d37f0a375672acdb1a2036e46c763e360b
solver_stress_00037,line_chain,25,0,2,reversed,1,2,9.9999999999999995e-08,1.0000000000000001e-05,0.0053125000000000004,0.0052062499999999999,0,2.0000000000000001e-09,True,b1b09aad55d70c1a8833c15ad27b9de25fe3bb7017e5a2f8335e5a869af542d4
solver_stress_00038,line_chain,25,0,2,reversed,2,2,1.4999999999999999e-07,1.5000000000000002e-05,0.0053125000000000004,0.0052062499999999999,0,3.0000000000000004e-09,True,f862b68be4fbee155fde611b47047e47c7a13780de04745df765ab497057d3a2
solver_stress_00039,line_chain,25,0,2,reversed,3,2,1.9999999999999999e-07,2.0000000000000002e-05,0.0053125000000000004,0.0052062499999999999,0,4.0000000000000002e-09,True,f70582d2c933257739a8f0ea2f58013f657fc2bbc4401c2945d494ac1fa77c77
solver_stress_00040,line_chain,25,0,4,canonical,0,2,2.4999999999999999e-08,2.5000000000000002e-06,0.0053125000000000004,0.0052062499999999999,0,1.0000000000000001e-09,True,0ef74aa60cdf62559e63405f2943fa5141d0b220fbbcf19937f3043440e56be1
solver_stress_00041,line_chain,25,0,4,canonical,1,2,4.9999999999999998e-08,5.0000000000000004e-06,0.0053125000000000004,0.0052062499999999999,0,2.0000000000000001e-09,True,ed36c1f50b56e7ebd30d10ef65cbee33831d789a06390136e3bf2239314ced0e
solver_stress_00042,line_chain,25,0,4,canonical,2,2,7.4999999999999997e-08,7.500000000000001e-06,0.0053125000000000004,0.0052062499999999999,0,3.0000000000000004e-09,True,59b7d5650ea3b16ddc7641ec7bcced794abbbc53b48e8f99bc926ea46c9eea43
solver_stress_00043,line_chain,25,0,4,canonical,3,2,9.9999999999999995e-08,1.0000000000000001e-05,0.0053125000000000004,0.0052062499999999999,0,4.0000000000000002e-09,True,bdf8eac5395e30357ac80f60032eb1e5cff2021b2929bce973a4ea68941eff33
solver_stress_00044,line_chain,25,0,4,reversed,0,2,2.4999999999999999e-08,2.5000000000000002e-06,0.0053125000000000004,0.0052062499999999999,0,1.0000000000000001e-09,True,0ef74aa60cdf62559e63405f2943fa5141d0b220fbbcf19937f3043440e56be1
solver_stress_00045,line_chain,25,0,4,reversed,1,2,4.9999999999999998e-08,5.0000000000000004e-06,0.0053125000000000004,0.0052062499999999999,0,2.0000000000000001e-09,True,ed36c1f50b56e7ebd30d10ef65cbee33831d789a06390136e3bf2239314ced0e
solver_stress_00046,line_chain,25,0,4,reversed,2,2,7.4999999999999997e-08,7.500000000000001e-06,0.0053125000000000004,0.0052062499999999999,0,3.0000000000000004e-09,True,59b7d5650ea3b16ddc7641ec7bcced794abbbc53b48e8f99bc926ea46c9eea43
solver_stress_00047,line_chain,25,0,4,reversed,3,2,9.9999999999999995e-08,1.0000000000000001e-05,0.0053125000000000004,0.0052062499999999999,0,4.0000000000000002e-09,True,bdf8eac5395e30357ac80f60032eb1e5cff2021b2929bce973a4ea68941eff33
solver_stress_00048,line_chain,25,40,1,canonical,0,2,9.9999999999999995e-08,1.0000000000000001e-05,0.0053125000000000004,0.0052062499999999999,0,1.0000000000000001e-09,True,9f0b583bb1f007414387775af8850c6df2b4a1e2920887f69956537a0c6b0b79
solver_stress_00049,line_chain,25,40,1,canonical,1,2,1.9999999999999999e-07,2.0000000000000002e-05,0.0053125000000000004,0.0052062499999999999,0,2.0000000000000001e-09,True,7f88507d7c152f3aaeddf0fcd788e1da51ae3545a0adfbf0a13ff7987a97a49a
solver_stress_00050,line_chain,25,40,1,canonical,2,2,2.9999999999999999e-07,3.0000000000000004e-05,0.0053125000000000004,0.0052062499999999999,0,3.0000000000000004e-09,True,394fd0bb418533c3f0b640b015b1a90263a5e9cd94b7c3b461cbe7f2a1e804de
solver_stress_00051,line_chain,25,40,1,canonical,3,2,3.9999999999999998e-07,4.0000000000000003e-05,0.0053125000000000004,0.0052062499999999999,0,4.0000000000000002e-09,True,9130d16a8f4cbb50138506285a8065c868b64a6a0eb187085261296ec2c42324
solver_stress_00052,line_chain,25,40,1,reversed,0,2,9.9999999999999995e-08,1.0000000000000001e-05,0.0053125000000000004,0.0052062499999999999,0,1.0000000000000001e-09,True,9f0b583bb1f007414387775af8850c6df2b4a1e2920887f69956537a0c6b0b79
solver_stress_00053,line_chain,25,40,1,reversed,1,2,1.9999999999999999e-07,2.0000000000000002e-05,0.0053125000000000004,0.0052062499999999999,0,2.0000000000000001e-09,True,7f88507d7c152f3aaeddf0fcd788e1da51ae3545a0adfbf0a13ff7987a97a49a
solver_stress_00054,line_chain,25,40,1,reversed,2,2,2.9999999999999999e-07,3.0000000000000004e-05,0.0053125000000000004,0.0052062499999999999,0,3.0000000000000004e-09,True,394fd0bb418533c3f0b640b015b1a90263a5e9cd94b7c3b461cbe7f2a1e804de
solver_stress_00055,line_chain,25,40,1,reversed,3,2,3.9999999999999998e-07,4.0000000000000003e-05,0.0053125000000000004,0.0052062499999999999,0,4.0000000000000002e-09,True,9130d16a8f4cbb50138506285a8065c868b64a6a0eb187085261296ec2c42324
solver_stress_00056,line_chain,25,40,2,canonical,0,2,4.9999999999999998e-08,5.0000000000000004e-06,0.0053125000000000004,0.0052062499999999999,0,1.0000000000000001e-09,True,cece157917e58c8d43672cf6458da8938c56e9789358ee961342018e16c68cc8
solver_stress_00057,line_chain,25,40,2,canonical,1,2,9.9999999999999995e-08,1.0000000000000001e-05,0.0053125000000000004,0.0052062499999999999,0,2.0000000000000001e-09,True,f882de7d231baaba8a7ad7123585433473f1f9aab8748c6e0223811803b82e07
solver_stress_00058,line_chain,25,40,2,canonical,2,2,1.4999999999999999e-07,1.5000000000000002e-05,0.0053125000000000004,0.0052062499999999999,0,3.0000000000000004e-09,True,00545b7e605ce2d5b5ea3f3dacccc44bc00b22ed46dbc8aad56038da428efdbb
solver_stress_00059,line_chain,25,40,2,canonical,3,2,1.9999999999999999e-07,2.0000000000000002e-05,0.0053125000000000004,0.0052062499999999999,0,4.0000000000000002e-09,True,f0af61367d1adf2d59aed173ab6b50eb833459bd278240bba04ed78b1fb19f7a
solver_stress_00060,line_chain,25,40,2,reversed,0,2,4.9999999999999998e-08,5.0000000000000004e-06,0.0053125000000000004,0.0052062499999999999,0,1.0000000000000001e-09,True,cece157917e58c8d43672cf6458da8938c56e9789358ee961342018e16c68cc8
solver_stress_00061,line_chain,25,40,2,reversed,1,2,9.9999999999999995e-08,1.0000000000000001e-05,0.0053125000000000004,0.0052062499999999999,0,2.0000000000000001e-09,True,f882de7d231baaba8a7ad7123585433473f1f9aab8748c6e0223811803b82e07
solver_stress_00062,line_chain,25,40,2,reversed,2,2,1.4999999999999999e-07,1.5000000000000002e-05,0.0053125000000000004,0.0052062499999999999,0,3.0000000000000004e-09,True,00545b7e605ce2d5b5ea3f3dacccc44bc00b22ed46dbc8aad56038da428efdbb
solver_stress_00063,line_chain,25,40,2,reversed,3,2,1.9999999999999999e-07,2.0000000000000002e-05,0.0053125000000000004,0.0052062499999999999,0,4.0000000000000002e-09,True,f0af61367d1adf2d59aed173ab6b50eb833459bd278240bba04ed78b1fb19f7a
solver_stress_00064,line_chain,25,40,4,canonical,0,2,2.4999999999999999e-08,2.5000000000000002e-06,0.0053125000000000004,0.0052062499999999999,0,1.0000000000000001e-09,True,cf9f978b4e454a4107d23687cfa99e25cb19929a8f657dbbc8d8ca2046487d20
solver_stress_00065,line_chain,25,40,4,canonical,1,2,4.9999999999999998e-08,5.0000000000000004e-06,0.0053125000000000004,0.0052062499999999999,0,2.0000000000000001e-09,True,512f225e95311ccbadb886da17737d167448a171ac666d354815d559ecc44fe5
solver_stress_00066,line_chain,25,40,4,canonical,2,2,7.4999999999999997e-08,7.500000000000001e-06,0.0053125000000000004,0.0052062499999999999,0,3.0000000000000004e-09,True,ee82b2ceefecd15784345415197c2b1df5721e7e95e02bed67bc062e3e7245c4
solver_stress_00067,line_chain,25,40,4,canonical,3,2,9.9999999999999995e-08,1.0000000000000001e-05,0.0053125000000000004,0.0052062499999999999,0,4.0000000000000002e-09,True,c5e692a48ab07afee7d13533f0864aec92df056034bae7938ba67daa0c7e6b92
solver_stress_00068,line_chain,25,40,4,reversed,0,2,2.4999999999999999e-08,2.5000000000000002e-06,0.0053125000000000004,0.0052062499999999999,0,1.0000000000000001e-09,True,cf9f978b4e454a4107d23687cfa99e25cb19929a8f657dbbc8d8ca2046487d20
solver_stress_00069,line_chain,25,40,4,reversed,1,2,4.9999999999999998e-08,5.0000000000000004e-06,0.0053125000000000004,0.0052062499999999999,0,2.0000000000000001e-09,True,512f225e95311ccbadb886da17737d167448a171ac666d354815d559ecc44fe5
solver_stress_00070,line_chain,25,40,4,reversed,2,2,7.4999999999999997e-08,7.500000000000001e-06,0.0053125000000000004,0.0052062499999999999,0,3.0000000000000004e-09,True,ee82b2ceefecd15784345415197c2b1df5721e7e95e02bed67bc062e3e7245c4
solver_stress_00071,line_chain,25,40,4,reversed,3,2,9.9999999999999995e-08,1.0000000000000001e-05,0.0053125000000000004,0.0052062499999999999,0,4.0000000000000002e-09,True,c5e692a48ab07afee7d13533f0864aec92df056034bae7938ba67daa0c7e6b92
solver_stress_00072,line_chain,100,-40,1,canonical,0,2,9.9999999999999995e-08,1.0000000000000001e-05,0.085000000000000006,0.083299999999999999,0,1.0000000000000001e-09,True,256932da6d3e0b6f10f5d9772a50f2fda152921966f92be5b51275af9321833f
solver_stress_00073,line_chain,100,-40,1,canonical,1,2,1.9999999999999999e-07,2.0000000000000002e-05,0.085000000000000006,0.083299999999999999,0,2.0000000000000001e-09,True,a75e2474942e76b5f291641ddccc667e21b333f280b461e994e42d1bc50db760
solver_stress_00074,line_chain,100,-40,1,canonical,2,2,2.9999999999999999e-07,3.0000000000000004e-05,0.085000000000000006,0.083299999999999999,0,3.0000000000000004e-09,True,1f408a5bf48876f47b40e43420d519e683f19d7390f281517273d905f1cae266
solver_stress_00075,line_chain,100,-40,1,canonical,3,2,3.9999999999999998e-07,4.0000000000000003e-05,0.085000000000000006,0.083299999999999999,0,4.0000000000000002e-09,True,10eff1ad6bb32e66cfd9283b8baefea3638814c902b391594bbbc2767a31864a
solver_stress_00076,line_chain,100,-40,1,reversed,0,2,9.9999999999999995e-08,1.0000000000000001e-05,0.085000000000000006,0.083299999999999999,0,1.0000000000000001e-09,True,256932da6d3e0b6f10f5d9772a50f2fda152921966f92be5b51275af9321833f
solver_stress_00077,line_chain,100,-40,1,reversed,1,2,1.9999999999999999e-07,2.0000000000000002e-05,0.085000000000000006,0.083299999999999999,0,2.0000000000000001e-09,True,a75e2474942e76b5f291641ddccc667e21b333f280b461e994e42d1bc50db760
solver_stress_00078,line_chain,100,-40,1,reversed,2,2,2.9999999999999999e-07,3.0000000000000004e-05,0.085000000000000006,0.083299999999999999,0,3.0000000000000004e-09,True,1f408a5bf48876f47b40e43420d519e683f19d7390f281517273d905f1cae266
solver_stress_00079,line_chain,100,-40,1,reversed,3,2,3.9999999999999998e-07,4.0000000000000003e-05,0.085000000000000006,0.083299999999999999,0,4.0000000000000002e-09,True,10eff1ad6bb32e66cfd9283b8baefea3638814c902b391594bbbc2767a31864a
solver_stress_00080,line_chain,100,-40,2,canonical,0,2,4.9999999999999998e-08,5.0000000000000004e-06,0.085000000000000006,0.083299999999999999,0,1.0000000000000001e-09,True,71b3b9aec9fdeb95c8732c6cf018c9bb323e18ca3390379cec4669dac7ea5e98
solver_stress_00081,line_chain,100,-40,2,canonical,1,2,9.9999999999999995e-08,1.0000000000000001e-05,0.085000000000000006,0.083299999999999999,0,2.0000000000000001e-09,True,4b10edbdf0c07308d3aa073db14df6bf426c0762141dc11b4b90864716a3048e
solver_stress_00082,line_chain,100,-40,2,canonical,2,2,1.4999999999999999e-07,1.5000000000000002e-05,0.085000000000000006,0.083299999999999999,0,3.0000000000000004e-09,True,100b456b857de8f1ced0628ae43ceddf3957cb924eae3687efadc05018916cb4
solver_stress_00083,line_chain,100,-40,2,canonical,3,2,1.9999999999999999e-07,2.0000000000000002e-05,0.085000000000000006,0.083299999999999999,0,4.0000000000000002e-09,True,63fd0ada6300968327140e9798ddd32916e3f324bef22b9e2066166a343ab3f9
solver_stress_00084,line_chain,100,-40,2,reversed,0,2,4.9999999999999998e-08,5.0000000000000004e-06,0.085000000000000006,0.083299999999999999,0,1.0000000000000001e-09,True,71b3b9aec9fdeb95c8732c6cf018c9bb323e18ca3390379cec4669dac7ea5e98
solver_stress_00085,line_chain,100,-40,2,reversed,1,2,9.9999999999999995e-08,1.0000000000000001e-05,0.085000000000000006,0.083299999999999999,0,2.0000000000000001e-09,True,4b10edbdf0c07308d3aa073db14df6bf426c0762141dc11b4b90864716a3048e
solver_stress_00086,line_chain,100,-40,2,reversed,2,2,1.4999999999999999e-07,1.5000000000000002e-05,0.085000000000000006,0.083299999999999999,0,3.0000000000000004e-09,True,100b456b857de8f1ced0628ae43ceddf3957cb924eae3687efadc05018916cb4
solver_stress_00087,line_chain,100,-40,2,reversed,3,2,1.9999999999999999e-07,2.0000000000000002e-05,0.085000000000000006,0.083299999999999999,0,4.0000000000000002e-09,True,63fd0ada6300968327140e9798ddd32916e3f324bef22b9e2066166a343ab3f9
solver_stress_00088,line_chain,100,-40,4,canonical,0,2,2.4999999999999999e-08,2.5000000000000002e-06,0.085000000000000006,0.083299999999999999,0,1.0000000000000001e-09,True,9ef49ad324646758f337daa91fe92a3db197c0c966ecb485910a73a48437651a
solver_stress_00089,line_chain,100,-40,4,canonical,1,2,4.9999999999999998e-08,5.0000000000000004e-06,0.085000000000000006,0.083299999999999999,0,2.0000000000000001e-09,True,8315ba4f22fd5d529560381c81fa00a6ca678593c7abb188527b72c47b36f7ce
solver_stress_00090,line_chain,100,-40,4,canonical,2,2,7.4999999999999997e-08,7.500000000000001e-06,0.085000000000000006,0.083299999999999999,0,3.0000000000000004e-09,True,758043a1427b8856b196574d1b09b87798bae1f2d7537aacbc54ecc6264f096e
solver_stress_00091,line_chain,100,-40,4,canonical,3,2,9.9999999999999995e-08,1.0000000000000001e-05,0.085000000000000006,0.083299999999999999,0,4.0000000000000002e-09,True,6962216d727dd3600f31b7e796373f79dd2551d458512595aa7cce02d577d956
solver_stress_00092,line_chain,100,-40,4,reversed,0,2,2.4999999999999999e-08,2.5000000000000002e-06,0.085000000000000006,0.083299999999999999,0,1.0000000000000001e-09,True,9ef49ad324646758f337daa91fe92a3db197c0c966ecb485910a73a48437651a
solver_stress_00093,line_chain,100,-40,4,reversed,1,2,4.9999999999999998e-08,5.0000000000000004e-06,0.085000000000000006,0.083299999999999999,0,2.0000000000000001e-09,True,8315ba4f22fd5d529560381c81fa00a6ca678593c7abb188527b72c47b36f7ce
solver_stress_00094,line_chain,100,-40,4,reversed,2,2,7.4999999999999997e-08,7.500000000000001e-06,0.085000000000000006,0.083299999999999999,0,3.0000000000000004e-09,True,758043a1427b8856b196574d1b09b87798bae1f2d7537aacbc54ecc6264f096e
solver_stress_00095,line_chain,100,-40,4,reversed,3,2,9.9999999999999995e-08,1.0000000000000001e-05,0.085000000000000006,0.083299999999999999,0,4.0000000000000002e-09,True,6962216d727dd3600f31b7e796373f79dd2551d458512595aa7cce02d577d956
solver_stress_00096,line_chain,100,0,1,canonical,0,2,9.9999999999999995e-08,1.0000000000000001e-05,0.085000000000000006,0.083299999999999999,0,1.0000000000000001e-09,True,97b8ef3618cd03243b11372eb9849cb033b9673ef05985c8128c0debec16394a
solver_stress_00097,line_chain,100,0,1,canonical,1,2,1.9999999999999999e-07,2.0000000000000002e-05,0.085000000000000006,0.083299999999999999,0,2.0000000000000001e-09,True,36c3d52531c8acfc64dfb109cf60f5d89f9668e79a4d1c681e986f69a8837b72
solver_stress_00098,line_chain,100,0,1,canonical,2,2,2.9999999999999999e-07,3.0000000000000004e-05,0.085000000000000006,0.083299999999999999,0,3.0000000000000004e-09,True,84dd1a21cbd321b7c62cd92a077ebb4da72c6be7d5b7fb7bb799001aa63065f4
solver_stress_00099,line_chain,100,0,1,canonical,3,2,3.9999999999999998e-07,4.0000000000000003e-05,0.085000000000000006,0.083299999999999999,0,4.0000000000000002e-09,True,01fbf4d148a15964defd279038bffaeac2ad17de8af8491925fe8b2727e29744
solver_stress_00100,line_chain,100,0,1,reversed,0,2,9.9999999999999995e-08,1.0000000000000001e-05,0.085000000000000006,0.083299999999999999,0,1.0000000000000001e-09,True,97b8ef3618cd03243b11372eb9849cb033b9673ef05985c8128c0debec16394a
solver_stress_00101,line_chain,100,0,1,reversed,1,2,1.9999999999999999e-07,2.0000000000000002e-05,0.085000000000000006,0.083299999999999999,0,2.0000000000000001e-09,True,36c3d52531c8acfc64dfb109cf60f5d89f9668e79a4d1c681e986f69a8837b72
solver_stress_00102,line_chain,100,0,1,reversed,2,2,2.9999999999999999e-07,3.0000000000000004e-05,0.085000000000000006,0.083299999999999999,0,3.0000000000000004e-09,True,84dd1a21cbd321b7c62cd92a077ebb4da72c6be7d5b7fb7bb799001aa63065f4
solver_stress_00103,line_chain,100,0,1,reversed,3,2,3.9999999999999998e-07,4.0000000000000003e-05,0.085000000000000006,0.083299999999999999,0,4.0000000000000002e-09,True,01fbf4d148a15964defd279038bffaeac2ad17de8af8491925fe8b2727e29744
solver_stress_00104,line_chain,100,0,2,canonical,0,2,4.9999999999999998e-08,5.0000000000000004e-06,0.085000000000000006,0.083299999999999999,0,1.0000000000000001e-09,True,c7a4af837393f0ed64383d678ffb39b5b350700f3fceb0fd8fdfe4a1f97e7d24
solver_stress_00105,line_chain,100,0,2,canonical,1,2,9.9999999999999995e-08,1.0000000000000001e-05,0.085000000000000006,0.083299999999999999,0,2.0000000000000001e-09,True,1e180cba243527e2a528e2b70d3aeefea4ed1da94c855ea5912b9df72d46a4e6
solver_stress_00106,line_chain,100,0,2,canonical,2,2,1.4999999999999999e-07,1.5000000000000002e-05,0.085000000000000006,0.083299999999999999,0,3.0000000000000004e-09,True,57d913031b263b5a856c24a5bb3ab3d95e7b56d9b981c864d868a7830c9dbb0f
solver_stress_00107,line_chain,100,0,2,canonical,3,2,1.9999999999999999e-07,2.0000000000000002e-05,0.085000000000000006,0.083299999999999999,0,4.0000000000000002e-09,True,921e4bbcffcc64764c8a5afd6498c04f1a6df94894434e40359138452e7c8561
solver_stress_00108,line_chain,100,0,2,reversed,0,2,4.9999999999999998e-08,5.0000000000000004e-06,0.085000000000000006,0.083299999999999999,0,1.0000000000000001e-09,True,c7a4af837393f0ed64383d678ffb39b5b350700f3fceb0fd8fdfe4a1f97e7d24
solver_stress_00109,line_chain,100,0,2,reversed,1,2,9.9999999999999995e-08,1.0000000000000001e-05,0.085000000000000006,0.083299999999999999,0,2.0000000000000001e-09,True,1e180cba243527e2a528e2b70d3aeefea4ed1da94c855ea5912b9df72d46a4e6
solver_stress_00110,line_chain,100,0,2,reversed,2,2,1.4999999999999999e-07,1.5000000000000002e-05,0.085000000000000006,0.083299999999999999,0,3.0000000000000004e-09,True,57d913031b263b5a856c24a5bb3ab3d95e7b56d9b981c864d868a7830c9dbb0f
solver_stress_00111,line_chain,100,0,2,reversed,3,2,1.9999999999999999e-07,2.0000000000000002e-05,0.085000000000000006,0.083299999999999999,0,4.0000000000000002e-09,True,921e4bbcffcc64764c8a5afd6498c04f1a6df94894434e40359138452e7c8561
solver_stress_00112,line_chain,100,0,4,canonical,0,2,2.4999999999999999e-08,2.5000000000000002e-06,0.085000000000000006,0.083299999999999999,0,1.0000000000000001e-09,True,7e990f74aa451957bb8d27110ea390e417892c19d6920c30d41221b3e4f59d4f
solver_stress_00113,line_chain,100,0,4,canonical,1,2,4.9999999999999998e-08,5.0000000000000004e-06,0.085000000000000006,0.083299999999999999,0,2.0000000000000001e-09,True,735d4cf114fd5fbc0ead3308d0f9ceb2435541f53764b129234e912d3492acdd
solver_stress_00114,line_chain,100,0,4,canonical,2,2,7.4999999999999997e-08,7.500000000000001e-06,0.085000000000000006,0.083299999999999999,0,3.0000000000000004e-09,True,342a521ccc3a6b1c0995bfb4761dc19bb27268c35d4fbe9fae8b66b5067b66e1
solver_stress_00115,line_chain,100,0,4,canonical,3,2,9.9999999999999995e-08,1.0000000000000001e-05,0.085000000000000006,0.083299999999999999,0,4.0000000000000002e-09,True,00660def772abdd1faa020d185a1cdb8b517901d61a50aa49bab87928b00b2de
solver_stress_00116,line_chain,100,0,4,reversed,0,2,2.4999999999999999e-08,2.5000000000000002e-06,0.085000000000000006,0.083299999999999999,0,1.0000000000000001e-09,True,7e990f74aa451957bb8d27110ea390e417892c19d6920c30d41221b3e4f59d4f
solver_stress_00117,line_chain,100,0,4,reversed,1,2,4.9999999999999998e-08,5.0000000000000004e-06,0.085000000000000006,0.083299999999999999,0,2.0000000000000001e-09,True,735d4cf114fd5fbc0ead3308d0f9ceb2435541f53764b129234e912d3492acdd
solver_stress_00118,line_chain,100,0,4,reversed,2,2,7.4999999999999997e-08,7.500000000000001e-06,0.085000000000000006,0.083299999999999999,0,3.0000000000000004e-09,True,342a521ccc3a6b1c0995bfb4761dc19bb27268c35d4fbe9fae8b66b5067b66e1
solver_stress_00119,line_chain,100,0,4,reversed,3,2,9.9999999999999995e-08,1.0000000000000001e-05,0.085000000000000006,0.083299999999999999,0,4.0000000000000002e-09,True,00660def772abdd1faa020d185a1cdb8b517901d61a50aa49bab87928b00b2de
solver_stress_00120,line_chain,100,40,1,canonical,0,2,9.9999999999999995e-08,1.0000000000000001e-05,0.085000000000000006,0.083299999999999999,0,1.0000000000000001e-09,True,0c17789e2a71f1a3c37fe6a3e6c5a79d8c7157d2c224539ab4819fb43613b24f
solver_stress_00121,line_chain,100,40,1,canonical,1,2,1.9999999999999999e-07,2.0000000000000002e-05,0.085000000000000006,0.083299999999999999,0,2.0000000000000001e-09,True,ae830f096c3087e19dfa8f160a6291bc3510b4f238027b5cb1c388809bfd8bf3
solver_stress_00122,line_chain,100,40,1,canonical,2,2,2.9999999999999999e-07,3.0000000000000004e-05,0.085000000000000006,0.083299999999999999,0,3.0000000000000004e-09,True,11dbb894ee0f6c0bf4aff15366fe79a9bd1f8bcdda81558b75be4d4caceff8c8
solver_stress_00123,line_chain,100,40,1,canonical,3,2,3.9999999999999998e-07,4.0000000000000003e-05,0.085000000000000006,0.083299999999999999,0,4.0000000000000002e-09,True,e426edf09bd4dabfc2dd8a29e1f8e5414f661efdd164c8a54cd4adf375aa31a9
solver_stress_00124,line_chain,100,40,1,reversed,0,2,9.9999999999999995e-08,1.0000000000000001e-05,0.085000000000000006,0.083299999999999999,0,1.0000000000000001e-09,True,0c17789e2a71f1a3c37fe6a3e6c5a79d8c7157d2c224539ab4819fb43613b24f
solver_stress_00125,line_chain,100,40,1,reversed,1,2,1.9999999999999999e-07,2.0000000000000002e-05,0.085000000000000006,0.083299999999999999,0,2.0000000000000001e-09,True,ae830f096c3087e19dfa8f160a6291bc3510b4f238027b5cb1c388809bfd8bf3
solver_stress_00126,line_chain,100,40,1,reversed,2,2,2.9999999999999999e-07,3.0000000000000004e-05,0.085000000000000006,0.083299999999999999,0,3.0000000000000004e-09,True,11dbb894ee0f6c0bf4aff15366fe79a9bd1f8bcdda81558b75be4d4caceff8c8
solver_stress_00127,line_chain,100,40,1,reversed,3,2,3.9999999999999998e-07,4.0000000000000003e-05,0.085000000000000006,0.083299999999999999,0,4.0000000000000002e-09,True,e426edf09bd4dabfc2dd8a29e1f8e5414f661efdd164c8a54cd4adf375aa31a9
solver_stress_00128,line_chain,100,40,2,canonical,0,2,4.9999999999999998e-08,5.0000000000000004e-06,0.085000000000000006,0.083299999999999999,0,1.0000000000000001e-09,True,2b7f8a9e0e58d863fa3f2df66041900c39d2964ae90ce7512514c9803dfad184
solver_stress_00129,line_chain,100,40,2,canonical,1,2,9.9999999999999995e-08,1.0000000000000001e-05,0.085000000000000006,0.083299999999999999,0,2.0000000000000001e-09,True,700fd4f3bb22a2721540703233c83ca1fb8c590a1155f41c90699828fe573c5e
solver_stress_00130,line_chain,100,40,2,canonical,2,2,1.4999999999999999e-07,1.5000000000000002e-05,0.085000000000000006,0.083299999999999999,0,3.0000000000000004e-09,True,9030ac676cf428c09f51950e9aa1a332d8ed9f98bf71785690e497fe1ecfae00
solver_stress_00131,line_chain,100,40,2,canonical,3,2,1.9999999999999999e-07,2.0000000000000002e-05,0.085000000000000006,0.083299999999999999,0,4.0000000000000002e-09,True,f7a9c6542e54fecc2022d04a2dbd861a8237c8d765208e0eec7bffa972204a3c
solver_stress_00132,line_chain,100,40,2,reversed,0,2,4.9999999999999998e-08,5.0000000000000004e-06,0.085000000000000006,0.083299999999999999,0,1.0000000000000001e-09,True,2b7f8a9e0e58d863fa3f2df66041900c39d2964ae90ce7512514c9803dfad184
solver_stress_00133,line_chain,100,40,2,reversed,1,2,9.9999999999999995e-08,1.0000000000000001e-05,0.085000000000000006,0.083299999999999999,0,2.0000000000000001e-09,True,700fd4f3bb22a2721540703233c83ca1fb8c590a1155f41c90699828fe573c5e
solver_stress_00134,line_chain,100,40,2,reversed,2,2,1.4999999999999999e-07,1.5000000000000002e-05,0.085000000000000006,0.083299999999999999,0,3.0000000000000004e-09,True,9030ac676cf428c09f51950e9aa1a332d8ed9f98bf71785690e497fe1ecfae00
solver_stress_00135,line_chain,100,40,2,reversed,3,2,1.9999999999999999e-07,2.0000000000000002e-05,0.085000000000000006,0.083299999999999999,0,4.0000000000000002e-09,True,f7a9c6542e54fecc2022d04a2dbd861a8237c8d765208e0eec7bffa972204a3c
solver_stress_00136,line_chain,100,40,4,canonical,0,2,2.4999999999999999e-08,2.5000000000000002e-06,0.085000000000000006,0.083299999999999999,0,1.0000000000000001e-09,True,dc17e2872689ec447c3b39269f2e163a625b99bd51ba5cf980c3a24f6300885c
solver_stress_00137,line_chain,100,40,4,canonical,1,2,4.9999999999999998e-08,5.0000000000000004e-06,0.085000000000000006,0.083299999999999999,0,2.0000000000000001e-09,True,4138775f20551bb0a943fef60ea98b029d8456d2084190b8d5b754d04eae9ad4
solver_stress_00138,line_chain,100,40,4,canonical,2,2,7.4999999999999997e-08,7.500000000000001e-06,0.085000000000000006,0.083299999999999999,0,3.0000000000000004e-09,True,6377f32efb789848065f4783d4994bbbad6e6d4995d99b181bc0081244c39b13
solver_stress_00139,line_chain,100,40,4,canonical,3,2,9.9999999999999995e-08,1.0000000000000001e-05,0.085000000000000006,0.083299999999999999,0,4.0000000000000002e-09,True,745589d8592e195c63b34d192cbf9b4476f697816c78286a644df8442799573e
solver_stress_00140,line_chain,100,40,4,reversed,0,2,2.4999999999999999e-08,2.5000000000000002e-06,0.085000000000000006,0.083299999999999999,0,1.0000000000000001e-09,True,dc17e2872689ec447c3b39269f2e163a625b99bd51ba5cf980c3a24f6300885c
solver_stress_00141,line_chain,100,40,4,reversed,1,2,4.9999999999999998e-08,5.0000000000000004e-06,0.085000000000000006,0.083299999999999999,0,2.0000000000000001e-09,True,4138775f20551bb0a943fef60ea98b029d8456d2084190b8d5b754d04eae9ad4
solver_stress_00142,line_chain,100,40,4,reversed,2,2,7.4999999999999997e-08,7.500000000000001e-06,0.085000000000000006,0.083299999999999999,0,3.0000000000000004e-09,True,6377f32efb789848065f4783d4994bbbad6e6d4995d99b181bc0081244c39b13
solver_stress_00143,line_chain,100,40,4,reversed,3,2,9.9999999999999995e-08,1.0000000000000001e-05,0.085000000000000006,0.083299999999999999,0,4.0000000000000002e-09,True,745589d8592e195c63b34d192cbf9b4476f697816c78286a644df8442799573e
solver_stress_00144,line_chain,500,-40,1,canonical,0,2,9.9999999999999995e-08,1.0000000000000001e-05,2.125,2.0825,0,1.0000000000000001e-09,True,b9369ca18df6e423d8c2cb4048a42f1aba34bf152949ef37e2ce0f701315e36f
solver_stress_00145,line_chain,500,-40,1,canonical,1,2,1.9999999999999999e-07,2.0000000000000002e-05,2.125,2.0825,0,2.0000000000000001e-09,True,32ad4fc3de027c453711162a7e1ef6751981bca286918362a11dfdb508c928f1
solver_stress_00146,line_chain,500,-40,1,canonical,2,2,2.9999999999999999e-07,3.0000000000000004e-05,2.125,2.0825,0,3.0000000000000004e-09,True,91c280a6969236e294dfc2d86d4260a7517eb3983f03636743cceb87b209c9df
solver_stress_00147,line_chain,500,-40,1,canonical,3,2,3.9999999999999998e-07,4.0000000000000003e-05,2.125,2.0825,0,4.0000000000000002e-09,True,1d4b4ad0e1e6161caf08ea6d5d7713ff9e16e525cfc240ee45aff63b53b8b57d
solver_stress_00148,line_chain,500,-40,1,reversed,0,2,9.9999999999999995e-08,1.0000000000000001e-05,2.125,2.0825,0,1.0000000000000001e-09,True,b9369ca18df6e423d8c2cb4048a42f1aba34bf152949ef37e2ce0f701315e36f
solver_stress_00149,line_chain,500,-40,1,reversed,1,2,1.9999999999999999e-07,2.0000000000000002e-05,2.125,2.0825,0,2.0000000000000001e-09,True,32ad4fc3de027c453711162a7e1ef6751981bca286918362a11dfdb508c928f1
solver_stress_00150,line_chain,500,-40,1,reversed,2,2,2.9999999999999999e-07,3.0000000000000004e-05,2.125,2.0825,0,3.0000000000000004e-09,True,91c280a6969236e294dfc2d86d4260a7517eb3983f03636743cceb87b209c9df
solver_stress_00151,line_chain,500,-40,1,reversed,3,2,3.9999999999999998e-07,4.0000000000000003e-05,2.125,2.0825,0,4.0000000000000002e-09,True,1d4b4ad0e1e6161caf08ea6d5d7713ff9e16e525cfc240ee45aff63b53b8b57d
solver_stress_00152,line_chain,500,-40,2,canonical,0,2,4.9999999999999998e-08,5.0000000000000004e-06,2.125,2.0825,0,1.0000000000000001e-09,True,8b4be9f58b73c42f5e067c654a768bd67cf66a3e0dfdb042e1a696201acab8b1
solver_stress_00153,line_chain,500,-40,2,canonical,1,2,9.9999999999999995e-08,1.0000000000000001e-05,2.125,2.0825,0,2.0000000000000001e-09,True,3e15c0358fb3c5ef509a9bb684ec07fce85eb9e40761985019150fc5589f04e3
solver_stress_00154,line_chain,500,-40,2,canonical,2,2,1.4999999999999999e-07,1.5000000000000002e-05,2.125,2.0825,0,3.0000000000000004e-09,True,aee9c8ec4bac29e5c9a441869dfcd0d012006f3100adeb98c05d3822babea433
solver_stress_00155,line_chain,500,-40,2,canonical,3,2,1.9999999999999999e-07,2.0000000000000002e-05,2.125,2.0825,0,4.0000000000000002e-09,True,179a8a506d9b0025aecc286cf3b7753468505fdbed37cecddaaff5efb24182ab
solver_stress_00156,line_chain,500,-40,2,reversed,0,2,4.9999999999999998e-08,5.0000000000000004e-06,2.125,2.0825,0,1.0000000000000001e-09,True,8b4be9f58b73c42f5e067c654a768bd67cf66a3e0dfdb042e1a696201acab8b1
solver_stress_00157,line_chain,500,-40,2,reversed,1,2,9.9999999999999995e-08,1.0000000000000001e-05,2.125,2.0825,0,2.0000000000000001e-09,True,3e15c0358fb3c5ef509a9bb684ec07fce85eb9e40761985019150fc5589f04e3
solver_stress_00158,line_chain,500,-40,2,reversed,2,2,1.4999999999999999e-07,1.5000000000000002e-05,2.125,2.0825,0,3.0000000000000004e-09,True,aee9c8ec4bac29e5c9a441869dfcd0d012006f3100adeb98c05d3822babea433
solver_stress_00159,line_chain,500,-40,2,reversed,3,2,1.9999999999999999e-07,2.0000000000000002e-05,2.125,2.0825,0,4.0000000000000002e-09,True,179a8a506d9b0025aecc286cf3b7753468505fdbed37cecddaaff5efb24182ab
solver_stress_00160,line_chain,500,-40,4,canonical,0,2,2.4999999999999999e-08,2.5000000000000002e-06,2.125,2.0825,0,1.0000000000000001e-09,True,5f9895092bd7a5c847a6f1b7970f71a09d7b91c9372d3a68d49cc9cb62dfe7b2
solver_stress_00161,line_chain,500,-40,4,canonical,1,2,4.9999999999999998e-08,5.0000000000000004e-06,2.125,2.0825,0,2.0000000000000001e-09,True,2ed2cf3a88f6c39ece74e2b5df48736679b124f6a6c52b5faec09a45f8958ea1
solver_stress_00162,line_chain,500,-40,4,canonical,2,2,7.4999999999999997e-08,7.500000000000001e-06,2.125,2.0825,0,3.0000000000000004e-09,True,26ba08a62d32109ba6100b567c1d436f27dc3ed1ea98eae7c52c0543f144c7b6
solver_stress_00163,line_chain,500,-40,4,canonical,3,2,9.9999999999999995e-08,1.0000000000000001e-05,2.125,2.0825,0,4.0000000000000002e-09,True,88ad7f638312d916e749f26e3f3b6928a56343279180ecf6fa5682fd28132bbc
solver_stress_00164,line_chain,500,-40,4,reversed,0,2,2.4999999999999999e-08,2.5000000000000002e-06,2.125,2.0825,0,1.0000000000000001e-09,True,5f9895092bd7a5c847a6f1b7970f71a09d7b91c9372d3a68d49cc9cb62dfe7b2
solver_stress_00165,line_chain,500,-40,4,reversed,1,2,4.9999999999999998e-08,5.0000000000000004e-06,2.125,2.0825,0,2.0000000000000001e-09,True,2ed2cf3a88f6c39ece74e2b5df48736679b124f6a6c52b5faec09a45f8958ea1
solver_stress_00166,line_chain,500,-40,4,reversed,2,2,7.4999999999999997e-08,7.500000000000001e-06,2.125,2.0825,0,3.0000000000000004e-09,True,26ba08a62d32109ba6100b567c1d436f27dc3ed1ea98eae7c52c0543f144c7b6
solver_stress_00167,line_chain,500,-40,4,reversed,3,2,9.9999999999999995e-08,1.0000000000000001e-05,2.125,2.0825,0,4.0000000000000002e-09,True,88ad7f638312d916e749f26e3f3b6928a56343279180ecf6fa5682fd28132bbc
solver_stress_00168,line_chain,500,0,1,canonical,0,2,9.9999999999999995e-08,1.0000000000000001e-05,2.125,2.0825,0,1.0000000000000001e-09,True,1fc4667408b5d561c0a71579c973730931bf273a701bf9abee90ca0971ad1e1f
solver_stress_00169,line_chain,500,0,1,canonical,1,2,1.9999999999999999e-07,2.0000000000000002e-05,2.125,2.0825,0,2.0000000000000001e-09,True,3a14e5ae791d4b8700deb7f7423d3a32866cb02efc24c5d767e46fb3ecb81c5f
solver_stress_00170,line_chain,500,0,1,canonical,2,2,2.9999999999999999e-07,3.0000000000000004e-05,2.125,2.0825,0,3.0000000000000004e-09,True,cd74fc9e454e78a9f3936e2807bb259d5ed1e7750a985b9c5b965813d53317ca
solver_stress_00171,line_chain,500,0,1,canonical,3,2,3.9999999999999998e-07,4.0000000000000003e-05,2.125,2.0825,0,4.0000000000000002e-09,True,6cdd8b339c9941c9c5547a6a9eafccb229539391ceac1ff55fd8cfc2612f5d46
solver_stress_00172,line_chain,500,0,1,reversed,0,2,9.9999999999999995e-08,1.0000000000000001e-05,2.125,2.0825,0,1.0000000000000001e-09,True,1fc4667408b5d561c0a71579c973730931bf273a701bf9abee90ca0971ad1e1f
solver_stress_00173,line_chain,500,0,1,reversed,1,2,1.9999999999999999e-07,2.0000000000000002e-05,2.125,2.0825,0,2.0000000000000001e-09,True,3a14e5ae791d4b8700deb7f7423d3a32866cb02efc24c5d767e46fb3ecb81c5f
solver_stress_00174,line_chain,500,0,1,reversed,2,2,2.9999999999999999e-07,3.0000000000000004e-05,2.125,2.0825,0,3.0000000000000004e-09,True,cd74fc9e454e78a9f3936e2807bb259d5ed1e7750a985b9c5b965813d53317ca
solver_stress_00175,line_chain,500,0,1,reversed,3,2,3.9999999999999998e-07,4.0000000000000003e-05,2.125,2.0825,0,4.0000000000000002e-09,True,6cdd8b339c9941c9c5547a6a9eafccb229539391ceac1ff55fd8cfc2612f5d46
solver_stress_00176,line_chain,500,0,2,canonical,0,2,4.9999999999999998e-08,5.0000000000000004e-06,2.125,2.0825,0,1.0000000000000001e-09,True,82b7d3aefd51507e56e65f7eeaac63914fc8fcc01fe1e2f6f349662f392ea233
solver_stress_00177,line_chain,500,0,2,canonical,1,2,9.9999999999999995e-08,1.0000000000000001e-05,2.125,2.0825,0,2.0000000000000001e-09,True,7e096bdc8eccedd0a353687829e0f306ee1bdd86817fa95f560e7010ba1ae65a
solver_stress_00178,line_chain,500,0,2,canonical,2,2,1.4999999999999999e-07,1.5000000000000002e-05,2.125,2.0825,0,3.0000000000000004e-09,True,acc29fa6e65d4f75678d7b7c8a0e05843c0b7812c720e9424472c4c0038d5bc7
solver_stress_00179,line_chain,500,0,2,canonical,3,2,1.9999999999999999e-07,2.0000000000000002e-05,2.125,2.0825,0,4.0000000000000002e-09,True,c9a00559b3a612761b48647bda6681daefe1663d2c16c0c62e84aeb720d82baf
solver_stress_00180,line_chain,500,0,2,reversed,0,2,4.9999999999999998e-08,5.0000000000000004e-06,2.125,2.0825,0,1.0000000000000001e-09,True,82b7d3aefd51507e56e65f7eeaac63914fc8fcc01fe1e2f6f349662f392ea233
solver_stress_00181,line_chain,500,0,2,reversed,1,2,9.9999999999999995e-08,1.0000000000000001e-05,2.125,2.0825,0,2.0000000000000001e-09,True,7e096bdc8eccedd0a353687829e0f306ee1bdd86817fa95f560e7010ba1ae65a
solver_stress_00182,line_chain,500,0,2,reversed,2,2,1.4999999999999999e-07,1.5000000000000002e-05,2.125,2.0825,0,3.0000000000000004e-09,True,acc29fa6e65d4f75678d7b7c8a0e05843c0b7812c720e9424472c4c0038d5bc7
solver_stress_00183,line_chain,500,0,2,reversed,3,2,1.9999999999999999e-07,2.0000000000000002e-05,2.125,2.0825,0,4.0000000000000002e-09,True,c9a00559b3a612761b48647bda6681daefe1663d2c16c0c62e84aeb720d82baf
solver_stress_00184,line_chain,500,0,4,canonical,0,2,2.4999999999999999e-08,2.5000000000000002e-06,2.125,2.0825,0,1.0000000000000001e-09,True,d7efbc4e823df0919be83306b01c597ef95e190f4d26bcd1c38e9f97b8eb6348
solver_stress_00185,line_chain,500,0,4,canonical,1,2,4.9999999999999998e-08,5.0000000000000004e-06,2.125,2.0825,0,2.0000000000000001e-09,True,6ea6f29c1ede74deddca71b2a1970f9b0a0516fd172c3d3039f046ea85068634
solver_stress_00186,line_chain,500,0,4,canonical,2,2,7.4999999999999997e-08,7.500000000000001e-06,2.125,2.0825,0,3.0000000000000004e-09,True,a0dc5a768ba421fb908c9981e3583e52b207f39bdfc60d0bd44595c86da67090
solver_stress_00187,line_chain,500,0,4,canonical,3,2,9.9999999999999995e-08,1.0000000000000001e-05,2.125,2.0825,0,4.0000000000000002e-09,True,9b57928989d1ab01b90e4b510c2c92d5b051993beae88ed21bcbb5b25486b77f
solver_stress_00188,line_chain,500,0,4,reversed,0,2,2.4999999999999999e-08,2.5000000000000002e-06,2.125,2.0825,0,1.0000000000000001e-09,True,d7efbc4e823df0919be83306b01c597ef95e190f4d26bcd1c38e9f97b8eb6348
solver_stress_00189,line_chain,500,0,4,reversed,1,2,4.9999999999999998e-08,5.0000000000000004e-06,2.125,2.0825,0,2.0000000000000001e-09,True,6ea6f29c1ede74deddca71b2a1970f9b0a0516fd172c3d3039f046ea85068634
solver_stress_00190,line_chain,500,0,4,reversed,2,2,7.4999999999999997e-08,7.500000000000001e-06,2.125,2.0825,0,3.0000000000000004e-09,True,a0dc5a768ba421fb908c9981e3583e52b207f39bdfc60d0bd44595c86da67090
solver_stress_00191,line_chain,500,0,4,reversed,3,2,9.9999999999999995e-08,1.0000000000000001e-05,2.125,2.0825,0,4.0000000000000002e-09,True,9b57928989d1ab01b90e4b510c2c92d5b051993beae88ed21bcbb5b25486b77f
solver_stress_00192,line_chain,500,40,1,canonical,0,2,9.9999999999999995e-08,1.0000000000000001e-05,2.125,2.0825,0,1.0000000000000001e-09,True,414e1ff4192c83dcd4b009576c1bdd0f536a578527a14d692affd17df8582f41
solver_stress_00193,line_chain,500,40,1,canonical,1,2,1.9999999999999999e-07,2.0000000000000002e-05,2.125,2.0825,0,2.0000000000000001e-09,True,bfe59827006a55442cfd95c24199f99f8ac9fdfe037bda2b4b36ec25e2fa3116
solver_stress_00194,line_chain,500,40,1,canonical,2,2,2.9999999999999999e-07,3.0000000000000004e-05,2.125,2.0825,0,3.0000000000000004e-09,True,149955c3918d400c7c1c976e6c43c5d3998d184655b06320f54a01e733b4d98d
solver_stress_00195,line_chain,500,40,1,canonical,3,2,3.9999999999999998e-07,4.0000000000000003e-05,2.125,2.0825,0,4.0000000000000002e-09,True,c7bde49512f787db502d0792bbe80090a0de965ed6a3ae51774dedcebbe03717
solver_stress_00196,line_chain,500,40,1,reversed,0,2,9.9999999999999995e-08,1.0000000000000001e-05,2.125,2.0825,0,1.0000000000000001e-09,True,414e1ff4192c83dcd4b009576c1bdd0f536a578527a14d692affd17df8582f41
solver_stress_00197,line_chain,500,40,1,reversed,1,2,1.9999999999999999e-07,2.0000000000000002e-05,2.125,2.0825,0,2.0000000000000001e-09,True,bfe59827006a55442cfd95c24199f99f8ac9fdfe037bda2b4b36ec25e2fa3116
solver_stress_00198,line_chain,500,40,1,reversed,2,2,2.9999999999999999e-07,3.0000000000000004e-05,2.125,2.0825,0,3.0000000000000004e-09,True,149955c3918d400c7c1c976e6c43c5d3998d184655b06320f54a01e733b4d98d
solver_stress_00199,line_chain,500,40,1,reversed,3,2,3.9999999999999998e-07,4.0000000000000003e-05,2.125,2.0825,0,4.0000000000000002e-09,True,c7bde49512f787db502d0792bbe80090a0de965ed6a3ae51774dedcebbe03717
solver_stress_00200,line_chain,500,40,2,canonical,0,2,4.9999999999999998e-08,5.0000000000000004e-06,2.125,2.0825,0,1.0000000000000001e-09,True,4fc54e9053b15ad2d66efa33e4a600f091b4590debdd14a8d8dc4fca63a49df7
solver_stress_00201,line_chain,500,40,2,canonical,1,2,9.9999999999999995e-08,1.0000000000000001e-05,2.125,2.0825,0,2.0000000000000001e-09,True,2d927d5a6c0c3a154a4f5630fe7b2896e0abc9b8cee09a32f328c7f9d12d3b4f
solver_stress_00202,line_chain,500,40,2,canonical,2,2,1.4999999999999999e-07,1.5000000000000002e-05,2.125,2.0825,0,3.0000000000000004e-09,True,a45c48d4541343deb401d3e82935069d26b5b8024f6951e3659ea873a6f3e688
solver_stress_00203,line_chain,500,40,2,canonical,3,2,1.9999999999999999e-07,2.0000000000000002e-05,2.125,2.0825,0,4.0000000000000002e-09,True,66ac94016d9e21436f3de3becfb7c3c1c99863f7d53e775f197f524ac9545d99
solver_stress_00204,line_chain,500,40,2,reversed,0,2,4.9999999999999998e-08,5.0000000000000004e-06,2.125,2.0825,0,1.0000000000000001e-09,True,4fc54e9053b15ad2d66efa33e4a600f091b4590debdd14a8d8dc4fca63a49df7
solver_stress_00205,line_chain,500,40,2,reversed,1,2,9.9999999999999995e-08,1.0000000000000001e-05,2.125,2.0825,0,2.0000000000000001e-09,True,2d927d5a6c0c3a154a4f5630fe7b2896e0abc9b8cee09a32f328c7f9d12d3b4f
solver_stress_00206,line_chain,500,40,2,reversed,2,2,1.4999999999999999e-07,1.5000000000000002e-05,2.125,2.0825,0,3.0000000000000004e-09,True,a45c48d4541343deb401d3e82935069d26b5b8024f6951e3659ea873a6f3e688
solver_stress_00207,line_chain,500,40,2,reversed,3,2,1.9999999999999999e-07,2.0000000000000002e-05,2.125,2.0825,0,4.0000000000000002e-09,True,66ac94016d9e21436f3de3becfb7c3c1c99863f7d53e775f197f524ac9545d99
solver_stress_00208,line_chain,500,40,4,canonical,0,2,2.4999999999999999e-08,2.5000000000000002e-06,2.125,2.0825,0,1.0000000000000001e-09,True,678a227ea9b83aa13f88de66dac2e9164352154488e6458050b339bc985205f7
solver_stress_00209,line_chain,500,40,4,canonical,1,2,4.9999999999999998e-08,5.0000000000000004e-06,2.125,2.0825,0,2.0000000000000001e-09,True,d0e23fc24d25b95e668f2d5449dd3e12faddbb8b749e7461b2fbedf26af16f7c
solver_stress_00210,line_chain,500,40,4,canonical,2,2,7.4999999999999997e-08,7.500000000000001e-06,2.125,2.0825,0,3.0000000000000004e-09,True,fff0bae8dab7133f9afbc20fd2550b63f215a168bc5b645f7fa84282e929695e
solver_stress_00211,line_chain,500,40,4,canonical,3,2,9.9999999999999995e-08,1.0000000000000001e-05,2.125,2.0825,0,4.0000000000000002e-09,True,9f1a309eddb76205b04a59f3046d4b96801b3e6e25f555fd12d19c85284d9449
solver_stress_00212,line_chain,500,40,4,reversed,0,2,2.4999999999999999e-08,2.5000000000000002e-06,2.125,2.0825,0,1.0000000000000001e-09,True,678a227ea9b83aa13f88de66dac2e9164352154488e6458050b339bc985205f7
solver_stress_00213,line_chain,500,40,4,reversed,1,2,4.9999999999999998e-08,5.0000000000000004e-06,2.125,2.0825,0,2.0000000000000001e-09,True,d0e23fc24d25b95e668f2d5449dd3e12faddbb8b749e7461b2fbedf26af16f7c
solver_stress_00214,line_chain,500,40,4,reversed,2,2,7.4999999999999997e-08,7.500000000000001e-06,2.125,2.0825,0,3.0000000000000004e-09,True,fff0bae8dab7133f9afbc20fd2550b63f215a168bc5b645f7fa84282e929695e
solver_stress_00215,line_chain,500,40,4,reversed,3,2,9.9999999999999995e-08,1.0000000000000001e-05,2.125,2.0825,0,4.0000000000000002e-09,True,9f1a309eddb76205b04a59f3046d4b96801b3e6e25f555fd12d19c85284d9449
solver_stress_00216,line_chain,1000,-40,1,canonical,0,2,9.9999999999999995e-08,1.0000000000000001e-05,8.5,8.3300000000000001,0,1.0000000000000001e-09,True,4e31b4f820ee7cf40458604c33f131a2bd4a782f1d24765ed38a4d267f695a5e
solver_stress_00217,line_chain,1000,-40,1,canonical,1,2,1.9999999999999999e-07,2.0000000000000002e-05,8.5,8.3300000000000001,0,2.0000000000000001e-09,True,763ab60ffb2587d2493c5bf5c738b357695c647314b1b45dcddf44e7fd269279
solver_stress_00218,line_chain,1000,-40,1,canonical,2,2,2.9999999999999999e-07,3.0000000000000004e-05,8.5,8.3300000000000001,0,3.0000000000000004e-09,True,9a0da17a1af94ab5ae04eb8a061fd2e5ff4cb3df475427b5202a79a6a211a246
solver_stress_00219,line_chain,1000,-40,1,canonical,3,2,3.9999999999999998e-07,4.0000000000000003e-05,8.5,8.3300000000000001,0,4.0000000000000002e-09,True,498e0f9273b227b79898c4083882f89167c29ea080a0412d556b2bd68b0d109a
solver_stress_00220,line_chain,1000,-40,1,reversed,0,2,9.9999999999999995e-08,1.0000000000000001e-05,8.5,8.3300000000000001,0,1.0000000000000001e-09,True,4e31b4f820ee7cf40458604c33f131a2bd4a782f1d24765ed38a4d267f695a5e
solver_stress_00221,line_chain,1000,-40,1,reversed,1,2,1.9999999999999999e-07,2.0000000000000002e-05,8.5,8.3300000000000001,0,2.0000000000000001e-09,True,763ab60ffb2587d2493c5bf5c738b357695c647314b1b45dcddf44e7fd269279
solver_stress_00222,line_chain,1000,-40,1,reversed,2,2,2.9999999999999999e-07,3.0000000000000004e-05,8.5,8.3300000000000001,0,3.0000000000000004e-09,True,9a0da17a1af94ab5ae04eb8a061fd2e5ff4cb3df475427b5202a79a6a211a246
solver_stress_00223,line_chain,1000,-40,1,reversed,3,2,3.9999999999999998e-07,4.0000000000000003e-05,8.5,8.3300000000000001,0,4.0000000000000002e-09,True,498e0f9273b227b79898c4083882f89167c29ea080a0412d556b2bd68b0d109a
solver_stress_00224,line_chain,1000,-40,2,canonical,0,2,4.9999999999999998e-08,5.0000000000000004e-06,8.5,8.3300000000000001,0,1.0000000000000001e-09,True,d4760eea2d1c0f16cb85f13618996724107c50124400ec0fac7d654281225f61
solver_stress_00225,line_chain,1000,-40,2,canonical,1,2,9.9999999999999995e-08,1.0000000000000001e-05,8.5,8.3300000000000001,0,2.0000000000000001e-09,True,1607704989e8826e0ecf55f932ec20e188aab18f61d8d2570f7c721cf3ecab7e
solver_stress_00226,line_chain,1000,-40,2,canonical,2,2,1.4999999999999999e-07,1.5000000000000002e-05,8.5,8.3300000000000001,0,3.0000000000000004e-09,True,8fa16ada5df2737a2e5d169adce0d3f62393c90f313a7045b13ebf7e1ce30b7d
solver_stress_00227,line_chain,1000,-40,2,canonical,3,2,1.9999999999999999e-07,2.0000000000000002e-05,8.5,8.3300000000000001,0,4.0000000000000002e-09,True,054fdf4deebffdb8d2177617f4acb4bd12cbfcfb1a08e88ead2c65b91f58dcde
solver_stress_00228,line_chain,1000,-40,2,reversed,0,2,4.9999999999999998e-08,5.0000000000000004e-06,8.5,8.3300000000000001,0,1.0000000000000001e-09,True,d4760eea2d1c0f16cb85f13618996724107c50124400ec0fac7d654281225f61
solver_stress_00229,line_chain,1000,-40,2,reversed,1,2,9.9999999999999995e-08,1.0000000000000001e-05,8.5,8.3300000000000001,0,2.0000000000000001e-09,True,1607704989e8826e0ecf55f932ec20e188aab18f61d8d2570f7c721cf3ecab7e
solver_stress_00230,line_chain,1000,-40,2,reversed,2,2,1.4999999999999999e-07,1.5000000000000002e-05,8.5,8.3300000000000001,0,3.0000000000000004e-09,True,8fa16ada5df2737a2e5d169adce0d3f62393c90f313a7045b13ebf7e1ce30b7d
solver_stress_00231,line_chain,1000,-40,2,reversed,3,2,1.9999999999999999e-07,2.0000000000000002e-05,8.5,8.3300000000000001,0,4.0000000000000002e-09,True,054fdf4deebffdb8d2177617f4acb4bd12cbfcfb1a08e88ead2c65b91f58dcde
solver_stress_00232,line_chain,1000,-40,4,canonical,0,2,2.4999999999999999e-08,2.5000000000000002e-06,8.5,8.3300000000000001,0,1.0000000000000001e-09,True,e74095e1257d939780ba208ee7554d890b5db4840eace154adbc43f533ac9738
solver_stress_00233,line_chain,1000,-40,4,canonical,1,2,4.9999999999999998e-08,5.0000000000000004e-06,8.5,8.3300000000000001,0,2.0000000000000001e-09,True,763fc5633811131afeea3d702eedaf0e48d4f8b9b6602314c4bda1db254678b8
solver_stress_00234,line_chain,1000,-40,4,canonical,2,2,7.4999999999999997e-08,7.500000000000001e-06,8.5,8.3300000000000001,0,3.0000000000000004e-09,True,3542039af5881858b99191b239cdf90995c695d893d61032e80126f82a2ff94b
solver_stress_00235,line_chain,1000,-40,4,canonical,3,2,9.9999999999999995e-08,1.0000000000000001e-05,8.5,8.3300000000000001,0,4.0000000000000002e-09,True,ca72a8fa93c06072114e95667b3acd42aa842f5c2c6b24143eb5ff1757057711
solver_stress_00236,line_chain,1000,-40,4,reversed,0,2,2.4999999999999999e-08,2.5000000000000002e-06,8.5,8.3300000000000001,0,1.0000000000000001e-09,True,e74095e1257d939780ba208ee7554d890b5db4840eace154adbc43f533ac9738
solver_stress_00237,line_chain,1000,-40,4,reversed,1,2,4.9999999999999998e-08,5.0000000000000004e-06,8.5,8.3300000000000001,0,2.0000000000000001e-09,True,763fc5633811131afeea3d702eedaf0e48d4f8b9b6602314c4bda1db254678b8
solver_stress_00238,line_chain,1000,-40,4,reversed,2,2,7.4999999999999997e-08,7.500000000000001e-06,8.5,8.3300000000000001,0,3.0000000000000004e-09,True,3542039af5881858b99191b239cdf90995c695d893d61032e80126f82a2ff94b
solver_stress_00239,line_chain,1000,-40,4,reversed,3,2,9.9999999999999995e-08,1.0000000000000001e-05,8.5,8.3300000000000001,0,4.0000000000000002e-09,True,ca72a8fa93c06072114e95667b3acd42aa842f5c2c6b24143eb5ff1757057711
solver_stress_00240,line_chain,1000,0,1,canonical,0,2,9.9999999999999995e-08,1.0000000000000001e-05,8.5,8.3300000000000001,0,1.0000000000000001e-09,True,8c377cd22ce818fe7f1ac923d8cf18d43dd8aa80e3e37cf5f06f2cf976c6ff8e
solver_stress_00241,line_chain,1000,0,1,canonical,1,2,1.9999999999999999e-07,2.0000000000000002e-05,8.5,8.3300000000000001,0,2.0000000000000001e-09,True,8bc9bc2e83bcf167e253f022f11059adb6727c763cddfb71c006c1daf1574ff8
solver_stress_00242,line_chain,1000,0,1,canonical,2,2,2.9999999999999999e-07,3.0000000000000004e-05,8.5,8.3300000000000001,0,3.0000000000000004e-09,True,7d0e8e99eee7af0a7c1a4eb457af602fd11329666e36a1effb3deda7fcfb3e00
solver_stress_00243,line_chain,1000,0,1,canonical,3,2,3.9999999999999998e-07,4.0000000000000003e-05,8.5,8.3300000000000001,0,4.0000000000000002e-09,True,4939a98ba782df47700490521c190995644c67103074cb77a096e37febb788e0
solver_stress_00244,line_chain,1000,0,1,reversed,0,2,9.9999999999999995e-08,1.0000000000000001e-05,8.5,8.3300000000000001,0,1.0000000000000001e-09,True,8c377cd22ce818fe7f1ac923d8cf18d43dd8aa80e3e37cf5f06f2cf976c6ff8e
solver_stress_00245,line_chain,1000,0,1,reversed,1,2,1.9999999999999999e-07,2.0000000000000002e-05,8.5,8.3300000000000001,0,2.0000000000000001e-09,True,8bc9bc2e83bcf167e253f022f11059adb6727c763cddfb71c006c1daf1574ff8
solver_stress_00246,line_chain,1000,0,1,reversed,2,2,2.9999999999999999e-07,3.0000000000000004e-05,8.5,8.3300000000000001,0,3.0000000000000004e-09,True,7d0e8e99eee7af0a7c1a4eb457af602fd11329666e36a1effb3deda7fcfb3e00
solver_stress_00247,line_chain,1000,0,1,reversed,3,2,3.9999999999999998e-07,4.0000000000000003e-05,8.5,8.3300000000000001,0,4.0000000000000002e-09,True,4939a98ba782df47700490521c190995644c67103074cb77a096e37febb788e0
solver_stress_00248,line_chain,1000,0,2,canonical,0,2,4.9999999999999998e-08,5.0000000000000004e-06,8.5,8.3300000000000001,0,1.0000000000000001e-09,True,72edb489dfdb167d3b50d3ced239f4d974cfe497145551869d4d8a6999a1632e
solver_stress_00249,line_chain,1000,0,2,canonical,1,2,9.9999999999999995e-08,1.0000000000000001e-05,8.5,8.3300000000000001,0,2.0000000000000001e-09,True,59153c4ef5f8de676d935e75888f69a19ab5a17d4713719468b00746a5da0098
solver_stress_00250,line_chain,1000,0,2,canonical,2,2,1.4999999999999999e-07,1.5000000000000002e-05,8.5,8.3300000000000001,0,3.0000000000000004e-09,True,bdaa16b0d8a7a159e69a101dc2daf5ad49afa7884828f2390d4f5fe3511c5b56
solver_stress_00251,line_chain,1000,0,2,canonical,3,2,1.9999999999999999e-07,2.0000000000000002e-05,8.5,8.3300000000000001,0,4.0000000000000002e-09,True,646b4235799048384660b37def0ae5b877162f3e5f729480ee4afd18d8e01abd
solver_stress_00252,line_chain,1000,0,2,reversed,0,2,4.9999999999999998e-08,5.0000000000000004e-06,8.5,8.3300000000000001,0,1.0000000000000001e-09,True,72edb489dfdb167d3b50d3ced239f4d974cfe497145551869d4d8a6999a1632e
solver_stress_00253,line_chain,1000,0,2,reversed,1,2,9.9999999999999995e-08,1.0000000000000001e-05,8.5,8.3300000000000001,0,2.0000000000000001e-09,True,59153c4ef5f8de676d935e75888f69a19ab5a17d4713719468b00746a5da0098
solver_stress_00254,line_chain,1000,0,2,reversed,2,2,1.4999999999999999e-07,1.5000000000000002e-05,8.5,8.3300000000000001,0,3.0000000000000004e-09,True,bdaa16b0d8a7a159e69a101dc2daf5ad49afa7884828f2390d4f5fe3511c5b56
solver_stress_00255,line_chain,1000,0,2,reversed,3,2,1.9999999999999999e-07,2.0000000000000002e-05,8.5,8.3300000000000001,0,4.0000000000000002e-09,True,646b4235799048384660b37def0ae5b877162f3e5f729480ee4afd18d8e01abd
solver_stress_00256,line_chain,1000,0,4,canonical,0,2,2.4999999999999999e-08,2.5000000000000002e-06,8.5,8.3300000000000001,0,1.0000000000000001e-09,True,f70de06669708a184635c9d48918bdf8fd092c9f86d771fdfc9ed49650cd2044
solver_stress_00257,line_chain,1000,0,4,canonical,1,2,4.9999999999999998e-08,5.0000000000000004e-06,8.5,8.3300000000000001,0,2.0000000000000001e-09,True,6ba2fa875a9358b99120fe4abcd643171d1c96f1695538d316e57ba9537dcbbd
solver_stress_00258,line_chain,1000,0,4,canonical,2,2,7.4999999999999997e-08,7.500000000000001e-06,8.5,8.3300000000000001,0,3.0000000000000004e-09,True,e02fc043bdb03dbfc1bd93196341a26a6ff34ed819cb509e7d0e95688541a05b
solver_stress_00259,line_chain,1000,0,4,canonical,3,2,9.9999999999999995e-08,1.0000000000000001e-05,8.5,8.3300000000000001,0,4.0000000000000002e-09,True,93da715d4a39c65da15a4640fd6ff51609f4050d7119b17548b3aa2235363a58
solver_stress_00260,line_chain,1000,0,4,reversed,0,2,2.4999999999999999e-08,2.5000000000000002e-06,8.5,8.3300000000000001,0,1.0000000000000001e-09,True,f70de06669708a184635c9d48918bdf8fd092c9f86d771fdfc9ed49650cd2044
solver_stress_00261,line_chain,1000,0,4,reversed,1,2,4.9999999999999998e-08,5.0000000000000004e-06,8.5,8.3300000000000001,0,2.0000000000000001e-09,True,6ba2fa875a9358b99120fe4abcd643171d1c96f1695538d316e57ba9537dcbbd
solver_stress_00262,line_chain,1000,0,4,reversed,2,2,7.4999999999999997e-08,7.500000000000001e-06,8.5,8.3300000000000001,0,3.0000000000000004e-09,True,e02fc043bdb03dbfc1bd93196341a26a6ff34ed819cb509e7d0e95688541a05b
solver_stress_00263,line_chain,1000,0,4,reversed,3,2,9.9999999999999995e-08,1.0000000000000001e-05,8.5,8.3300000000000001,0,4.0000000000000002e-09,True,93da715d4a39c65da15a4640fd6ff51609f4050d7119b17548b3aa2235363a58
solver_stress_00264,line_chain,1000,40,1,canonical,0,2,9.9999999999999995e-08,1.0000000000000001e-05,8.5,8.3300000000000001,0,1.0000000000000001e-09,True,5d4dab841fbd698c9152273fc2f17bfebb9d6bcf6c66e6c24c7402fe4b63358d
solver_stress_00265,line_chain,1000,40,1,canonical,1,2,1.9999999999999999e-07,2.0000000000000002e-05,8.5,8.3300000000000001,0,2.0000000000000001e-09,True,8b68126cd091bcc1ba768d704dff546f14d2dbcf683c1e0a324b8e593a08454b
solver_stress_00266,line_chain,1000,40,1,canonical,2,2,2.9999999999999999e-07,3.0000000000000004e-05,8.5,8.3300000000000001,0,3.0000000000000004e-09,True,d5b5e1cc8199e3360e731a09dd958b2f2997a4d0101331896be519d6470a7683
solver_stress_00267,line_chain,1000,40,1,canonical,3,2,3.9999999999999998e-07,4.0000000000000003e-05,8.5,8.3300000000000001,0,4.0000000000000002e-09,True,e948ae2227843fa419d418d523e02d50400e131d894a13df64f78477e43a937d
solver_stress_00268,line_chain,1000,40,1,reversed,0,2,9.9999999999999995e-08,1.0000000000000001e-05,8.5,8.3300000000000001,0,1.0000000000000001e-09,True,5d4dab841fbd698c9152273fc2f17bfebb9d6bcf6c66e6c24c7402fe4b63358d
solver_stress_00269,line_chain,1000,40,1,reversed,1,2,1.9999999999999999e-07,2.0000000000000002e-05,8.5,8.3300000000000001,0,2.0000000000000001e-09,True,8b68126cd091bcc1ba768d704dff546f14d2dbcf683c1e0a324b8e593a08454b
solver_stress_00270,line_chain,1000,40,1,reversed,2,2,2.9999999999999999e-07,3.0000000000000004e-05,8.5,8.3300000000000001,0,3.0000000000000004e-09,True,d5b5e1cc8199e3360e731a09dd958b2f2997a4d0101331896be519d6470a7683
solver_stress_00271,line_chain,1000,40,1,reversed,3,2,3.9999999999999998e-07,4.0000000000000003e-05,8.5,8.3300000000000001,0,4.0000000000000002e-09,True,e948ae2227843fa419d418d523e02d50400e131d894a13df64f78477e43a937d
solver_stress_00272,line_chain,1000,40,2,canonical,0,2,4.9999999999999998e-08,5.0000000000000004e-06,8.5,8.3300000000000001,0,1.0000000000000001e-09,True,883d1588b46d6aeffaca1e1a8986a5d8a5b9412100b1f350a8a77fd7b013d4c9
solver_stress_00273,line_chain,1000,40,2,canonical,1,2,9.9999999999999995e-08,1.0000000000000001e-05,8.5,8.3300000000000001,0,2.0000000000000001e-09,True,57f6df8ca070b27183593ffe0c96c603ee6c11bf29ad4f16de901e4e0abf7784
solver_stress_00274,line_chain,1000,40,2,canonical,2,2,1.4999999999999999e-07,1.5000000000000002e-05,8.5,8.3300000000000001,0,3.0000000000000004e-09,True,8fb4054119c061d1bc5c98fe6ef79d591b567f4ca302930603c9ea4735a3a0a0
solver_stress_00275,line_chain,1000,40,2,canonical,3,2,1.9999999999999999e-07,2.0000000000000002e-05,8.5,8.3300000000000001,0,4.0000000000000002e-09,True,18f31afcd4d355005de37f02bf720e8109c73e63de22c21aa89c9abcac61e85d
solver_stress_00276,line_chain,1000,40,2,reversed,0,2,4.9999999999999998e-08,5.0000000000000004e-06,8.5,8.3300000000000001,0,1.0000000000000001e-09,True,883d1588b46d6aeffaca1e1a8986a5d8a5b9412100b1f350a8a77fd7b013d4c9
solver_stress_00277,line_chain,1000,40,2,reversed,1,2,9.9999999999999995e-08,1.0000000000000001e-05,8.5,8.3300000000000001,0,2.0000000000000001e-09,True,57f6df8ca070b27183593ffe0c96c603ee6c11bf29ad4f16de901e4e0abf7784
solver_stress_00278,line_chain,1000,40,2,reversed,2,2,1.4999999999999999e-07,1.5000000000000002e-05,8.5,8.3300000000000001,0,3.0000000000000004e-09,True,8fb4054119c061d1bc5c98fe6ef79d591b567f4ca302930603c9ea4735a3a0a0
solver_stress_00279,line_chain,1000,40,2,reversed,3,2,1.9999999999999999e-07,2.0000000000000002e-05,8.5,8.3300000000000001,0,4.0000000000000002e-09,True,18f31afcd4d355005de37f02bf720e8109c73e63de22c21aa89c9abcac61e85d
solver_stress_00280,line_chain,1000,40,4,canonical,0,2,2.4999999999999999e-08,2.5000000000000002e-06,8.5,8.3300000000000001,0,1.0000000000000001e-09,True,c1b1e226e1171a5c1f04122cb4c3612d98390992c084cb94af9f34eef9a4864b
solver_stress_00281,line_chain,1000,40,4,canonical,1,2,4.9999999999999998e-08,5.0000000000000004e-06,8.5,8.3300000000000001,0,2.0000000000000001e-09,True,20b15bed19284b9f4dcea58f401975bae815fe6c72c631e42328a94f9bb3c584
solver_stress_00282,line_chain,1000,40,4,canonical,2,2,7.4999999999999997e-08,7.500000000000001e-06,8.5,8.3300000000000001,0,3.0000000000000004e-09,True,f09d824f6e3472eef0d3c01b9ac95e1647fd0c25cf84003653cd16448badd2f0
solver_stress_00283,line_chain,1000,40,4,canonical,3,2,9.9999999999999995e-08,1.0000000000000001e-05,8.5,8.3300000000000001,0,4.0000000000000002e-09,True,daa9fc6fa4b620150ce442abac07b24e548e6b67d2e2c324375108cbb7e93214
solver_stress_00284,line_chain,1000,40,4,reversed,0,2,2.4999999999999999e-08,2.5000000000000002e-06,8.5,8.3300000000000001,0,1.0000000000000001e-09,True,c1b1e226e1171a5c1f04122cb4c3612d98390992c084cb94af9f34eef9a4864b
solver_stress_00285,line_chain,1000,40,4,reversed,1,2,4.9999999999999998e-08,5.0000000000000004e-06,8.5,8.3300000000000001,0,2.0000000000000001e-09,True,20b15bed19284b9f4dcea58f401975bae815fe6c72c631e42328a94f9bb3c584
solver_stress_00286,line_chain,1000,40,4,reversed,2,2,7.4999999999999997e-08,7.500000000000001e-06,8.5,8.3300000000000001,0,3.0000000000000004e-09,True,f09d824f6e3472eef0d3c01b9ac95e1647fd0c25cf84003653cd16448badd2f0
solver_stress_00287,line_chain,1000,40,4,reversed,3,2,9.9999999999999995e-08,1.0000000000000001e-05,8.5,8.3300000000000001,0,4.0000000000000002e-09,True,daa9fc6fa4b620150ce442abac07b24e548e6b67d2e2c324375108cbb7e93214
solver_stress_00288,symmetric,25,-40,1,canonical,0,2,9.9999999999999995e-08,1.0000000000000001e-05,0.0053125000000000004,0.0053125000000000004,0,0,True,6841b37def5c6d40363e8bb6b50b860be492ed62745256164286ebec430c9821
solver_stress_00289,symmetric,25,-40,1,canonical,1,2,1.9999999999999999e-07,2.0000000000000002e-05,0.0053125000000000004,0.0053125000000000004,0,0,True,87f1d2a1e2829e264dd8b50a49a4b5743a554dd5cfde487e41a59f87df09c527
solver_stress_00290,symmetric,25,-40,1,canonical,2,2,2.9999999999999999e-07,3.0000000000000004e-05,0.0053125000000000004,0.0053125000000000004,0,0,True,344161560dbc91717d24139f6a1a56a98fdf5c899bffb3d849eac8c8bc07ef95
solver_stress_00291,symmetric,25,-40,1,canonical,3,2,3.9999999999999998e-07,4.0000000000000003e-05,0.0053125000000000004,0.0053125000000000004,0,0,True,b3db574ea8e9779f772b49081550bb7ee6a1cfdd0788b9132bc168373874d687
solver_stress_00292,symmetric,25,-40,1,reversed,0,2,9.9999999999999995e-08,1.0000000000000001e-05,0.0053125000000000004,0.0053125000000000004,0,0,True,6841b37def5c6d40363e8bb6b50b860be492ed62745256164286ebec430c9821
solver_stress_00293,symmetric,25,-40,1,reversed,1,2,1.9999999999999999e-07,2.0000000000000002e-05,0.0053125000000000004,0.0053125000000000004,0,0,True,87f1d2a1e2829e264dd8b50a49a4b5743a554dd5cfde487e41a59f87df09c527
solver_stress_00294,symmetric,25,-40,1,reversed,2,2,2.9999999999999999e-07,3.0000000000000004e-05,0.0053125000000000004,0.0053125000000000004,0,0,True,344161560dbc91717d24139f6a1a56a98fdf5c899bffb3d849eac8c8bc07ef95
solver_stress_00295,symmetric,25,-40,1,reversed,3,2,3.9999999999999998e-07,4.0000000000000003e-05,0.0053125000000000004,0.0053125000000000004,0,0,True,b3db574ea8e9779f772b49081550bb7ee6a1cfdd0788b9132bc168373874d687
solver_stress_00296,symmetric,25,-40,2,canonical,0,2,4.9999999999999998e-08,5.0000000000000004e-06,0.0053125000000000004,0.0053125000000000004,0,0,True,8183ef7e05dccf9ffaede5b793c9e6743ef5faf303b2f4d43788f666d2d7acf4
solver_stress_00297,symmetric,25,-40,2,canonical,1,2,9.9999999999999995e-08,1.0000000000000001e-05,0.0053125000000000004,0.0053125000000000004,0,0,True,3e0dd653c75a0ed0fc066a5cd01dfdaef70083422e33416f786b83b79a60d2d2
solver_stress_00298,symmetric,25,-40,2,canonical,2,2,1.4999999999999999e-07,1.5000000000000002e-05,0.0053125000000000004,0.0053125000000000004,0,0,True,998048ab95eb8ab343c9d2f209dfb297bac52560cd988360e87113d58913b2ad
solver_stress_00299,symmetric,25,-40,2,canonical,3,2,1.9999999999999999e-07,2.0000000000000002e-05,0.0053125000000000004,0.0053125000000000004,0,0,True,cd5b3ef511274c5397f2d2b21827f7d30771aa2dc5d991b02dbc65bbf460db98
solver_stress_00300,symmetric,25,-40,2,reversed,0,2,4.9999999999999998e-08,5.0000000000000004e-06,0.0053125000000000004,0.0053125000000000004,0,0,True,8183ef7e05dccf9ffaede5b793c9e6743ef5faf303b2f4d43788f666d2d7acf4
solver_stress_00301,symmetric,25,-40,2,reversed,1,2,9.9999999999999995e-08,1.0000000000000001e-05,0.0053125000000000004,0.0053125000000000004,0,0,True,3e0dd653c75a0ed0fc066a5cd01dfdaef70083422e33416f786b83b79a60d2d2
solver_stress_00302,symmetric,25,-40,2,reversed,2,2,1.4999999999999999e-07,1.5000000000000002e-05,0.0053125000000000004,0.0053125000000000004,0,0,True,998048ab95eb8ab343c9d2f209dfb297bac52560cd988360e87113d58913b2ad
solver_stress_00303,symmetric,25,-40,2,reversed,3,2,1.9999999999999999e-07,2.0000000000000002e-05,0.0053125000000000004,0.0053125000000000004,0,0,True,cd5b3ef511274c5397f2d2b21827f7d30771aa2dc5d991b02dbc65bbf460db98
solver_stress_00304,symmetric,25,-40,4,canonical,0,2,2.4999999999999999e-08,2.5000000000000002e-06,0.0053125000000000004,0.0053125000000000004,0,0,True,9b583eeb9362d2643103f544e8fbbda72e3caf9eae41d701f89e420d6e49869f
solver_stress_00305,symmetric,25,-40,4,canonical,1,2,4.9999999999999998e-08,5.0000000000000004e-06,0.0053125000000000004,0.0053125000000000004,0,0,True,249b21e75c2106b2e2759b0f99135ea9de9a2505935cd073d8ee8d4541f3233a
solver_stress_00306,symmetric,25,-40,4,canonical,2,2,7.4999999999999997e-08,7.500000000000001e-06,0.0053125000000000004,0.0053125000000000004,0,0,True,7bd06d796e7afb2fb1dde5c5816b04075b3d27420a4e36367efe0283ac92779b
solver_stress_00307,symmetric,25,-40,4,canonical,3,2,9.9999999999999995e-08,1.0000000000000001e-05,0.0053125000000000004,0.0053125000000000004,0,0,True,2bf9787469c432808fba8429a3d151c3db5e5d372375cf1c960c9dcd150831ab
solver_stress_00308,symmetric,25,-40,4,reversed,0,2,2.4999999999999999e-08,2.5000000000000002e-06,0.0053125000000000004,0.0053125000000000004,0,0,True,9b583eeb9362d2643103f544e8fbbda72e3caf9eae41d701f89e420d6e49869f
solver_stress_00309,symmetric,25,-40,4,reversed,1,2,4.9999999999999998e-08,5.0000000000000004e-06,0.0053125000000000004,0.0053125000000000004,0,0,True,249b21e75c2106b2e2759b0f99135ea9de9a2505935cd073d8ee8d4541f3233a
solver_stress_00310,symmetric,25,-40,4,reversed,2,2,7.4999999999999997e-08,7.500000000000001e-06,0.0053125000000000004,0.0053125000000000004,0,0,True,7bd06d796e7afb2fb1dde5c5816b04075b3d27420a4e36367efe0283ac92779b
solver_stress_00311,symmetric,25,-40,4,reversed,3,2,9.9999999999999995e-08,1.0000000000000001e-05,0.0053125000000000004,0.0053125000000000004,0,0,True,2bf9787469c432808fba8429a3d151c3db5e5d372375cf1c960c9dcd150831ab
solver_stress_00312,symmetric,25,0,1,canonical,0,2,9.9999999999999995e-08,1.0000000000000001e-05,0.0053125000000000004,0.0053125000000000004,0,0,True,9f9b5cfff3b8b0b7516de0a84d16169f6290fc137e4de3258badacfc65baab8e
solver_stress_00313,symmetric,25,0,1,canonical,1,2,1.9999999999999999e-07,2.0000000000000002e-05,0.0053125000000000004,0.0053125000000000004,0,0,True,6dd6fce219e5aeecc76415fd561d198d5170f124a4223d99c8e40dab362073b2
solver_stress_00314,symmetric,25,0,1,canonical,2,2,2.9999999999999999e-07,3.0000000000000004e-05,0.0053125000000000004,0.0053125000000000004,0,0,True,4113b738424c41276fdd5203121a01717fd7dc4a6ab39147dfce1973ef03eaef
solver_stress_00315,symmetric,25,0,1,canonical,3,2,3.9999999999999998e-07,4.0000000000000003e-05,0.0053125000000000004,0.0053125000000000004,0,0,True,874ffb93982020aec7e72c4a08abeb291bbbd772a2fe1e3d4fdceb63a6d67319
solver_stress_00316,symmetric,25,0,1,reversed,0,2,9.9999999999999995e-08,1.0000000000000001e-05,0.0053125000000000004,0.0053125000000000004,0,0,True,9f9b5cfff3b8b0b7516de0a84d16169f6290fc137e4de3258badacfc65baab8e
solver_stress_00317,symmetric,25,0,1,reversed,1,2,1.9999999999999999e-07,2.0000000000000002e-05,0.0053125000000000004,0.0053125000000000004,0,0,True,6dd6fce219e5aeecc76415fd561d198d5170f124a4223d99c8e40dab362073b2
solver_stress_00318,symmetric,25,0,1,reversed,2,2,2.9999999999999999e-07,3.0000000000000004e-05,0.0053125000000000004,0.0053125000000000004,0,0,True,4113b738424c41276fdd5203121a01717fd7dc4a6ab39147dfce1973ef03eaef
solver_stress_00319,symmetric,25,0,1,reversed,3,2,3.9999999999999998e-07,4.0000000000000003e-05,0.0053125000000000004,0.0053125000000000004,0,0,True,874ffb93982020aec7e72c4a08abeb291bbbd772a2fe1e3d4fdceb63a6d67319
solver_stress_00320,symmetric,25,0,2,canonical,0,2,4.9999999999999998e-08,5.0000000000000004e-06,0.0053125000000000004,0.0053125000000000004,0,0,True,e3abd4a0e67d8c9468395bda86f6b0bbcc1ac61ae3bfe379b423a0899dacc8a6
solver_stress_00321,symmetric,25,0,2,canonical,1,2,9.9999999999999995e-08,1.0000000000000001e-05,0.0053125000000000004,0.0053125000000000004,0,0,True,3ad26fe461e9508e75f8686e487062ef82557d9c0ba7a8fb456d3601cf25d246
solver_stress_00322,symmetric,25,0,2,canonical,2,2,1.4999999999999999e-07,1.5000000000000002e-05,0.0053125000000000004,0.0053125000000000004,0,0,True,32a5643b1a3acaa5927bb623b60da83a0ad1a982e580b3e2825fd320c1823198
solver_stress_00323,symmetric,25,0,2,canonical,3,2,1.9999999999999999e-07,2.0000000000000002e-05,0.0053125000000000004,0.0053125000000000004,0,0,True,2599f8bf59a2edacf8fbf9baaf49e6712656e7832137a509411699c10d40e106
solver_stress_00324,symmetric,25,0,2,reversed,0,2,4.9999999999999998e-08,5.0000000000000004e-06,0.0053125000000000004,0.0053125000000000004,0,0,True,e3abd4a0e67d8c9468395bda86f6b0bbcc1ac61ae3bfe379b423a0899dacc8a6
solver_stress_00325,symmetric,25,0,2,reversed,1,2,9.9999999999999995e-08,1.0000000000000001e-05,0.0053125000000000004,0.0053125000000000004,0,0,True,3ad26fe461e9508e75f8686e487062ef82557d9c0ba7a8fb456d3601cf25d246
solver_stress_00326,symmetric,25,0,2,reversed,2,2,1.4999999999999999e-07,1.5000000000000002e-05,0.0053125000000000004,0.0053125000000000004,0,0,True,32a5643b1a3acaa5927bb623b60da83a0ad1a982e580b3e2825fd320c1823198
solver_stress_00327,symmetric,25,0,2,reversed,3,2,1.9999999999999999e-07,2.0000000000000002e-05,0.0053125000000000004,0.0053125000000000004,0,0,True,2599f8bf59a2edacf8fbf9baaf49e6712656e7832137a509411699c10d40e106
solver_stress_00328,symmetric,25,0,4,canonical,0,2,2.4999999999999999e-08,2.5000000000000002e-06,0.0053125000000000004,0.0053125000000000004,0,0,True,5515d40e94504f2772173932c198e7dd07a28522bff14744e3111b43dd525821
solver_stress_00329,symmetric,25,0,4,canonical,1,2,4.9999999999999998e-08,5.0000000000000004e-06,0.0053125000000000004,0.0053125000000000004,0,0,True,dc51b9a44a1eca4fda4864a79651830c776f059866dcefdcb00ff8d6d47c71e0
solver_stress_00330,symmetric,25,0,4,canonical,2,2,7.4999999999999997e-08,7.500000000000001e-06,0.0053125000000000004,0.0053125000000000004,0,0,True,6a9449736778d25be8eef08f4cfccf5a8ed4780220416f8704c2edf051b9fec7
solver_stress_00331,symmetric,25,0,4,canonical,3,2,9.9999999999999995e-08,1.0000000000000001e-05,0.0053125000000000004,0.0053125000000000004,0,0,True,361d0fbb49561b14d5c11dfb4b0714fc63527c514d7924bc97158cd6f9220039
solver_stress_00332,symmetric,25,0,4,reversed,0,2,2.4999999999999999e-08,2.5000000000000002e-06,0.0053125000000000004,0.0053125000000000004,0,0,True,5515d40e94504f2772173932c198e7dd07a28522bff14744e3111b43dd525821
solver_stress_00333,symmetric,25,0,4,reversed,1,2,4.9999999999999998e-08,5.0000000000000004e-06,0.0053125000000000004,0.0053125000000000004,0,0,True,dc51b9a44a1eca4fda4864a79651830c776f059866dcefdcb00ff8d6d47c71e0
solver_stress_00334,symmetric,25,0,4,reversed,2,2,7.4999999999999997e-08,7.500000000000001e-06,0.0053125000000000004,0.0053125000000000004,0,0,True,6a9449736778d25be8eef08f4cfccf5a8ed4780220416f8704c2edf051b9fec7
solver_stress_00335,symmetric,25,0,4,reversed,3,2,9.9999999999999995e-08,1.0000000000000001e-05,0.0053125000000000004,0.0053125000000000004,0,0,True,361d0fbb49561b14d5c11dfb4b0714fc63527c514d7924bc97158cd6f9220039
solver_stress_00336,symmetric,25,40,1,canonical,0,2,9.9999999999999995e-08,1.0000000000000001e-05,0.0053125000000000004,0.0053125000000000004,0,0,True,7f7891d957c4aeabf89154c4ad4512ccc70626dd23c7c482803b426b42fef3f3
solver_stress_00337,symmetric,25,40,1,canonical,1,2,1.9999999999999999e-07,2.0000000000000002e-05,0.0053125000000000004,0.0053125000000000004,0,0,True,e6cd0e68e09fe1bcb47d2566e8350ab61ced875caa9ad917295a46e94330b3ab
solver_stress_00338,symmetric,25,40,1,canonical,2,2,2.9999999999999999e-07,3.0000000000000004e-05,0.0053125000000000004,0.0053125000000000004,0,0,True,14e58995e661ec7ac18c25ae6dcc49da3a7a79364aa584b4c73fffd463c11edb
solver_stress_00339,symmetric,25,40,1,canonical,3,2,3.9999999999999998e-07,4.0000000000000003e-05,0.0053125000000000004,0.0053125000000000004,0,0,True,c2b0856a945abf716e7aff087a5a4c23300067f208eb8cd35963bae090a08412
solver_stress_00340,symmetric,25,40,1,reversed,0,2,9.9999999999999995e-08,1.0000000000000001e-05,0.0053125000000000004,0.0053125000000000004,0,0,True,7f7891d957c4aeabf89154c4ad4512ccc70626dd23c7c482803b426b42fef3f3
solver_stress_00341,symmetric,25,40,1,reversed,1,2,1.9999999999999999e-07,2.0000000000000002e-05,0.0053125000000000004,0.0053125000000000004,0,0,True,e6cd0e68e09fe1bcb47d2566e8350ab61ced875caa9ad917295a46e94330b3ab
solver_stress_00342,symmetric,25,40,1,reversed,2,2,2.9999999999999999e-07,3.0000000000000004e-05,0.0053125000000000004,0.0053125000000000004,0,0,True,14e58995e661ec7ac18c25ae6dcc49da3a7a79364aa584b4c73fffd463c11edb
solver_stress_00343,symmetric,25,40,1,reversed,3,2,3.9999999999999998e-07,4.0000000000000003e-05,0.0053125000000000004,0.0053125000000000004,0,0,True,c2b0856a945abf716e7aff087a5a4c23300067f208eb8cd35963bae090a08412
solver_stress_00344,symmetric,25,40,2,canonical,0,2,4.9999999999999998e-08,5.0000000000000004e-06,0.0053125000000000004,0.0053125000000000004,0,0,True,cd0b84c4ea2703bd04d5628faed1b61f71b22ead6afc52ddba3af9dd31afdce9
solver_stress_00345,symmetric,25,40,2,canonical,1,2,9.9999999999999995e-08,1.0000000000000001e-05,0.0053125000000000004,0.0053125000000000004,0,0,True,e4fabdf86a02edd1b3d526764c30fe3261a9a42eaf4d8ab91d0695d8cff85500
solver_stress_00346,symmetric,25,40,2,canonical,2,2,1.4999999999999999e-07,1.5000000000000002e-05,0.0053125000000000004,0.0053125000000000004,0,0,True,3289287d7d0857ccbdaaeb139effc90892759194ef4df13aae3ab1cf1053c0be
solver_stress_00347,symmetric,25,40,2,canonical,3,2,1.9999999999999999e-07,2.0000000000000002e-05,0.0053125000000000004,0.0053125000000000004,0,0,True,5d0711251e9c294a0dce096e65f1b2febaf054bc71eec605ebde158eb83cd671
solver_stress_00348,symmetric,25,40,2,reversed,0,2,4.9999999999999998e-08,5.0000000000000004e-06,0.0053125000000000004,0.0053125000000000004,0,0,True,cd0b84c4ea2703bd04d5628faed1b61f71b22ead6afc52ddba3af9dd31afdce9
solver_stress_00349,symmetric,25,40,2,reversed,1,2,9.9999999999999995e-08,1.0000000000000001e-05,0.0053125000000000004,0.0053125000000000004,0,0,True,e4fabdf86a02edd1b3d526764c30fe3261a9a42eaf4d8ab91d0695d8cff85500
solver_stress_00350,symmetric,25,40,2,reversed,2,2,1.4999999999999999e-07,1.5000000000000002e-05,0.0053125000000000004,0.0053125000000000004,0,0,True,3289287d7d0857ccbdaaeb139effc90892759194ef4df13aae3ab1cf1053c0be
solver_stress_00351,symmetric,25,40,2,reversed,3,2,1.9999999999999999e-07,2.0000000000000002e-05,0.0053125000000000004,0.0053125000000000004,0,0,True,5d0711251e9c294a0dce096e65f1b2febaf054bc71eec605ebde158eb83cd671
solver_stress_00352,symmetric,25,40,4,canonical,0,2,2.4999999999999999e-08,2.5000000000000002e-06,0.0053125000000000004,0.0053125000000000004,0,0,True,ea0473af4ed181395e49bdbc6a9e02b0fde51e8a66748e4fbacf90066da315a7
solver_stress_00353,symmetric,25,40,4,canonical,1,2,4.9999999999999998e-08,5.0000000000000004e-06,0.0053125000000000004,0.0053125000000000004,0,0,True,929edec40428dff84f11ad398a8ab1cca9ea3b2aca106c388d2612f01fb0b47b
solver_stress_00354,symmetric,25,40,4,canonical,2,2,7.4999999999999997e-08,7.500000000000001e-06,0.0053125000000000004,0.0053125000000000004,0,0,True,20ee84c6cc110b6b2b4e6268af5997fde0d62eb50ada870d2cf102f506087a61
solver_stress_00355,symmetric,25,40,4,canonical,3,2,9.9999999999999995e-08,1.0000000000000001e-05,0.0053125000000000004,0.0053125000000000004,0,0,True,0b66c132fa397127bfe14948a06f4bcd683a60fd7bd6529848c1d84757de3fa3
solver_stress_00356,symmetric,25,40,4,reversed,0,2,2.4999999999999999e-08,2.5000000000000002e-06,0.0053125000000000004,0.0053125000000000004,0,0,True,ea0473af4ed181395e49bdbc6a9e02b0fde51e8a66748e4fbacf90066da315a7
solver_stress_00357,symmetric,25,40,4,reversed,1,2,4.9999999999999998e-08,5.0000000000000004e-06,0.0053125000000000004,0.0053125000000000004,0,0,True,929edec40428dff84f11ad398a8ab1cca9ea3b2aca106c388d2612f01fb0b47b
solver_stress_00358,symmetric,25,40,4,reversed,2,2,7.4999999999999997e-08,7.500000000000001e-06,0.0053125000000000004,0.0053125000000000004,0,0,True,20ee84c6cc110b6b2b4e6268af5997fde0d62eb50ada870d2cf102f506087a61
solver_stress_00359,symmetric,25,40,4,reversed,3,2,9.9999999999999995e-08,1.0000000000000001e-05,0.0053125000000000004,0.0053125000000000004,0,0,True,0b66c132fa397127bfe14948a06f4bcd683a60fd7bd6529848c1d84757de3fa3
solver_stress_00360,symmetric,100,-40,1,canonical,0,2,9.9999999999999995e-08,1.0000000000000001e-05,0.085000000000000006,0.085000000000000006,0,0,True,6c8cef501ff5ffc072c95f1ff404325a98aad3ea1ab80cf58e12f5ad76e3285b
solver_stress_00361,symmetric,100,-40,1,canonical,1,2,1.9999999999999999e-07,2.0000000000000002e-05,0.085000000000000006,0.085000000000000006,0,0,True,3b540ada25a3d190f66e7e0099015e2ff2a8098bf1a57ec9b1308eac1d580b6a
solver_stress_00362,symmetric,100,-40,1,canonical,2,2,2.9999999999999999e-07,3.0000000000000004e-05,0.085000000000000006,0.085000000000000006,0,0,True,f9a97f00347fac91fb8b8c122fe5748102f2c0bf757cd91421174970da47ca7d
solver_stress_00363,symmetric,100,-40,1,canonical,3,2,3.9999999999999998e-07,4.0000000000000003e-05,0.085000000000000006,0.085000000000000006,0,0,True,4783a02e561dc5ddce1b414a3bd316c49d561975d7cbb39c18afbd6410b10dd2
solver_stress_00364,symmetric,100,-40,1,reversed,0,2,9.9999999999999995e-08,1.0000000000000001e-05,0.085000000000000006,0.085000000000000006,0,0,True,6c8cef501ff5ffc072c95f1ff404325a98aad3ea1ab80cf58e12f5ad76e3285b
solver_stress_00365,symmetric,100,-40,1,reversed,1,2,1.9999999999999999e-07,2.0000000000000002e-05,0.085000000000000006,0.085000000000000006,0,0,True,3b540ada25a3d190f66e7e0099015e2ff2a8098bf1a57ec9b1308eac1d580b6a
solver_stress_00366,symmetric,100,-40,1,reversed,2,2,2.9999999999999999e-07,3.0000000000000004e-05,0.085000000000000006,0.085000000000000006,0,0,True,f9a97f00347fac91fb8b8c122fe5748102f2c0bf757cd91421174970da47ca7d
solver_stress_00367,symmetric,100,-40,1,reversed,3,2,3.9999999999999998e-07,4.0000000000000003e-05,0.085000000000000006,0.085000000000000006,0,0,True,4783a02e561dc5ddce1b414a3bd316c49d561975d7cbb39c18afbd6410b10dd2
solver_stress_00368,symmetric,100,-40,2,canonical,0,2,4.9999999999999998e-08,5.0000000000000004e-06,0.085000000000000006,0.085000000000000006,0,0,True,37fea26d9468b728259407fb04eca5b0b533107c5c11d14658dc250c72dbf885
solver_stress_00369,symmetric,100,-40,2,canonical,1,2,9.9999999999999995e-08,1.0000000000000001e-05,0.085000000000000006,0.085000000000000006,0,0,True,2e29ecf1417b32a3a6780b6b712c9ffb20bc627c211f763f080a50936ca2900b
solver_stress_00370,symmetric,100,-40,2,canonical,2,2,1.4999999999999999e-07,1.5000000000000002e-05,0.085000000000000006,0.085000000000000006,0,0,True,74e5d5ed94eba6acde5bae5858c1b2f59bb13e4f0389641b88ff068398b069c3
solver_stress_00371,symmetric,100,-40,2,canonical,3,2,1.9999999999999999e-07,2.0000000000000002e-05,0.085000000000000006,0.085000000000000006,0,0,True,36a1abc397aa2a25fbfb31974d4e019b102d4e0c714d8868d235428d691a898a
solver_stress_00372,symmetric,100,-40,2,reversed,0,2,4.9999999999999998e-08,5.0000000000000004e-06,0.085000000000000006,0.085000000000000006,0,0,True,37fea26d9468b728259407fb04eca5b0b533107c5c11d14658dc250c72dbf885
solver_stress_00373,symmetric,100,-40,2,reversed,1,2,9.9999999999999995e-08,1.0000000000000001e-05,0.085000000000000006,0.085000000000000006,0,0,True,2e29ecf1417b32a3a6780b6b712c9ffb20bc627c211f763f080a50936ca2900b
solver_stress_00374,symmetric,100,-40,2,reversed,2,2,1.4999999999999999e-07,1.5000000000000002e-05,0.085000000000000006,0.085000000000000006,0,0,True,74e5d5ed94eba6acde5bae5858c1b2f59bb13e4f0389641b88ff068398b069c3
solver_stress_00375,symmetric,100,-40,2,reversed,3,2,1.9999999999999999e-07,2.0000000000000002e-05,0.085000000000000006,0.085000000000000006,0,0,True,36a1abc397aa2a25fbfb31974d4e019b102d4e0c714d8868d235428d691a898a
solver_stress_00376,symmetric,100,-40,4,canonical,0,2,2.4999999999999999e-08,2.5000000000000002e-06,0.085000000000000006,0.085000000000000006,0,0,True,2b5c57575e5622863da10715703cd6ee09fb9568757fc16bf35c745791967f80
solver_stress_00377,symmetric,100,-40,4,canonical,1,2,4.9999999999999998e-08,5.0000000000000004e-06,0.085000000000000006,0.085000000000000006,0,0,True,ad63ba8461ecf3d980489e690ffe34d0e6387216b736a7b7161491869b746106
solver_stress_00378,symmetric,100,-40,4,canonical,2,2,7.4999999999999997e-08,7.500000000000001e-06,0.085000000000000006,0.085000000000000006,0,0,True,23a3490433e9cd89ddac911c97dabe701f6062ec85f407ab6f925825bc25c71f
solver_stress_00379,symmetric,100,-40,4,canonical,3,2,9.9999999999999995e-08,1.0000000000000001e-05,0.085000000000000006,0.085000000000000006,0,0,True,bc8143237e30832e385c2af047e262d346402eca4485cf40c776393dd7676e1c
solver_stress_00380,symmetric,100,-40,4,reversed,0,2,2.4999999999999999e-08,2.5000000000000002e-06,0.085000000000000006,0.085000000000000006,0,0,True,2b5c57575e5622863da10715703cd6ee09fb9568757fc16bf35c745791967f80
solver_stress_00381,symmetric,100,-40,4,reversed,1,2,4.9999999999999998e-08,5.0000000000000004e-06,0.085000000000000006,0.085000000000000006,0,0,True,ad63ba8461ecf3d980489e690ffe34d0e6387216b736a7b7161491869b746106
solver_stress_00382,symmetric,100,-40,4,reversed,2,2,7.4999999999999997e-08,7.500000000000001e-06,0.085000000000000006,0.085000000000000006,0,0,True,23a3490433e9cd89ddac911c97dabe701f6062ec85f407ab6f925825bc25c71f
solver_stress_00383,symmetric,100,-40,4,reversed,3,2,9.9999999999999995e-08,1.0000000000000001e-05,0.085000000000000006,0.085000000000000006,0,0,True,bc8143237e30832e385c2af047e262d346402eca4485cf40c776393dd7676e1c
solver_stress_00384,symmetric,100,0,1,canonical,0,2,9.9999999999999995e-08,1.0000000000000001e-05,0.085000000000000006,0.085000000000000006,0,0,True,3eba2b39f30e3c5e44400c225e643b23ae60b1aef0d718537cbb86b63188001e
solver_stress_00385,symmetric,100,0,1,canonical,1,2,1.9999999999999999e-07,2.0000000000000002e-05,0.085000000000000006,0.085000000000000006,0,0,True,3407c542de77fc302887f41e0148889dc577d6b2d3546314bb2bbe885fcb1d6a
solver_stress_00386,symmetric,100,0,1,canonical,2,2,2.9999999999999999e-07,3.0000000000000004e-05,0.085000000000000006,0.085000000000000006,0,0,True,f3f133ed72d2376f8e0f882844482493dd6fcea8c24666d5a630ff001910c9a1
solver_stress_00387,symmetric,100,0,1,canonical,3,2,3.9999999999999998e-07,4.0000000000000003e-05,0.085000000000000006,0.085000000000000006,0,0,True,3978fff2992779273995e9665724a57f5e32a880678b1f1d2497bd105329c433
solver_stress_00388,symmetric,100,0,1,reversed,0,2,9.9999999999999995e-08,1.0000000000000001e-05,0.085000000000000006,0.085000000000000006,0,0,True,3eba2b39f30e3c5e44400c225e643b23ae60b1aef0d718537cbb86b63188001e
solver_stress_00389,symmetric,100,0,1,reversed,1,2,1.9999999999999999e-07,2.0000000000000002e-05,0.085000000000000006,0.085000000000000006,0,0,True,3407c542de77fc302887f41e0148889dc577d6b2d3546314bb2bbe885fcb1d6a
solver_stress_00390,symmetric,100,0,1,reversed,2,2,2.9999999999999999e-07,3.0000000000000004e-05,0.085000000000000006,0.085000000000000006,0,0,True,f3f133ed72d2376f8e0f882844482493dd6fcea8c24666d5a630ff001910c9a1
solver_stress_00391,symmetric,100,0,1,reversed,3,2,3.9999999999999998e-07,4.0000000000000003e-05,0.085000000000000006,0.085000000000000006,0,0,True,3978fff2992779273995e9665724a57f5e32a880678b1f1d2497bd105329c433
solver_stress_00392,symmetric,100,0,2,canonical,0,2,4.9999999999999998e-08,5.0000000000000004e-06,0.085000000000000006,0.085000000000000006,0,0,True,e8b131419ec389b902dcaedc6d57480ae1b0402feda2d9d3705ddc5478f91eb6
solver_stress_00393,symmetric,100,0,2,canonical,1,2,9.9999999999999995e-08,1.0000000000000001e-05,0.085000000000000006,0.085000000000000006,0,0,True,19fcd030cd4cc221fb33398bd07883a81b86de0d5f0a9a0696efdda9a4bf7a4d
solver_stress_00394,symmetric,100,0,2,canonical,2,2,1.4999999999999999e-07,1.5000000000000002e-05,0.085000000000000006,0.085000000000000006,0,0,True,25fd894252c43ad3b272908e56c8de17f9353edf0f91671a599581855ea3c20f
solver_stress_00395,symmetric,100,0,2,canonical,3,2,1.9999999999999999e-07,2.0000000000000002e-05,0.085000000000000006,0.085000000000000006,0,0,True,2a088f21e3a780fbb93d9b7fa7a63a988f16068ce79520133a260da109ff9750
solver_stress_00396,symmetric,100,0,2,reversed,0,2,4.9999999999999998e-08,5.0000000000000004e-06,0.085000000000000006,0.085000000000000006,0,0,True,e8b131419ec389b902dcaedc6d57480ae1b0402feda2d9d3705ddc5478f91eb6
solver_stress_00397,symmetric,100,0,2,reversed,1,2,9.9999999999999995e-08,1.0000000000000001e-05,0.085000000000000006,0.085000000000000006,0,0,True,19fcd030cd4cc221fb33398bd07883a81b86de0d5f0a9a0696efdda9a4bf7a4d
solver_stress_00398,symmetric,100,0,2,reversed,2,2,1.4999999999999999e-07,1.5000000000000002e-05,0.085000000000000006,0.085000000000000006,0,0,True,25fd894252c43ad3b272908e56c8de17f9353edf0f91671a599581855ea3c20f
solver_stress_00399,symmetric,100,0,2,reversed,3,2,1.9999999999999999e-07,2.0000000000000002e-05,0.085000000000000006,0.085000000000000006,0,0,True,2a088f21e3a780fbb93d9b7fa7a63a988f16068ce79520133a260da109ff9750
solver_stress_00400,symmetric,100,0,4,canonical,0,2,2.4999999999999999e-08,2.5000000000000002e-06,0.085000000000000006,0.085000000000000006,0,0,True,9aabcf15880e4ad067cfd355558645ffea76971475ef2c0fff221ce52bbd5b83
solver_stress_00401,symmetric,100,0,4,canonical,1,2,4.9999999999999998e-08,5.0000000000000004e-06,0.085000000000000006,0.085000000000000006,0,0,True,d010eece2d38a33a341a10b15c39585bcdf25c9479c416847114a62de43976a1
solver_stress_00402,symmetric,100,0,4,canonical,2,2,7.4999999999999997e-08,7.500000000000001e-06,0.085000000000000006,0.085000000000000006,0,0,True,ef9f61f97c2dcb92ab671e94913b6e51d7d6ce2583122fdb06eda7b75cfdd96d
solver_stress_00403,symmetric,100,0,4,canonical,3,2,9.9999999999999995e-08,1.0000000000000001e-05,0.085000000000000006,0.085000000000000006,0,0,True,01f89a452a9420a0556e358e3fb680859aea270e8d432ea133ca4109cbff789b
solver_stress_00404,symmetric,100,0,4,reversed,0,2,2.4999999999999999e-08,2.5000000000000002e-06,0.085000000000000006,0.085000000000000006,0,0,True,9aabcf15880e4ad067cfd355558645ffea76971475ef2c0fff221ce52bbd5b83
solver_stress_00405,symmetric,100,0,4,reversed,1,2,4.9999999999999998e-08,5.0000000000000004e-06,0.085000000000000006,0.085000000000000006,0,0,True,d010eece2d38a33a341a10b15c39585bcdf25c9479c416847114a62de43976a1
solver_stress_00406,symmetric,100,0,4,reversed,2,2,7.4999999999999997e-08,7.500000000000001e-06,0.085000000000000006,0.085000000000000006,0,0,True,ef9f61f97c2dcb92ab671e94913b6e51d7d6ce2583122fdb06eda7b75cfdd96d
solver_stress_00407,symmetric,100,0,4,reversed,3,2,9.9999999999999995e-08,1.0000000000000001e-05,0.085000000000000006,0.085000000000000006,0,0,True,01f89a452a9420a0556e358e3fb680859aea270e8d432ea133ca4109cbff789b
solver_stress_00408,symmetric,100,40,1,canonical,0,2,9.9999999999999995e-08,1.0000000000000001e-05,0.085000000000000006,0.085000000000000006,0,0,True,561c598bef1cecb911eadd8dda4c84b0734a9393eb3771d49a645e6abc36ba18
solver_stress_00409,symmetric,100,40,1,canonical,1,2,1.9999999999999999e-07,2.0000000000000002e-05,0.085000000000000006,0.085000000000000006,0,0,True,cbaed174cc9964ea491cd59e94f82ae814da6bcb16d91af2b4e078ae10a4dc18
solver_stress_00410,symmetric,100,40,1,canonical,2,2,2.9999999999999999e-07,3.0000000000000004e-05,0.085000000000000006,0.085000000000000006,0,0,True,287aa6be9a0611aa39c534c1cee0d39040da872b7f2896888b1ed3dab94c21b8
solver_stress_00411,symmetric,100,40,1,canonical,3,2,3.9999999999999998e-07,4.0000000000000003e-05,0.085000000000000006,0.085000000000000006,0,0,True,d9c7743ece6b211454b87903f718a8b7a77b395c63fd0f350ea640c1b61f7b9c
solver_stress_00412,symmetric,100,40,1,reversed,0,2,9.9999999999999995e-08,1.0000000000000001e-05,0.085000000000000006,0.085000000000000006,0,0,True,561c598bef1cecb911eadd8dda4c84b0734a9393eb3771d49a645e6abc36ba18
solver_stress_00413,symmetric,100,40,1,reversed,1,2,1.9999999999999999e-07,2.0000000000000002e-05,0.085000000000000006,0.085000000000000006,0,0,True,cbaed174cc9964ea491cd59e94f82ae814da6bcb16d91af2b4e078ae10a4dc18
solver_stress_00414,symmetric,100,40,1,reversed,2,2,2.9999999999999999e-07,3.0000000000000004e-05,0.085000000000000006,0.085000000000000006,0,0,True,287aa6be9a0611aa39c534c1cee0d39040da872b7f2896888b1ed3dab94c21b8
solver_stress_00415,symmetric,100,40,1,reversed,3,2,3.9999999999999998e-07,4.0000000000000003e-05,0.085000000000000006,0.085000000000000006,0,0,True,d9c7743ece6b211454b87903f718a8b7a77b395c63fd0f350ea640c1b61f7b9c
solver_stress_00416,symmetric,100,40,2,canonical,0,2,4.9999999999999998e-08,5.0000000000000004e-06,0.085000000000000006,0.085000000000000006,0,0,True,04f0671c9fdd024b7f630b585cb4646ccc9b479caa8c12bc1561ad695886e1ed
solver_stress_00417,symmetric,100,40,2,canonical,1,2,9.9999999999999995e-08,1.0000000000000001e-05,0.085000000000000006,0.085000000000000006,0,0,True,71c901c851e77c328c8b1e70e599c608119333f24207aaa810e6ab546e63aee8
solver_stress_00418,symmetric,100,40,2,canonical,2,2,1.4999999999999999e-07,1.5000000000000002e-05,0.085000000000000006,0.085000000000000006,0,0,True,63785be4c6f1c15f0ca530cb371cb3ed67a267125ed3362a14ab17cf5190ae01
solver_stress_00419,symmetric,100,40,2,canonical,3,2,1.9999999999999999e-07,2.0000000000000002e-05,0.085000000000000006,0.085000000000000006,0,0,True,43d77b434880cc2f8276b4f6953291ffe3fe64a0a875f78ca936a14718722ccd
solver_stress_00420,symmetric,100,40,2,reversed,0,2,4.9999999999999998e-08,5.0000000000000004e-06,0.085000000000000006,0.085000000000000006,0,0,True,04f0671c9fdd024b7f630b585cb4646ccc9b479caa8c12bc1561ad695886e1ed
solver_stress_00421,symmetric,100,40,2,reversed,1,2,9.9999999999999995e-08,1.0000000000000001e-05,0.085000000000000006,0.085000000000000006,0,0,True,71c901c851e77c328c8b1e70e599c608119333f24207aaa810e6ab546e63aee8
solver_stress_00422,symmetric,100,40,2,reversed,2,2,1.4999999999999999e-07,1.5000000000000002e-05,0.085000000000000006,0.085000000000000006,0,0,True,63785be4c6f1c15f0ca530cb371cb3ed67a267125ed3362a14ab17cf5190ae01
solver_stress_00423,symmetric,100,40,2,reversed,3,2,1.9999999999999999e-07,2.0000000000000002e-05,0.085000000000000006,0.085000000000000006,0,0,True,43d77b434880cc2f8276b4f6953291ffe3fe64a0a875f78ca936a14718722ccd
solver_stress_00424,symmetric,100,40,4,canonical,0,2,2.4999999999999999e-08,2.5000000000000002e-06,0.085000000000000006,0.085000000000000006,0,0,True,58dd8a2f586617568f59742db69a11bfc17d57fe83186e2f1194c15bd7d547b4
solver_stress_00425,symmetric,100,40,4,canonical,1,2,4.9999999999999998e-08,5.0000000000000004e-06,0.085000000000000006,0.085000000000000006,0,0,True,012c9db943cc0e2cd144895c7129a305390625f84c2f8abff12d47ab50938fed
solver_stress_00426,symmetric,100,40,4,canonical,2,2,7.4999999999999997e-08,7.500000000000001e-06,0.085000000000000006,0.085000000000000006,0,0,True,0f4eb495495bfd8cbcf79eacb5876dfcb89674198e5dca7c37127e8e4db2cc5e
solver_stress_00427,symmetric,100,40,4,canonical,3,2,9.9999999999999995e-08,1.0000000000000001e-05,0.085000000000000006,0.085000000000000006,0,0,True,64e9181b827a5118fde4729ba666556bacd33ac4c223fd1b73ca341f2214e0dc
solver_stress_00428,symmetric,100,40,4,reversed,0,2,2.4999999999999999e-08,2.5000000000000002e-06,0.085000000000000006,0.085000000000000006,0,0,True,58dd8a2f586617568f59742db69a11bfc17d57fe83186e2f1194c15bd7d547b4
solver_stress_00429,symmetric,100,40,4,reversed,1,2,4.9999999999999998e-08,5.0000000000000004e-06,0.085000000000000006,0.085000000000000006,0,0,True,012c9db943cc0e2cd144895c7129a305390625f84c2f8abff12d47ab50938fed
solver_stress_00430,symmetric,100,40,4,reversed,2,2,7.4999999999999997e-08,7.500000000000001e-06,0.085000000000000006,0.085000000000000006,0,0,True,0f4eb495495bfd8cbcf79eacb5876dfcb89674198e5dca7c37127e8e4db2cc5e
solver_stress_00431,symmetric,100,40,4,reversed,3,2,9.9999999999999995e-08,1.0000000000000001e-05,0.085000000000000006,0.085000000000000006,0,0,True,64e9181b827a5118fde4729ba666556bacd33ac4c223fd1b73ca341f2214e0dc
solver_stress_00432,symmetric,500,-40,1,canonical,0,2,9.9999999999999995e-08,1.0000000000000001e-05,2.125,2.125,0,0,True,1942a25fbf5ebf991a31b8549e4c2cc6f9d778feb8aa22be75d8208acb93191d
solver_stress_00433,symmetric,500,-40,1,canonical,1,2,1.9999999999999999e-07,2.0000000000000002e-05,2.125,2.125,0,0,True,aede8b553124eb80d96cb1aa3ae7c8ad18dc37b5aa57869f79a4e41c02e3950d
solver_stress_00434,symmetric,500,-40,1,canonical,2,2,2.9999999999999999e-07,3.0000000000000004e-05,2.125,2.125,0,0,True,28f2ecc7eee7ab850517edffafcb3818e7fde7377fcacc4556fed6f668be1cfe
solver_stress_00435,symmetric,500,-40,1,canonical,3,2,3.9999999999999998e-07,4.0000000000000003e-05,2.125,2.125,0,0,True,7297fd369499d0b07d1f7a60bc74181e7540aba795d1032cde99e6a1d9fca044
solver_stress_00436,symmetric,500,-40,1,reversed,0,2,9.9999999999999995e-08,1.0000000000000001e-05,2.125,2.125,0,0,True,1942a25fbf5ebf991a31b8549e4c2cc6f9d778feb8aa22be75d8208acb93191d
solver_stress_00437,symmetric,500,-40,1,reversed,1,2,1.9999999999999999e-07,2.0000000000000002e-05,2.125,2.125,0,0,True,aede8b553124eb80d96cb1aa3ae7c8ad18dc37b5aa57869f79a4e41c02e3950d
solver_stress_00438,symmetric,500,-40,1,reversed,2,2,2.9999999999999999e-07,3.0000000000000004e-05,2.125,2.125,0,0,True,28f2ecc7eee7ab850517edffafcb3818e7fde7377fcacc4556fed6f668be1cfe
solver_stress_00439,symmetric,500,-40,1,reversed,3,2,3.9999999999999998e-07,4.0000000000000003e-05,2.125,2.125,0,0,True,7297fd369499d0b07d1f7a60bc74181e7540aba795d1032cde99e6a1d9fca044
solver_stress_00440,symmetric,500,-40,2,canonical,0,2,4.9999999999999998e-08,5.0000000000000004e-06,2.125,2.125,0,0,True,a50b60deae1765c541235e6e799351c4e66148d966110b1d8dd1bce9a411b907
solver_stress_00441,symmetric,500,-40,2,canonical,1,2,9.9999999999999995e-08,1.0000000000000001e-05,2.125,2.125,0,0,True,73eaf205ac41b2617117c88742cf5ce7e44edda98c0e0ff26fbb1b4b2875d5e4
solver_stress_00442,symmetric,500,-40,2,canonical,2,2,1.4999999999999999e-07,1.5000000000000002e-05,2.125,2.125,0,0,True,b0e1715b197ee42457ec752b305bf2776da7f2d91c842282dc3d4fd1a10f4eb6
solver_stress_00443,symmetric,500,-40,2,canonical,3,2,1.9999999999999999e-07,2.0000000000000002e-05,2.125,2.125,0,0,True,4fd85d03be4528645bc97a2fc032aff2fd6158003193120b9ef7c02913f6eb3c
solver_stress_00444,symmetric,500,-40,2,reversed,0,2,4.9999999999999998e-08,5.0000000000000004e-06,2.125,2.125,0,0,True,a50b60deae1765c541235e6e799351c4e66148d966110b1d8dd1bce9a411b907
solver_stress_00445,symmetric,500,-40,2,reversed,1,2,9.9999999999999995e-08,1.0000000000000001e-05,2.125,2.125,0,0,True,73eaf205ac41b2617117c88742cf5ce7e44edda98c0e0ff26fbb1b4b2875d5e4
solver_stress_00446,symmetric,500,-40,2,reversed,2,2,1.4999999999999999e-07,1.5000000000000002e-05,2.125,2.125,0,0,True,b0e1715b197ee42457ec752b305bf2776da7f2d91c842282dc3d4fd1a10f4eb6
solver_stress_00447,symmetric,500,-40,2,reversed,3,2,1.9999999999999999e-07,2.0000000000000002e-05,2.125,2.125,0,0,True,4fd85d03be4528645bc97a2fc032aff2fd6158003193120b9ef7c02913f6eb3c
solver_stress_00448,symmetric,500,-40,4,canonical,0,2,2.4999999999999999e-08,2.5000000000000002e-06,2.125,2.125,0,0,True,3268ed43f700f212957016b6afa4f26f8be0081a972ecec8b708d6fef67928aa
solver_stress_00449,symmetric,500,-40,4,canonical,1,2,4.9999999999999998e-08,5.0000000000000004e-06,2.125,2.125,0,0,True,e614cb8c5afd3aea6fd4272564213baafce708d6ef6bc21e6d6d41bb72d0a3bc
solver_stress_00450,symmetric,500,-40,4,canonical,2,2,7.4999999999999997e-08,7.500000000000001e-06,2.125,2.125,0,0,True,4730de033094ef51b399e9b939fb63913dda064a7b053009ff238bc841216255
solver_stress_00451,symmetric,500,-40,4,canonical,3,2,9.9999999999999995e-08,1.0000000000000001e-05,2.125,2.125,0,0,True,ed12fc51789b1357d29453c57f7dd1fef3484cb1676b70208ed9147809b6e5ef
solver_stress_00452,symmetric,500,-40,4,reversed,0,2,2.4999999999999999e-08,2.5000000000000002e-06,2.125,2.125,0,0,True,3268ed43f700f212957016b6afa4f26f8be0081a972ecec8b708d6fef67928aa
solver_stress_00453,symmetric,500,-40,4,reversed,1,2,4.9999999999999998e-08,5.0000000000000004e-06,2.125,2.125,0,0,True,e614cb8c5afd3aea6fd4272564213baafce708d6ef6bc21e6d6d41bb72d0a3bc
solver_stress_00454,symmetric,500,-40,4,reversed,2,2,7.4999999999999997e-08,7.500000000000001e-06,2.125,2.125,0,0,True,4730de033094ef51b399e9b939fb63913dda064a7b053009ff238bc841216255
solver_stress_00455,symmetric,500,-40,4,reversed,3,2,9.9999999999999995e-08,1.0000000000000001e-05,2.125,2.125,0,0,True,ed12fc51789b1357d29453c57f7dd1fef3484cb1676b70208ed9147809b6e5ef
solver_stress_00456,symmetric,500,0,1,canonical,0,2,9.9999999999999995e-08,1.0000000000000001e-05,2.125,2.125,0,0,True,022f0bcc25693076cafa79d63ec6d511fcfc7ed9776505477c886760b8f030a2
solver_stress_00457,symmetric,500,0,1,canonical,1,2,1.9999999999999999e-07,2.0000000000000002e-05,2.125,2.125,0,0,True,3370f7b00d8b0dd9334e132ed15251d0b85345c4ac2f2e515a0558631e02a33d
solver_stress_00458,symmetric,500,0,1,canonical,2,2,2.9999999999999999e-07,3.0000000000000004e-05,2.125,2.125,0,0,True,7970215c59757b5f9f0d5356b44a029159f14f51001cb9d5ada431fb83bb582e
solver_stress_00459,symmetric,500,0,1,canonical,3,2,3.9999999999999998e-07,4.0000000000000003e-05,2.125,2.125,0,0,True,58c30b69f61929be721389e67f6a62636e2f619872fd5f50c33f74737857f29e
solver_stress_00460,symmetric,500,0,1,reversed,0,2,9.9999999999999995e-08,1.0000000000000001e-05,2.125,2.125,0,0,True,022f0bcc25693076cafa79d63ec6d511fcfc7ed9776505477c886760b8f030a2
solver_stress_00461,symmetric,500,0,1,reversed,1,2,1.9999999999999999e-07,2.0000000000000002e-05,2.125,2.125,0,0,True,3370f7b00d8b0dd9334e132ed15251d0b85345c4ac2f2e515a0558631e02a33d
solver_stress_00462,symmetric,500,0,1,reversed,2,2,2.9999999999999999e-07,3.0000000000000004e-05,2.125,2.125,0,0,True,7970215c59757b5f9f0d5356b44a029159f14f51001cb9d5ada431fb83bb582e
solver_stress_00463,symmetric,500,0,1,reversed,3,2,3.9999999999999998e-07,4.0000000000000003e-05,2.125,2.125,0,0,True,58c30b69f61929be721389e67f6a62636e2f619872fd5f50c33f74737857f29e
solver_stress_00464,symmetric,500,0,2,canonical,0,2,4.9999999999999998e-08,5.0000000000000004e-06,2.125,2.125,0,0,True,777f7c7a510fccd1a629a0db404bd0d846df2cdf37b1f57cd8861ad4f7857b8c
solver_stress_00465,symmetric,500,0,2,canonical,1,2,9.9999999999999995e-08,1.0000000000000001e-05,2.125,2.125,0,0,True,45ba357dce52da41593bacb5d324b4e3efdcffe39c6fad092ca403ec14b2299b
solver_stress_00466,symmetric,500,0,2,canonical,2,2,1.4999999999999999e-07,1.5000000000000002e-05,2.125,2.125,0,0,True,17adb6c63f0c203c385e35cf83a17ff85ca81e14222d16b88cd272de60c74f0b
solver_stress_00467,symmetric,500,0,2,canonical,3,2,1.9999999999999999e-07,2.0000000000000002e-05,2.125,2.125,0,0,True,ec355c54ceca5a4a0b98a46ab89549cb1560649ce04a7aa104ebda6627865da9
solver_stress_00468,symmetric,500,0,2,reversed,0,2,4.9999999999999998e-08,5.0000000000000004e-06,2.125,2.125,0,0,True,777f7c7a510fccd1a629a0db404bd0d846df2cdf37b1f57cd8861ad4f7857b8c
solver_stress_00469,symmetric,500,0,2,reversed,1,2,9.9999999999999995e-08,1.0000000000000001e-05,2.125,2.125,0,0,True,45ba357dce52da41593bacb5d324b4e3efdcffe39c6fad092ca403ec14b2299b
solver_stress_00470,symmetric,500,0,2,reversed,2,2,1.4999999999999999e-07,1.5000000000000002e-05,2.125,2.125,0,0,True,17adb6c63f0c203c385e35cf83a17ff85ca81e14222d16b88cd272de60c74f0b
solver_stress_00471,symmetric,500,0,2,reversed,3,2,1.9999999999999999e-07,2.0000000000000002e-05,2.125,2.125,0,0,True,ec355c54ceca5a4a0b98a46ab89549cb1560649ce04a7aa104ebda6627865da9
solver_stress_00472,symmetric,500,0,4,canonical,0,2,2.4999999999999999e-08,2.5000000000000002e-06,2.125,2.125,0,0,True,e731bbf8e300c4a319015bba6c2de9b9a0a104dbec2a8e9cb20e171f03cdc67f
solver_stress_00473,symmetric,500,0,4,canonical,1,2,4.9999999999999998e-08,5.0000000000000004e-06,2.125,2.125,0,0,True,b06ebf688a4a8e9b6d26263c0cecb59fdfa854d47aeb2c41803ae3089c110da2
solver_stress_00474,symmetric,500,0,4,canonical,2,2,7.4999999999999997e-08,7.500000000000001e-06,2.125,2.125,0,0,True,a84cfd7607bc151d04c21a0129ef188f031db4c4f9913c379c0dd9e652d08000
solver_stress_00475,symmetric,500,0,4,canonical,3,2,9.9999999999999995e-08,1.0000000000000001e-05,2.125,2.125,0,0,True,24a4fc9391b099fc8d5443de3d5fbe76122ed94a3c738df7977b6af82bccc6c0
solver_stress_00476,symmetric,500,0,4,reversed,0,2,2.4999999999999999e-08,2.5000000000000002e-06,2.125,2.125,0,0,True,e731bbf8e300c4a319015bba6c2de9b9a0a104dbec2a8e9cb20e171f03cdc67f
solver_stress_00477,symmetric,500,0,4,reversed,1,2,4.9999999999999998e-08,5.0000000000000004e-06,2.125,2.125,0,0,True,b06ebf688a4a8e9b6d26263c0cecb59fdfa854d47aeb2c41803ae3089c110da2
solver_stress_00478,symmetric,500,0,4,reversed,2,2,7.4999999999999997e-08,7.500000000000001e-06,2.125,2.125,0,0,True,a84cfd7607bc151d04c21a0129ef188f031db4c4f9913c379c0dd9e652d08000
solver_stress_00479,symmetric,500,0,4,reversed,3,2,9.9999999999999995e-08,1.0000000000000001e-05,2.125,2.125,0,0,True,24a4fc9391b099fc8d5443de3d5fbe76122ed94a3c738df7977b6af82bccc6c0
solver_stress_00480,symmetric,500,40,1,canonical,0,2,9.9999999999999995e-08,1.0000000000000001e-05,2.125,2.125,0,0,True,18d94bb47fde925b73f6572b0b0ed939093c40c5c427ce368c07ff554e3c26f7
solver_stress_00481,symmetric,500,40,1,canonical,1,2,1.9999999999999999e-07,2.0000000000000002e-05,2.125,2.125,0,0,True,f3518cb8793e3886509fc5581a4403016cc60aeb7beff3277c70e901e08e2c7b
solver_stress_00482,symmetric,500,40,1,canonical,2,2,2.9999999999999999e-07,3.0000000000000004e-05,2.125,2.125,0,0,True,27961c2a2688750d2aa4ebab2c56c7b74fbd03d1da213dcbba172fc6269f7d1e
solver_stress_00483,symmetric,500,40,1,canonical,3,2,3.9999999999999998e-07,4.0000000000000003e-05,2.125,2.125,0,0,True,1615238778a2d70277844d176720348e4cb34391604db9ec624c282ee3383f34
solver_stress_00484,symmetric,500,40,1,reversed,0,2,9.9999999999999995e-08,1.0000000000000001e-05,2.125,2.125,0,0,True,18d94bb47fde925b73f6572b0b0ed939093c40c5c427ce368c07ff554e3c26f7
solver_stress_00485,symmetric,500,40,1,reversed,1,2,1.9999999999999999e-07,2.0000000000000002e-05,2.125,2.125,0,0,True,f3518cb8793e3886509fc5581a4403016cc60aeb7beff3277c70e901e08e2c7b
solver_stress_00486,symmetric,500,40,1,reversed,2,2,2.9999999999999999e-07,3.0000000000000004e-05,2.125,2.125,0,0,True,27961c2a2688750d2aa4ebab2c56c7b74fbd03d1da213dcbba172fc6269f7d1e
solver_stress_00487,symmetric,500,40,1,reversed,3,2,3.9999999999999998e-07,4.0000000000000003e-05,2.125,2.125,0,0,True,1615238778a2d70277844d176720348e4cb34391604db9ec624c282ee3383f34
solver_stress_00488,symmetric,500,40,2,canonical,0,2,4.9999999999999998e-08,5.0000000000000004e-06,2.125,2.125,0,0,True,84137489933b57f3501dfa6fbf4eeb0464669a81c7aa895440495915e3a58c9c
solver_stress_00489,symmetric,500,40,2,canonical,1,2,9.9999999999999995e-08,1.0000000000000001e-05,2.125,2.125,0,0,True,99aaa68a8ebac5af54d080ec6783a2b6ef58d57f7a3a79a44a217ebdf1909d23
solver_stress_00490,symmetric,500,40,2,canonical,2,2,1.4999999999999999e-07,1.5000000000000002e-05,2.125,2.125,0,0,True,a9d4748f627ea22c51b60f84f2f82b6cc604d26cd46ac93a5c75c6e880e79682
solver_stress_00491,symmetric,500,40,2,canonical,3,2,1.9999999999999999e-07,2.0000000000000002e-05,2.125,2.125,0,0,True,e12c084019cea6c73610f05af4d52a00a8d6c810edf78163302d9650a9884b84
solver_stress_00492,symmetric,500,40,2,reversed,0,2,4.9999999999999998e-08,5.0000000000000004e-06,2.125,2.125,0,0,True,84137489933b57f3501dfa6fbf4eeb0464669a81c7aa895440495915e3a58c9c
solver_stress_00493,symmetric,500,40,2,reversed,1,2,9.9999999999999995e-08,1.0000000000000001e-05,2.125,2.125,0,0,True,99aaa68a8ebac5af54d080ec6783a2b6ef58d57f7a3a79a44a217ebdf1909d23
solver_stress_00494,symmetric,500,40,2,reversed,2,2,1.4999999999999999e-07,1.5000000000000002e-05,2.125,2.125,0,0,True,a9d4748f627ea22c51b60f84f2f82b6cc604d26cd46ac93a5c75c6e880e79682
solver_stress_00495,symmetric,500,40,2,reversed,3,2,1.9999999999999999e-07,2.0000000000000002e-05,2.125,2.125,0,0,True,e12c084019cea6c73610f05af4d52a00a8d6c810edf78163302d9650a9884b84
solver_stress_00496,symmetric,500,40,4,canonical,0,2,2.4999999999999999e-08,2.5000000000000002e-06,2.125,2.125,0,0,True,8020e7fa41d217b74c21ca74a16d31cecc573f760932d9f3cf37caf5d42f1732
solver_stress_00497,symmetric,500,40,4,canonical,1,2,4.9999999999999998e-08,5.0000000000000004e-06,2.125,2.125,0,0,True,636be07356844b7d0c6db32b49b9013c6c22dcc1fbbd9f3180343487ac444f7e
solver_stress_00498,symmetric,500,40,4,canonical,2,2,7.4999999999999997e-08,7.500000000000001e-06,2.125,2.125,0,0,True,043fb346b3c4bbb0e7b30d6e0703e7ec3a016438c9b812628cd91aef48b2e49a
solver_stress_00499,symmetric,500,40,4,canonical,3,2,9.9999999999999995e-08,1.0000000000000001e-05,2.125,2.125,0,0,True,0fd718270877c504087fa12b207f0376f05b382504e83275cd320ca02f537dfb
solver_stress_00500,symmetric,500,40,4,reversed,0,2,2.4999999999999999e-08,2.5000000000000002e-06,2.125,2.125,0,0,True,8020e7fa41d217b74c21ca74a16d31cecc573f760932d9f3cf37caf5d42f1732
solver_stress_00501,symmetric,500,40,4,reversed,1,2,4.9999999999999998e-08,5.0000000000000004e-06,2.125,2.125,0,0,True,636be07356844b7d0c6db32b49b9013c6c22dcc1fbbd9f3180343487ac444f7e
solver_stress_00502,symmetric,500,40,4,reversed,2,2,7.4999999999999997e-08,7.500000000000001e-06,2.125,2.125,0,0,True,043fb346b3c4bbb0e7b30d6e0703e7ec3a016438c9b812628cd91aef48b2e49a
solver_stress_00503,symmetric,500,40,4,reversed,3,2,9.9999999999999995e-08,1.0000000000000001e-05,2.125,2.125,0,0,True,0fd718270877c504087fa12b207f0376f05b382504e83275cd320ca02f537dfb
solver_stress_00504,symmetric,1000,-40,1,canonical,0,2,9.9999999999999995e-08,1.0000000000000001e-05,8.5,8.5,0,0,True,b3f652a35cc8f0ed3135c18f74f94dad04ab828a3acab1af956beb1f96f65ac3
solver_stress_00505,symmetric,1000,-40,1,canonical,1,2,1.9999999999999999e-07,2.0000000000000002e-05,8.5,8.5,0,0,True,044913e4ac8d0fbeb04021903ae22d69f40043318c0f8a35d5ef8984aa3dff1b
solver_stress_00506,symmetric,1000,-40,1,canonical,2,2,2.9999999999999999e-07,3.0000000000000004e-05,8.5,8.5,0,0,True,e5f923051a6b38f148137fed478923c2bbacf26c5a167ed7f8dc43e9cfe7c39e
solver_stress_00507,symmetric,1000,-40,1,canonical,3,2,3.9999999999999998e-07,4.0000000000000003e-05,8.5,8.5,0,0,True,1d2dc6d3c2326e8f0c0492c6f02df9f607cbf727d2794be27bfb73c3f8f61196
solver_stress_00508,symmetric,1000,-40,1,reversed,0,2,9.9999999999999995e-08,1.0000000000000001e-05,8.5,8.5,0,0,True,b3f652a35cc8f0ed3135c18f74f94dad04ab828a3acab1af956beb1f96f65ac3
solver_stress_00509,symmetric,1000,-40,1,reversed,1,2,1.9999999999999999e-07,2.0000000000000002e-05,8.5,8.5,0,0,True,044913e4ac8d0fbeb04021903ae22d69f40043318c0f8a35d5ef8984aa3dff1b
solver_stress_00510,symmetric,1000,-40,1,reversed,2,2,2.9999999999999999e-07,3.0000000000000004e-05,8.5,8.5,0,0,True,e5f923051a6b38f148137fed478923c2bbacf26c5a167ed7f8dc43e9cfe7c39e
solver_stress_00511,symmetric,1000,-40,1,reversed,3,2,3.9999999999999998e-07,4.0000000000000003e-05,8.5,8.5,0,0,True,1d2dc6d3c2326e8f0c0492c6f02df9f607cbf727d2794be27bfb73c3f8f61196
solver_stress_00512,symmetric,1000,-40,2,canonical,0,2,4.9999999999999998e-08,5.0000000000000004e-06,8.5,8.5,0,0,True,0ebcbb4eea22c657f663ba405aef2e1fb9481d269515a7e619b9538ce50ca3dc
solver_stress_00513,symmetric,1000,-40,2,canonical,1,2,9.9999999999999995e-08,1.0000000000000001e-05,8.5,8.5,0,0,True,e7e9c0980f1b9232ecabf54e8b72d07d55fe9bf49b306ed4992dd1f49f491030
solver_stress_00514,symmetric,1000,-40,2,canonical,2,2,1.4999999999999999e-07,1.5000000000000002e-05,8.5,8.5,0,0,True,4752addf45802cd19bd3dc227c3d554fe9375e8a3db4382be1302ffec9a83cee
solver_stress_00515,symmetric,1000,-40,2,canonical,3,2,1.9999999999999999e-07,2.0000000000000002e-05,8.5,8.5,0,0,True,2e97274770dd961c8410393a7c1e119e2d26c83e1ceb1a38bff6a9fdfb454101
solver_stress_00516,symmetric,1000,-40,2,reversed,0,2,4.9999999999999998e-08,5.0000000000000004e-06,8.5,8.5,0,0,True,0ebcbb4eea22c657f663ba405aef2e1fb9481d269515a7e619b9538ce50ca3dc
solver_stress_00517,symmetric,1000,-40,2,reversed,1,2,9.9999999999999995e-08,1.0000000000000001e-05,8.5,8.5,0,0,True,e7e9c0980f1b9232ecabf54e8b72d07d55fe9bf49b306ed4992dd1f49f491030
solver_stress_00518,symmetric,1000,-40,2,reversed,2,2,1.4999999999999999e-07,1.5000000000000002e-05,8.5,8.5,0,0,True,4752addf45802cd19bd3dc227c3d554fe9375e8a3db4382be1302ffec9a83cee
solver_stress_00519,symmetric,1000,-40,2,reversed,3,2,1.9999999999999999e-07,2.0000000000000002e-05,8.5,8.5,0,0,True,2e97274770dd961c8410393a7c1e119e2d26c83e1ceb1a38bff6a9fdfb454101
solver_stress_00520,symmetric,1000,-40,4,canonical,0,2,2.4999999999999999e-08,2.5000000000000002e-06,8.5,8.5,0,0,True,80d784f1a7d603eb58431f01a99bb5cd0dd13212d6646b5f2955d90f8674dfd0
solver_stress_00521,symmetric,1000,-40,4,canonical,1,2,4.9999999999999998e-08,5.0000000000000004e-06,8.5,8.5,0,0,True,afb8e3c84bc18f5c7026c75e96c9d68d976059b054fbc5a4673f1ad7c69ad2cc
solver_stress_00522,symmetric,1000,-40,4,canonical,2,2,7.4999999999999997e-08,7.500000000000001e-06,8.5,8.5,0,0,True,8a4cf2431ab018ca7abc542a8d4227597e7c3117dc58359d0c7332d54f777b8c
solver_stress_00523,symmetric,1000,-40,4,canonical,3,2,9.9999999999999995e-08,1.0000000000000001e-05,8.5,8.5,0,0,True,32eb62189107e362810ff1472ec0b8b51079e9cc09c7e4ad1c0e4e54232d1937
solver_stress_00524,symmetric,1000,-40,4,reversed,0,2,2.4999999999999999e-08,2.5000000000000002e-06,8.5,8.5,0,0,True,80d784f1a7d603eb58431f01a99bb5cd0dd13212d6646b5f2955d90f8674dfd0
solver_stress_00525,symmetric,1000,-40,4,reversed,1,2,4.9999999999999998e-08,5.0000000000000004e-06,8.5,8.5,0,0,True,afb8e3c84bc18f5c7026c75e96c9d68d976059b054fbc5a4673f1ad7c69ad2cc
solver_stress_00526,symmetric,1000,-40,4,reversed,2,2,7.4999999999999997e-08,7.500000000000001e-06,8.5,8.5,0,0,True,8a4cf2431ab018ca7abc542a8d4227597e7c3117dc58359d0c7332d54f777b8c
solver_stress_00527,symmetric,1000,-40,4,reversed,3,2,9.9999999999999995e-08,1.0000000000000001e-05,8.5,8.5,0,0,True,32eb62189107e362810ff1472ec0b8b51079e9cc09c7e4ad1c0e4e54232d1937
solver_stress_00528,symmetric,1000,0,1,canonical,0,2,9.9999999999999995e-08,1.0000000000000001e-05,8.5,8.5,0,0,True,436281ff190a21a0712fbb94e997a59bb4df65cc2da61c8f1fc96b62e38e9475
solver_stress_00529,symmetric,1000,0,1,canonical,1,2,1.9999999999999999e-07,2.0000000000000002e-05,8.5,8.5,0,0,True,40f0954429afc6140f8a305a8044df269733f3e0772819b44e5a25ae6b62667f
solver_stress_00530,symmetric,1000,0,1,canonical,2,2,2.9999999999999999e-07,3.0000000000000004e-05,8.5,8.5,0,0,True,0092e09e8cb3aa8f89eeded135bbd25142e01d9d3eb1432172770f47b6d9b5af
solver_stress_00531,symmetric,1000,0,1,canonical,3,2,3.9999999999999998e-07,4.0000000000000003e-05,8.5,8.5,0,0,True,156c255f851e9a29c4d9d0ba1d5beb06af5d728f52f98e9b1728b2d00cdbe369
solver_stress_00532,symmetric,1000,0,1,reversed,0,2,9.9999999999999995e-08,1.0000000000000001e-05,8.5,8.5,0,0,True,436281ff190a21a0712fbb94e997a59bb4df65cc2da61c8f1fc96b62e38e9475
solver_stress_00533,symmetric,1000,0,1,reversed,1,2,1.9999999999999999e-07,2.0000000000000002e-05,8.5,8.5,0,0,True,40f0954429afc6140f8a305a8044df269733f3e0772819b44e5a25ae6b62667f
solver_stress_00534,symmetric,1000,0,1,reversed,2,2,2.9999999999999999e-07,3.0000000000000004e-05,8.5,8.5,0,0,True,0092e09e8cb3aa8f89eeded135bbd25142e01d9d3eb1432172770f47b6d9b5af
solver_stress_00535,symmetric,1000,0,1,reversed,3,2,3.9999999999999998e-07,4.0000000000000003e-05,8.5,8.5,0,0,True,156c255f851e9a29c4d9d0ba1d5beb06af5d728f52f98e9b1728b2d00cdbe369
solver_stress_00536,symmetric,1000,0,2,canonical,0,2,4.9999999999999998e-08,5.0000000000000004e-06,8.5,8.5,0,0,True,55abedb896fc10b2ea54129322bd0ffa6badeadb0943ccffc4f6cbd0f93319a9
solver_stress_00537,symmetric,1000,0,2,canonical,1,2,9.9999999999999995e-08,1.0000000000000001e-05,8.5,8.5,0,0,True,b6fc468bc6583d2722bb662354c30f5f3f0bccf760099166eef2d0bd2e989505
solver_stress_00538,symmetric,1000,0,2,canonical,2,2,1.4999999999999999e-07,1.5000000000000002e-05,8.5,8.5,0,0,True,a9021ba613b516f761806b84349574c6b6476e9465351a5bbaa471b6d9feac02
solver_stress_00539,symmetric,1000,0,2,canonical,3,2,1.9999999999999999e-07,2.0000000000000002e-05,8.5,8.5,0,0,True,e11166122f575f82ec170198ae94be70ea916c30f4f2874aa57f6d08ff5490d8
solver_stress_00540,symmetric,1000,0,2,reversed,0,2,4.9999999999999998e-08,5.0000000000000004e-06,8.5,8.5,0,0,True,55abedb896fc10b2ea54129322bd0ffa6badeadb0943ccffc4f6cbd0f93319a9
solver_stress_00541,symmetric,1000,0,2,reversed,1,2,9.9999999999999995e-08,1.0000000000000001e-05,8.5,8.5,0,0,True,b6fc468bc6583d2722bb662354c30f5f3f0bccf760099166eef2d0bd2e989505
solver_stress_00542,symmetric,1000,0,2,reversed,2,2,1.4999999999999999e-07,1.5000000000000002e-05,8.5,8.5,0,0,True,a9021ba613b516f761806b84349574c6b6476e9465351a5bbaa471b6d9feac02
solver_stress_00543,symmetric,1000,0,2,reversed,3,2,1.9999999999999999e-07,2.0000000000000002e-05,8.5,8.5,0,0,True,e11166122f575f82ec170198ae94be70ea916c30f4f2874aa57f6d08ff5490d8
solver_stress_00544,symmetric,1000,0,4,canonical,0,2,2.4999999999999999e-08,2.5000000000000002e-06,8.5,8.5,0,0,True,c41d895acf8909e7069d6aee39848a0a1b2b7df3d19ffd250780ccfb34308060
solver_stress_00545,symmetric,1000,0,4,canonical,1,2,4.9999999999999998e-08,5.0000000000000004e-06,8.5,8.5,0,0,True,95be147f5816f13519d2afb8c2786b933fb9f207f071b7d2f54d2dad1dd9cd5b
solver_stress_00546,symmetric,1000,0,4,canonical,2,2,7.4999999999999997e-08,7.500000000000001e-06,8.5,8.5,0,0,True,e476b3dbd65926710a59ad179a860340970b6606488175911fe36686cf8e83de
solver_stress_00547,symmetric,1000,0,4,canonical,3,2,9.9999999999999995e-08,1.0000000000000001e-05,8.5,8.5,0,0,True,548ac18b1d770b513928a35c1ffc823505419edc73d60e77eceeedab0abff2a0
solver_stress_00548,symmetric,1000,0,4,reversed,0,2,2.4999999999999999e-08,2.5000000000000002e-06,8.5,8.5,0,0,True,c41d895acf8909e7069d6aee39848a0a1b2b7df3d19ffd250780ccfb34308060
solver_stress_00549,symmetric,1000,0,4,reversed,1,2,4.9999999999999998e-08,5.0000000000000004e-06,8.5,8.5,0,0,True,95be147f5816f13519d2afb8c2786b933fb9f207f071b7d2f54d2dad1dd9cd5b
solver_stress_00550,symmetric,1000,0,4,reversed,2,2,7.4999999999999997e-08,7.500000000000001e-06,8.5,8.5,0,0,True,e476b3dbd65926710a59ad179a860340970b6606488175911fe36686cf8e83de
solver_stress_00551,symmetric,1000,0,4,reversed,3,2,9.9999999999999995e-08,1.0000000000000001e-05,8.5,8.5,0,0,True,548ac18b1d770b513928a35c1ffc823505419edc73d60e77eceeedab0abff2a0
solver_stress_00552,symmetric,1000,40,1,canonical,0,2,9.9999999999999995e-08,1.0000000000000001e-05,8.5,8.5,0,0,True,2d27302dc94b3ae0a45eba5e4033d77508e73823c2c5cd6a9ad986357e995d84
solver_stress_00553,symmetric,1000,40,1,canonical,1,2,1.9999999999999999e-07,2.0000000000000002e-05,8.5,8.5,0,0,True,fb8506f742c928d334c84698ca92514bed0408465c45cd7de7f5acfb781dee0c
solver_stress_00554,symmetric,1000,40,1,canonical,2,2,2.9999999999999999e-07,3.0000000000000004e-05,8.5,8.5,0,0,True,28da14e74dbabba713d22039c128228c9702ff7b8eb865299a237a9935331dde
solver_stress_00555,symmetric,1000,40,1,canonical,3,2,3.9999999999999998e-07,4.0000000000000003e-05,8.5,8.5,0,0,True,4f3243c284998a707063d18fb7e0866ab21cf3c9952a3fb197e27da1eb95860a
solver_stress_00556,symmetric,1000,40,1,reversed,0,2,9.9999999999999995e-08,1.0000000000000001e-05,8.5,8.5,0,0,True,2d27302dc94b3ae0a45eba5e4033d77508e73823c2c5cd6a9ad986357e995d84
solver_stress_00557,symmetric,1000,40,1,reversed,1,2,1.9999999999999999e-07,2.0000000000000002e-05,8.5,8.5,0,0,True,fb8506f742c928d334c84698ca92514bed0408465c45cd7de7f5acfb781dee0c
solver_stress_00558,symmetric,1000,40,1,reversed,2,2,2.9999999999999999e-07,3.0000000000000004e-05,8.5,8.5,0,0,True,28da14e74dbabba713d22039c128228c9702ff7b8eb865299a237a9935331dde
solver_stress_00559,symmetric,1000,40,1,reversed,3,2,3.9999999999999998e-07,4.0000000000000003e-05,8.5,8.5,0,0,True,4f3243c284998a707063d18fb7e0866ab21cf3c9952a3fb197e27da1eb95860a
solver_stress_00560,symmetric,1000,40,2,canonical,0,2,4.9999999999999998e-08,5.0000000000000004e-06,8.5,8.5,0,0,True,29785d27bf8bbefbb71af79562652b8ae36078d801fa9be6466076ab081b5e9d
solver_stress_00561,symmetric,1000,40,2,canonical,1,2,9.9999999999999995e-08,1.0000000000000001e-05,8.5,8.5,0,0,True,d2c37db35e831f3628965a7ed53dc0d0e07c808cc1e6d7b140dee2879a586106
solver_stress_00562,symmetric,1000,40,2,canonical,2,2,1.4999999999999999e-07,1.5000000000000002e-05,8.5,8.5,0,0,True,7128784074c809a46964fb23adbd05b91bb6e8d64fbf1005964a6ec08531e457
solver_stress_00563,symmetric,1000,40,2,canonical,3,2,1.9999999999999999e-07,2.0000000000000002e-05,8.5,8.5,0,0,True,8f80cb555bcfbc1d0646439246d843254c489c3e435cad91ec4455a712418d63
solver_stress_00564,symmetric,1000,40,2,reversed,0,2,4.9999999999999998e-08,5.0000000000000004e-06,8.5,8.5,0,0,True,29785d27bf8bbefbb71af79562652b8ae36078d801fa9be6466076ab081b5e9d
solver_stress_00565,symmetric,1000,40,2,reversed,1,2,9.9999999999999995e-08,1.0000000000000001e-05,8.5,8.5,0,0,True,d2c37db35e831f3628965a7ed53dc0d0e07c808cc1e6d7b140dee2879a586106
solver_stress_00566,symmetric,1000,40,2,reversed,2,2,1.4999999999999999e-07,1.5000000000000002e-05,8.5,8.5,0,0,True,7128784074c809a46964fb23adbd05b91bb6e8d64fbf1005964a6ec08531e457
solver_stress_00567,symmetric,1000,40,2,reversed,3,2,1.9999999999999999e-07,2.0000000000000002e-05,8.5,8.5,0,0,True,8f80cb555bcfbc1d0646439246d843254c489c3e435cad91ec4455a712418d63
solver_stress_00568,symmetric,1000,40,4,canonical,0,2,2.4999999999999999e-08,2.5000000000000002e-06,8.5,8.5,0,0,True,d892885b9132491158049dc9264ebb0fc9317a29eb3e20894fbde8385b3ad51c
solver_stress_00569,symmetric,1000,40,4,canonical,1,2,4.9999999999999998e-08,5.0000000000000004e-06,8.5,8.5,0,0,True,769b488de7127ab98e6e3c80af7264f4b366b58796647b06dc5cb583adae19c0
solver_stress_00570,symmetric,1000,40,4,canonical,2,2,7.4999999999999997e-08,7.500000000000001e-06,8.5,8.5,0,0,True,e3fd6eb9a826110d6cacbc65efa95adefbbe33741d559baf0c11a9aa3d8c1548
solver_stress_00571,symmetric,1000,40,4,canonical,3,2,9.9999999999999995e-08,1.0000000000000001e-05,8.5,8.5,0,0,True,1209eb1b639f211c752a4874c9032e0614d0a37dd56ead1af4bb09bd144c39a6
solver_stress_00572,symmetric,1000,40,4,reversed,0,2,2.4999999999999999e-08,2.5000000000000002e-06,8.5,8.5,0,0,True,d892885b9132491158049dc9264ebb0fc9317a29eb3e20894fbde8385b3ad51c
solver_stress_00573,symmetric,1000,40,4,reversed,1,2,4.9999999999999998e-08,5.0000000000000004e-06,8.5,8.5,0,0,True,769b488de7127ab98e6e3c80af7264f4b366b58796647b06dc5cb583adae19c0
solver_stress_00574,symmetric,1000,40,4,reversed,2,2,7.4999999999999997e-08,7.500000000000001e-06,8.5,8.5,0,0,True,e3fd6eb9a826110d6cacbc65efa95adefbbe33741d559baf0c11a9aa3d8c1548
solver_stress_00575,symmetric,1000,40,4,reversed,3,2,9.9999999999999995e-08,1.0000000000000001e-05,8.5,8.5,0,0,True,1209eb1b639f211c752a4874c9032e0614d0a37dd56ead1af4bb09bd144c39a6
solver_stress_00576,rack,25,-40,1,canonical,0,15,9.9999999999999995e-08,1.0000000000000001e-05,0.0053125000000000004,0.0048875000000000004,0,1.0000000000000001e-09,True,f88cfa11436e2046c8e7bfdcb308c8c1eff3956ae33ca51a949ae68a044678dd
solver_stress_00577,rack,25,-40,1,canonical,1,15,1.9999999999999999e-07,2.0000000000000002e-05,0.0053125000000000004,0.0048875000000000004,0,2.0000000000000001e-09,True,f7723cf2092eb9c814c8b0da321914678986d8fef58d253436abe6304b0b5032
solver_stress_00578,rack,25,-40,1,canonical,2,15,2.9999999999999999e-07,3.0000000000000004e-05,0.0053125000000000004,0.0048875000000000004,0,3.0000000000000004e-09,True,d688603173c14c245ba6a675b3680fe785cf0edc1ef132b76cbc2b804c29a569
solver_stress_00579,rack,25,-40,1,canonical,3,15,3.9999999999999998e-07,4.0000000000000003e-05,0.0053125000000000004,0.0048875000000000004,0,4.0000000000000002e-09,True,6928de37aa06d4702cc22babbac15653eabf66a323ecbaedd0e75ab31e5439bc
solver_stress_00580,rack,25,-40,1,reversed,0,15,9.9999999999999995e-08,1.0000000000000001e-05,0.0053125000000000004,0.0048875000000000004,0,1.0000000000000001e-09,True,f88cfa11436e2046c8e7bfdcb308c8c1eff3956ae33ca51a949ae68a044678dd
solver_stress_00581,rack,25,-40,1,reversed,1,15,1.9999999999999999e-07,2.0000000000000002e-05,0.0053125000000000004,0.0048875000000000004,0,2.0000000000000001e-09,True,f7723cf2092eb9c814c8b0da321914678986d8fef58d253436abe6304b0b5032
solver_stress_00582,rack,25,-40,1,reversed,2,15,2.9999999999999999e-07,3.0000000000000004e-05,0.0053125000000000004,0.0048875000000000004,0,3.0000000000000004e-09,True,d688603173c14c245ba6a675b3680fe785cf0edc1ef132b76cbc2b804c29a569
solver_stress_00583,rack,25,-40,1,reversed,3,15,3.9999999999999998e-07,4.0000000000000003e-05,0.0053125000000000004,0.0048875000000000004,0,4.0000000000000002e-09,True,6928de37aa06d4702cc22babbac15653eabf66a323ecbaedd0e75ab31e5439bc
solver_stress_00584,rack,25,-40,2,canonical,0,15,4.9999999999999998e-08,5.0000000000000004e-06,0.0053125000000000004,0.0048875000000000004,0,1.0000000000000001e-09,True,9d385d38c655f097df51fa15e2d6f69109205f61d48525a445ea40e6a535171d
solver_stress_00585,rack,25,-40,2,canonical,1,15,9.9999999999999995e-08,1.0000000000000001e-05,0.0053125000000000004,0.0048875000000000004,0,2.0000000000000001e-09,True,0e60011a75f0fb032e0a00cc514e045c7ffa9ffc1543307be875a0dfeb7b2f42
solver_stress_00586,rack,25,-40,2,canonical,2,15,1.4999999999999999e-07,1.5000000000000002e-05,0.0053125000000000004,0.0048875000000000004,0,3.0000000000000004e-09,True,53d24b47b7864622f33f7303c0bf8ca77f31cdad99c6b36338d5ac1fe2bcfbb7
solver_stress_00587,rack,25,-40,2,canonical,3,15,1.9999999999999999e-07,2.0000000000000002e-05,0.0053125000000000004,0.0048875000000000004,0,4.0000000000000002e-09,True,727f7078da5516a3502458d39f1953aa62174446b56deec2f400cf5ddda3b640
solver_stress_00588,rack,25,-40,2,reversed,0,15,4.9999999999999998e-08,5.0000000000000004e-06,0.0053125000000000004,0.0048875000000000004,0,1.0000000000000001e-09,True,9d385d38c655f097df51fa15e2d6f69109205f61d48525a445ea40e6a535171d
solver_stress_00589,rack,25,-40,2,reversed,1,15,9.9999999999999995e-08,1.0000000000000001e-05,0.0053125000000000004,0.0048875000000000004,0,2.0000000000000001e-09,True,0e60011a75f0fb032e0a00cc514e045c7ffa9ffc1543307be875a0dfeb7b2f42
solver_stress_00590,rack,25,-40,2,reversed,2,15,1.4999999999999999e-07,1.5000000000000002e-05,0.0053125000000000004,0.0048875000000000004,0,3.0000000000000004e-09,True,53d24b47b7864622f33f7303c0bf8ca77f31cdad99c6b36338d5ac1fe2bcfbb7
solver_stress_00591,rack,25,-40,2,reversed,3,15,1.9999999999999999e-07,2.0000000000000002e-05,0.0053125000000000004,0.0048875000000000004,0,4.0000000000000002e-09,True,727f7078da5516a3502458d39f1953aa62174446b56deec2f400cf5ddda3b640
solver_stress_00592,rack,25,-40,4,canonical,0,15,2.4999999999999999e-08,2.5000000000000002e-06,0.0053125000000000004,0.0048875000000000004,0,1.0000000000000001e-09,True,5f2a8808bde8e6375d53d8fae35ff2122c0aebdd8a6c2ad2cbc9e4acfa036914
solver_stress_00593,rack,25,-40,4,canonical,1,15,4.9999999999999998e-08,5.0000000000000004e-06,0.0053125000000000004,0.0048875000000000004,0,2.0000000000000001e-09,True,a54feceae2e4ec1dfc0853ac6c36cca1566391f012b65178022e8c2021ec811f
solver_stress_00594,rack,25,-40,4,canonical,2,15,7.4999999999999997e-08,7.500000000000001e-06,0.0053125000000000004,0.0048875000000000004,0,3.0000000000000004e-09,True,45ae76ba5078605ded14c003898afb7e179261fc5c38c8ef657b53ba9b3e1b04
solver_stress_00595,rack,25,-40,4,canonical,3,15,9.9999999999999995e-08,1.0000000000000001e-05,0.0053125000000000004,0.0048875000000000004,0,4.0000000000000002e-09,True,632d30a6b15b843044e728058f15c8359eec1e2cd96393cce56580231dbb1db3
solver_stress_00596,rack,25,-40,4,reversed,0,15,2.4999999999999999e-08,2.5000000000000002e-06,0.0053125000000000004,0.0048875000000000004,0,1.0000000000000001e-09,True,5f2a8808bde8e6375d53d8fae35ff2122c0aebdd8a6c2ad2cbc9e4acfa036914
solver_stress_00597,rack,25,-40,4,reversed,1,15,4.9999999999999998e-08,5.0000000000000004e-06,0.0053125000000000004,0.0048875000000000004,0,2.0000000000000001e-09,True,a54feceae2e4ec1dfc0853ac6c36cca1566391f012b65178022e8c2021ec811f
solver_stress_00598,rack,25,-40,4,reversed,2,15,7.4999999999999997e-08,7.500000000000001e-06,0.0053125000000000004,0.0048875000000000004,0,3.0000000000000004e-09,True,45ae76ba5078605ded14c003898afb7e179261fc5c38c8ef657b53ba9b3e1b04
solver_stress_00599,rack,25,-40,4,reversed,3,15,9.9999999999999995e-08,1.0000000000000001e-05,0.0053125000000000004,0.0048875000000000004,0,4.0000000000000002e-09,True,632d30a6b15b843044e728058f15c8359eec1e2cd96393cce56580231dbb1db3
solver_stress_00600,rack,25,0,1,canonical,0,15,9.9999999999999995e-08,1.0000000000000001e-05,0.0053125000000000004,0.0048875000000000004,0,1.0000000000000001e-09,True,1126bb0cf496449349a6612fc9c02f9f1c4ba8a13dfa2b2b7ce6b51ddcc8854e
solver_stress_00601,rack,25,0,1,canonical,1,15,1.9999999999999999e-07,2.0000000000000002e-05,0.0053125000000000004,0.0048875000000000004,0,2.0000000000000001e-09,True,3e5d9d405619611c95e11ffe7f2c5bc065c3db39ffc966c77218cac15b339534
solver_stress_00602,rack,25,0,1,canonical,2,15,2.9999999999999999e-07,3.0000000000000004e-05,0.0053125000000000004,0.0048875000000000004,0,3.0000000000000004e-09,True,018af604fd0cd93f56992117298d178c4909b3185be1957507672064e8b5fe01
solver_stress_00603,rack,25,0,1,canonical,3,15,3.9999999999999998e-07,4.0000000000000003e-05,0.0053125000000000004,0.0048875000000000004,0,4.0000000000000002e-09,True,cf8f9f7112edaf333f34b688b8bc174f044f7e4d26b7cf08335403cecbe45c6a
solver_stress_00604,rack,25,0,1,reversed,0,15,9.9999999999999995e-08,1.0000000000000001e-05,0.0053125000000000004,0.0048875000000000004,0,1.0000000000000001e-09,True,1126bb0cf496449349a6612fc9c02f9f1c4ba8a13dfa2b2b7ce6b51ddcc8854e
solver_stress_00605,rack,25,0,1,reversed,1,15,1.9999999999999999e-07,2.0000000000000002e-05,0.0053125000000000004,0.0048875000000000004,0,2.0000000000000001e-09,True,3e5d9d405619611c95e11ffe7f2c5bc065c3db39ffc966c77218cac15b339534
solver_stress_00606,rack,25,0,1,reversed,2,15,2.9999999999999999e-07,3.0000000000000004e-05,0.0053125000000000004,0.0048875000000000004,0,3.0000000000000004e-09,True,018af604fd0cd93f56992117298d178c4909b3185be1957507672064e8b5fe01
solver_stress_00607,rack,25,0,1,reversed,3,15,3.9999999999999998e-07,4.0000000000000003e-05,0.0053125000000000004,0.0048875000000000004,0,4.0000000000000002e-09,True,cf8f9f7112edaf333f34b688b8bc174f044f7e4d26b7cf08335403cecbe45c6a
solver_stress_00608,rack,25,0,2,canonical,0,15,4.9999999999999998e-08,5.0000000000000004e-06,0.0053125000000000004,0.0048875000000000004,0,1.0000000000000001e-09,True,9347a2bba51c25c86b8fc9c9b748d55360eb55f2755eb158e02b2b1ba39a46b4
solver_stress_00609,rack,25,0,2,canonical,1,15,9.9999999999999995e-08,1.0000000000000001e-05,0.0053125000000000004,0.0048875000000000004,0,2.0000000000000001e-09,True,95ffc6237d249d993026bf03d12b7841167ae5e9c9d170e9d7059505c02f59fb
solver_stress_00610,rack,25,0,2,canonical,2,15,1.4999999999999999e-07,1.5000000000000002e-05,0.0053125000000000004,0.0048875000000000004,0,3.0000000000000004e-09,True,0ee8432847c669f413abd3e97ea8e41f2abf648ea5a40dd91b9004512d31a643
solver_stress_00611,rack,25,0,2,canonical,3,15,1.9999999999999999e-07,2.0000000000000002e-05,0.0053125000000000004,0.0048875000000000004,0,4.0000000000000002e-09,True,f50470f4b22383f6f402ca061aec86edbf5569c69450d6eba1976879ffc31ed2
solver_stress_00612,rack,25,0,2,reversed,0,15,4.9999999999999998e-08,5.0000000000000004e-06,0.0053125000000000004,0.0048875000000000004,0,1.0000000000000001e-09,True,9347a2bba51c25c86b8fc9c9b748d55360eb55f2755eb158e02b2b1ba39a46b4
solver_stress_00613,rack,25,0,2,reversed,1,15,9.9999999999999995e-08,1.0000000000000001e-05,0.0053125000000000004,0.0048875000000000004,0,2.0000000000000001e-09,True,95ffc6237d249d993026bf03d12b7841167ae5e9c9d170e9d7059505c02f59fb
solver_stress_00614,rack,25,0,2,reversed,2,15,1.4999999999999999e-07,1.5000000000000002e-05,0.0053125000000000004,0.0048875000000000004,0,3.0000000000000004e-09,True,0ee8432847c669f413abd3e97ea8e41f2abf648ea5a40dd91b9004512d31a643
solver_stress_00615,rack,25,0,2,reversed,3,15,1.9999999999999999e-07,2.0000000000000002e-05,0.0053125000000000004,0.0048875000000000004,0,4.0000000000000002e-09,True,f50470f4b22383f6f402ca061aec86edbf5569c69450d6eba1976879ffc31ed2
solver_stress_00616,rack,25,0,4,canonical,0,15,2.4999999999999999e-08,2.5000000000000002e-06,0.0053125000000000004,0.0048875000000000004,0,1.0000000000000001e-09,True,03f636207ca6c2d191472572e727b7d2a6899f1be9c4f282b244effca8a611d0
solver_stress_00617,rack,25,0,4,canonical,1,15,4.9999999999999998e-08,5.0000000000000004e-06,0.0053125000000000004,0.0048875000000000004,0,2.0000000000000001e-09,True,003d470a10f6f5ff213f02961b3e0ae336b208c599c77e27d2926c029063b322
solver_stress_00618,rack,25,0,4,canonical,2,15,7.4999999999999997e-08,7.500000000000001e-06,0.0053125000000000004,0.0048875000000000004,0,3.0000000000000004e-09,True,29a870f8a6ea00e2d02073d9df70cafa1230afdf4271a799d0eb148ed8a782bd
solver_stress_00619,rack,25,0,4,canonical,3,15,9.9999999999999995e-08,1.0000000000000001e-05,0.0053125000000000004,0.0048875000000000004,0,4.0000000000000002e-09,True,c9abe23cd2b26e53988007e91c0b071316d1d25bec169a93adafa164c066033d
solver_stress_00620,rack,25,0,4,reversed,0,15,2.4999999999999999e-08,2.5000000000000002e-06,0.0053125000000000004,0.0048875000000000004,0,1.0000000000000001e-09,True,03f636207ca6c2d191472572e727b7d2a6899f1be9c4f282b244effca8a611d0
solver_stress_00621,rack,25,0,4,reversed,1,15,4.9999999999999998e-08,5.0000000000000004e-06,0.0053125000000000004,0.0048875000000000004,0,2.0000000000000001e-09,True,003d470a10f6f5ff213f02961b3e0ae336b208c599c77e27d2926c029063b322
solver_stress_00622,rack,25,0,4,reversed,2,15,7.4999999999999997e-08,7.500000000000001e-06,0.0053125000000000004,0.0048875000000000004,0,3.0000000000000004e-09,True,29a870f8a6ea00e2d02073d9df70cafa1230afdf4271a799d0eb148ed8a782bd
solver_stress_00623,rack,25,0,4,reversed,3,15,9.9999999999999995e-08,1.0000000000000001e-05,0.0053125000000000004,0.0048875000000000004,0,4.0000000000000002e-09,True,c9abe23cd2b26e53988007e91c0b071316d1d25bec169a93adafa164c066033d
solver_stress_00624,rack,25,40,1,canonical,0,15,9.9999999999999995e-08,1.0000000000000001e-05,0.0053125000000000004,0.0048875000000000004,0,1.0000000000000001e-09,True,0a367c9023cda147a088e357a61ae12d1442f2c7393dd3bf4eb813deb6f5ca95
solver_stress_00625,rack,25,40,1,canonical,1,15,1.9999999999999999e-07,2.0000000000000002e-05,0.0053125000000000004,0.0048875000000000004,0,2.0000000000000001e-09,True,6974b343e6f09779403e44db3610e9de51a3a5b9381b20556919102efa551db2
solver_stress_00626,rack,25,40,1,canonical,2,15,2.9999999999999999e-07,3.0000000000000004e-05,0.0053125000000000004,0.0048875000000000004,0,3.0000000000000004e-09,True,ca575384c8721e737e7854e211d6645dcf27ad3e6e2618d5d865be126858218b
solver_stress_00627,rack,25,40,1,canonical,3,15,3.9999999999999998e-07,4.0000000000000003e-05,0.0053125000000000004,0.0048875000000000004,0,4.0000000000000002e-09,True,9bf8d27fedcb06e74149068b8f72d3edb33ca4478da2dbea41bc423be9113b95
solver_stress_00628,rack,25,40,1,reversed,0,15,9.9999999999999995e-08,1.0000000000000001e-05,0.0053125000000000004,0.0048875000000000004,0,1.0000000000000001e-09,True,0a367c9023cda147a088e357a61ae12d1442f2c7393dd3bf4eb813deb6f5ca95
solver_stress_00629,rack,25,40,1,reversed,1,15,1.9999999999999999e-07,2.0000000000000002e-05,0.0053125000000000004,0.0048875000000000004,0,2.0000000000000001e-09,True,6974b343e6f09779403e44db3610e9de51a3a5b9381b20556919102efa551db2
solver_stress_00630,rack,25,40,1,reversed,2,15,2.9999999999999999e-07,3.0000000000000004e-05,0.0053125000000000004,0.0048875000000000004,0,3.0000000000000004e-09,True,ca575384c8721e737e7854e211d6645dcf27ad3e6e2618d5d865be126858218b
solver_stress_00631,rack,25,40,1,reversed,3,15,3.9999999999999998e-07,4.0000000000000003e-05,0.0053125000000000004,0.0048875000000000004,0,4.0000000000000002e-09,True,9bf8d27fedcb06e74149068b8f72d3edb33ca4478da2dbea41bc423be9113b95
solver_stress_00632,rack,25,40,2,canonical,0,15,4.9999999999999998e-08,5.0000000000000004e-06,0.0053125000000000004,0.0048875000000000004,0,1.0000000000000001e-09,True,6574ebdf90256fef03aa289a0f7569c87691ec66ad179d853d95df63df12e699
solver_stress_00633,rack,25,40,2,canonical,1,15,9.9999999999999995e-08,1.0000000000000001e-05,0.0053125000000000004,0.0048875000000000004,0,2.0000000000000001e-09,True,67bfe58f3d42e794a9b0617505701dbcacdc4545287babdfaa10c9e0e9720c75
solver_stress_00634,rack,25,40,2,canonical,2,15,1.4999999999999999e-07,1.5000000000000002e-05,0.0053125000000000004,0.0048875000000000004,0,3.0000000000000004e-09,True,3345859930aefaad12c9ae59138df969addbe1ce3b0da4054b08d306dc6bf6fe
solver_stress_00635,rack,25,40,2,canonical,3,15,1.9999999999999999e-07,2.0000000000000002e-05,0.0053125000000000004,0.0048875000000000004,0,4.0000000000000002e-09,True,511e5cf4849cc243516148b703c4e47da713ab39425d0714a61bff14eb42e2b3
solver_stress_00636,rack,25,40,2,reversed,0,15,4.9999999999999998e-08,5.0000000000000004e-06,0.0053125000000000004,0.0048875000000000004,0,1.0000000000000001e-09,True,6574ebdf90256fef03aa289a0f7569c87691ec66ad179d853d95df63df12e699
solver_stress_00637,rack,25,40,2,reversed,1,15,9.9999999999999995e-08,1.0000000000000001e-05,0.0053125000000000004,0.0048875000000000004,0,2.0000000000000001e-09,True,67bfe58f3d42e794a9b0617505701dbcacdc4545287babdfaa10c9e0e9720c75
solver_stress_00638,rack,25,40,2,reversed,2,15,1.4999999999999999e-07,1.5000000000000002e-05,0.0053125000000000004,0.0048875000000000004,0,3.0000000000000004e-09,True,3345859930aefaad12c9ae59138df969addbe1ce3b0da4054b08d306dc6bf6fe
solver_stress_00639,rack,25,40,2,reversed,3,15,1.9999999999999999e-07,2.0000000000000002e-05,0.0053125000000000004,0.0048875000000000004,0,4.0000000000000002e-09,True,511e5cf4849cc243516148b703c4e47da713ab39425d0714a61bff14eb42e2b3
solver_stress_00640,rack,25,40,4,canonical,0,15,2.4999999999999999e-08,2.5000000000000002e-06,0.0053125000000000004,0.0048875000000000004,0,1.0000000000000001e-09,True,b2a936e0e69972741bff7f42e494686391bdf810edb1a94b9273b7d657041d55
solver_stress_00641,rack,25,40,4,canonical,1,15,4.9999999999999998e-08,5.0000000000000004e-06,0.0053125000000000004,0.0048875000000000004,0,2.0000000000000001e-09,True,82f4100a89a9c8799015223ea8279f843b2bcb711ede2c0f8ecee65ee0cee088
solver_stress_00642,rack,25,40,4,canonical,2,15,7.4999999999999997e-08,7.500000000000001e-06,0.0053125000000000004,0.0048875000000000004,0,3.0000000000000004e-09,True,fbfbc64c8088b2ca4a9c11938e0a68d014c9ac8fe8b3aece02af5c336bc7bc14
solver_stress_00643,rack,25,40,4,canonical,3,15,9.9999999999999995e-08,1.0000000000000001e-05,0.0053125000000000004,0.0048875000000000004,0,4.0000000000000002e-09,True,aada396fec66f007c4dadd837ca3e2abb1ef0eaf16d2ff4ccdbe9bae5a488646
solver_stress_00644,rack,25,40,4,reversed,0,15,2.4999999999999999e-08,2.5000000000000002e-06,0.0053125000000000004,0.0048875000000000004,0,1.0000000000000001e-09,True,b2a936e0e69972741bff7f42e494686391bdf810edb1a94b9273b7d657041d55
solver_stress_00645,rack,25,40,4,reversed,1,15,4.9999999999999998e-08,5.0000000000000004e-06,0.0053125000000000004,0.0048875000000000004,0,2.0000000000000001e-09,True,82f4100a89a9c8799015223ea8279f843b2bcb711ede2c0f8ecee65ee0cee088
solver_stress_00646,rack,25,40,4,reversed,2,15,7.4999999999999997e-08,7.500000000000001e-06,0.0053125000000000004,0.0048875000000000004,0,3.0000000000000004e-09,True,fbfbc64c8088b2ca4a9c11938e0a68d014c9ac8fe8b3aece02af5c336bc7bc14
solver_stress_00647,rack,25,40,4,reversed,3,15,9.9999999999999995e-08,1.0000000000000001e-05,0.0053125000000000004,0.0048875000000000004,0,4.0000000000000002e-09,True,aada396fec66f007c4dadd837ca3e2abb1ef0eaf16d2ff4ccdbe9bae5a488646
solver_stress_00648,rack,100,-40,1,canonical,0,15,9.9999999999999995e-08,1.0000000000000001e-05,0.085000000000000006,0.078200000000000006,0,1.0000000000000001e-09,True,3517cbf0042f249820739037bd569530bf20c57f77757f388d0870f3d4c85af3
solver_stress_00649,rack,100,-40,1,canonical,1,15,1.9999999999999999e-07,2.0000000000000002e-05,0.085000000000000006,0.078200000000000006,0,2.0000000000000001e-09,True,864895df440c238e44c01db6b6f6386c45e13003428510936ef82e70a705644d
solver_stress_00650,rack,100,-40,1,canonical,2,15,2.9999999999999999e-07,3.0000000000000004e-05,0.085000000000000006,0.078200000000000006,0,3.0000000000000004e-09,True,72cfb1da13ceaaa1b7953af3fedb5955583ef313eaf85df9033acda022bcec9a
solver_stress_00651,rack,100,-40,1,canonical,3,15,3.9999999999999998e-07,4.0000000000000003e-05,0.085000000000000006,0.078200000000000006,0,4.0000000000000002e-09,True,bd4f29cee9506922a88cc834f3e396184e6b93fab56a150df0e0c0a030bb54fd
solver_stress_00652,rack,100,-40,1,reversed,0,15,9.9999999999999995e-08,1.0000000000000001e-05,0.085000000000000006,0.078200000000000006,0,1.0000000000000001e-09,True,3517cbf0042f249820739037bd569530bf20c57f77757f388d0870f3d4c85af3
solver_stress_00653,rack,100,-40,1,reversed,1,15,1.9999999999999999e-07,2.0000000000000002e-05,0.085000000000000006,0.078200000000000006,0,2.0000000000000001e-09,True,864895df440c238e44c01db6b6f6386c45e13003428510936ef82e70a705644d
solver_stress_00654,rack,100,-40,1,reversed,2,15,2.9999999999999999e-07,3.0000000000000004e-05,0.085000000000000006,0.078200000000000006,0,3.0000000000000004e-09,True,72cfb1da13ceaaa1b7953af3fedb5955583ef313eaf85df9033acda022bcec9a
solver_stress_00655,rack,100,-40,1,reversed,3,15,3.9999999999999998e-07,4.0000000000000003e-05,0.085000000000000006,0.078200000000000006,0,4.0000000000000002e-09,True,bd4f29cee9506922a88cc834f3e396184e6b93fab56a150df0e0c0a030bb54fd
solver_stress_00656,rack,100,-40,2,canonical,0,15,4.9999999999999998e-08,5.0000000000000004e-06,0.085000000000000006,0.078200000000000006,0,1.0000000000000001e-09,True,da5d0d96552a1e063ed77715351f05a265730b809c742efc30a3dc262a94aa4f
solver_stress_00657,rack,100,-40,2,canonical,1,15,9.9999999999999995e-08,1.0000000000000001e-05,0.085000000000000006,0.078200000000000006,0,2.0000000000000001e-09,True,d15d418c1e46239927c9e5027ac83b59cde5b8493a8c6d2016142c717220be89
solver_stress_00658,rack,100,-40,2,canonical,2,15,1.4999999999999999e-07,1.5000000000000002e-05,0.085000000000000006,0.078200000000000006,0,3.0000000000000004e-09,True,9e59becaee7d08e1c249b29ae56e5ce8a9bf95586ba9b3b9119ca844f956820e
solver_stress_00659,rack,100,-40,2,canonical,3,15,1.9999999999999999e-07,2.0000000000000002e-05,0.085000000000000006,0.078200000000000006,0,4.0000000000000002e-09,True,e9dba26a05e5f824c7a6f04b9bb154fc0ba8cb25be36478f8ec2b0d40fd99277
solver_stress_00660,rack,100,-40,2,reversed,0,15,4.9999999999999998e-08,5.0000000000000004e-06,0.085000000000000006,0.078200000000000006,0,1.0000000000000001e-09,True,da5d0d96552a1e063ed77715351f05a265730b809c742efc30a3dc262a94aa4f
solver_stress_00661,rack,100,-40,2,reversed,1,15,9.9999999999999995e-08,1.0000000000000001e-05,0.085000000000000006,0.078200000000000006,0,2.0000000000000001e-09,True,d15d418c1e46239927c9e5027ac83b59cde5b8493a8c6d2016142c717220be89
solver_stress_00662,rack,100,-40,2,reversed,2,15,1.4999999999999999e-07,1.5000000000000002e-05,0.085000000000000006,0.078200000000000006,0,3.0000000000000004e-09,True,9e59becaee7d08e1c249b29ae56e5ce8a9bf95586ba9b3b9119ca844f956820e
solver_stress_00663,rack,100,-40,2,reversed,3,15,1.9999999999999999e-07,2.0000000000000002e-05,0.085000000000000006,0.078200000000000006,0,4.0000000000000002e-09,True,e9dba26a05e5f824c7a6f04b9bb154fc0ba8cb25be36478f8ec2b0d40fd99277
solver_stress_00664,rack,100,-40,4,canonical,0,15,2.4999999999999999e-08,2.5000000000000002e-06,0.085000000000000006,0.078200000000000006,0,1.0000000000000001e-09,True,f88c057fffa5f0cbbef72e0c93fca3c79498d2e47e98a4acfc06663088f4c9c0
solver_stress_00665,rack,100,-40,4,canonical,1,15,4.9999999999999998e-08,5.0000000000000004e-06,0.085000000000000006,0.078200000000000006,0,2.0000000000000001e-09,True,5a0c66a767e797e64fbeb6e9db6faa4a622fc8fd3d4fdfaf21bded6d2cd36f86
solver_stress_00666,rack,100,-40,4,canonical,2,15,7.4999999999999997e-08,7.500000000000001e-06,0.085000000000000006,0.078200000000000006,0,3.0000000000000004e-09,True,83c2191c2a1a4926fae1f998a540781e0b2be4ff7595bb186841662bcf4c28e6
solver_stress_00667,rack,100,-40,4,canonical,3,15,9.9999999999999995e-08,1.0000000000000001e-05,0.085000000000000006,0.078200000000000006,0,4.0000000000000002e-09,True,53b631ea37384131817a671f84e1cb3bc499b5b8a99d9b4cb76db1440e552668
solver_stress_00668,rack,100,-40,4,reversed,0,15,2.4999999999999999e-08,2.5000000000000002e-06,0.085000000000000006,0.078200000000000006,0,1.0000000000000001e-09,True,f88c057fffa5f0cbbef72e0c93fca3c79498d2e47e98a4acfc06663088f4c9c0
solver_stress_00669,rack,100,-40,4,reversed,1,15,4.9999999999999998e-08,5.0000000000000004e-06,0.085000000000000006,0.078200000000000006,0,2.0000000000000001e-09,True,5a0c66a767e797e64fbeb6e9db6faa4a622fc8fd3d4fdfaf21bded6d2cd36f86
solver_stress_00670,rack,100,-40,4,reversed,2,15,7.4999999999999997e-08,7.500000000000001e-06,0.085000000000000006,0.078200000000000006,0,3.0000000000000004e-09,True,83c2191c2a1a4926fae1f998a540781e0b2be4ff7595bb186841662bcf4c28e6
solver_stress_00671,rack,100,-40,4,reversed,3,15,9.9999999999999995e-08,1.0000000000000001e-05,0.085000000000000006,0.078200000000000006,0,4.0000000000000002e-09,True,53b631ea37384131817a671f84e1cb3bc499b5b8a99d9b4cb76db1440e552668
solver_stress_00672,rack,100,0,1,canonical,0,15,9.9999999999999995e-08,1.0000000000000001e-05,0.085000000000000006,0.078200000000000006,0,1.0000000000000001e-09,True,231a50735c1d655242d06a051568feb1fbd858e55c46a9e930f3c81b9ad1cba8
solver_stress_00673,rack,100,0,1,canonical,1,15,1.9999999999999999e-07,2.0000000000000002e-05,0.085000000000000006,0.078200000000000006,0,2.0000000000000001e-09,True,c8e4dd81670fa2fab1b9b98c5c5e48b939ad5ad81d05a9a8af7d672fe0190d09
solver_stress_00674,rack,100,0,1,canonical,2,15,2.9999999999999999e-07,3.0000000000000004e-05,0.085000000000000006,0.078200000000000006,0,3.0000000000000004e-09,True,80994064f559e5384d5f101793ea5d6e888764afbf5203565ab5a3a0ba7ae0ce
solver_stress_00675,rack,100,0,1,canonical,3,15,3.9999999999999998e-07,4.0000000000000003e-05,0.085000000000000006,0.078200000000000006,0,4.0000000000000002e-09,True,3ff60015df70373f5ab449c9d3649840e9c248b75f5f9ccc5aed8ed3959e05eb
solver_stress_00676,rack,100,0,1,reversed,0,15,9.9999999999999995e-08,1.0000000000000001e-05,0.085000000000000006,0.078200000000000006,0,1.0000000000000001e-09,True,231a50735c1d655242d06a051568feb1fbd858e55c46a9e930f3c81b9ad1cba8
solver_stress_00677,rack,100,0,1,reversed,1,15,1.9999999999999999e-07,2.0000000000000002e-05,0.085000000000000006,0.078200000000000006,0,2.0000000000000001e-09,True,c8e4dd81670fa2fab1b9b98c5c5e48b939ad5ad81d05a9a8af7d672fe0190d09
solver_stress_00678,rack,100,0,1,reversed,2,15,2.9999999999999999e-07,3.0000000000000004e-05,0.085000000000000006,0.078200000000000006,0,3.0000000000000004e-09,True,80994064f559e5384d5f101793ea5d6e888764afbf5203565ab5a3a0ba7ae0ce
solver_stress_00679,rack,100,0,1,reversed,3,15,3.9999999999999998e-07,4.0000000000000003e-05,0.085000000000000006,0.078200000000000006,0,4.0000000000000002e-09,True,3ff60015df70373f5ab449c9d3649840e9c248b75f5f9ccc5aed8ed3959e05eb
solver_stress_00680,rack,100,0,2,canonical,0,15,4.9999999999999998e-08,5.0000000000000004e-06,0.085000000000000006,0.078200000000000006,0,1.0000000000000001e-09,True,2cae08dd784b055eb2985dc10b33c8670ae7ff21e9edd45d4196204818c6f069
solver_stress_00681,rack,100,0,2,canonical,1,15,9.9999999999999995e-08,1.0000000000000001e-05,0.085000000000000006,0.078200000000000006,0,2.0000000000000001e-09,True,1aaffdcdb33fc65f08bcf8edcac580afc925bdffb8d222b552484aaa348d4478
solver_stress_00682,rack,100,0,2,canonical,2,15,1.4999999999999999e-07,1.5000000000000002e-05,0.085000000000000006,0.078200000000000006,0,3.0000000000000004e-09,True,9ab35f515ac27d7bd2ddf586accf5dcc00d6302438a3c6c6cf85d59db1bccf32
solver_stress_00683,rack,100,0,2,canonical,3,15,1.9999999999999999e-07,2.0000000000000002e-05,0.085000000000000006,0.078200000000000006,0,4.0000000000000002e-09,True,b2d7dc8c6b7bf481bb847377ae57189d4089005a4f7be695e441ca61128d2802
solver_stress_00684,rack,100,0,2,reversed,0,15,4.9999999999999998e-08,5.0000000000000004e-06,0.085000000000000006,0.078200000000000006,0,1.0000000000000001e-09,True,2cae08dd784b055eb2985dc10b33c8670ae7ff21e9edd45d4196204818c6f069
solver_stress_00685,rack,100,0,2,reversed,1,15,9.9999999999999995e-08,1.0000000000000001e-05,0.085000000000000006,0.078200000000000006,0,2.0000000000000001e-09,True,1aaffdcdb33fc65f08bcf8edcac580afc925bdffb8d222b552484aaa348d4478
solver_stress_00686,rack,100,0,2,reversed,2,15,1.4999999999999999e-07,1.5000000000000002e-05,0.085000000000000006,0.078200000000000006,0,3.0000000000000004e-09,True,9ab35f515ac27d7bd2ddf586accf5dcc00d6302438a3c6c6cf85d59db1bccf32
solver_stress_00687,rack,100,0,2,reversed,3,15,1.9999999999999999e-07,2.0000000000000002e-05,0.085000000000000006,0.078200000000000006,0,4.0000000000000002e-09,True,b2d7dc8c6b7bf481bb847377ae57189d4089005a4f7be695e441ca61128d2802
solver_stress_00688,rack,100,0,4,canonical,0,15,2.4999999999999999e-08,2.5000000000000002e-06,0.085000000000000006,0.078200000000000006,0,1.0000000000000001e-09,True,acc7fa9e8bf4fbbf7d731e9a56f1d8046bc7fa9c631a3a4a82b3ad012a27a85c
solver_stress_00689,rack,100,0,4,canonical,1,15,4.9999999999999998e-08,5.0000000000000004e-06,0.085000000000000006,0.078200000000000006,0,2.0000000000000001e-09,True,d73e7e6fe65208f4e6a0e2bdb19f030ac0c5ffef53c07bc521dcbb8f85ed4933
solver_stress_00690,rack,100,0,4,canonical,2,15,7.4999999999999997e-08,7.500000000000001e-06,0.085000000000000006,0.078200000000000006,0,3.0000000000000004e-09,True,e68b00fe430a9060ac7713aac054bb4b2b877b0aca30dbd5444f4184b2c7d836
solver_stress_00691,rack,100,0,4,canonical,3,15,9.9999999999999995e-08,1.0000000000000001e-05,0.085000000000000006,0.078200000000000006,0,4.0000000000000002e-09,True,5b59e64a9e6b5c3b24153f42b1b1b482b51d618486f025cce689825fa45d4eed
solver_stress_00692,rack,100,0,4,reversed,0,15,2.4999999999999999e-08,2.5000000000000002e-06,0.085000000000000006,0.078200000000000006,0,1.0000000000000001e-09,True,acc7fa9e8bf4fbbf7d731e9a56f1d8046bc7fa9c631a3a4a82b3ad012a27a85c
solver_stress_00693,rack,100,0,4,reversed,1,15,4.9999999999999998e-08,5.0000000000000004e-06,0.085000000000000006,0.078200000000000006,0,2.0000000000000001e-09,True,d73e7e6fe65208f4e6a0e2bdb19f030ac0c5ffef53c07bc521dcbb8f85ed4933
solver_stress_00694,rack,100,0,4,reversed,2,15,7.4999999999999997e-08,7.500000000000001e-06,0.085000000000000006,0.078200000000000006,0,3.0000000000000004e-09,True,e68b00fe430a9060ac7713aac054bb4b2b877b0aca30dbd5444f4184b2c7d836
solver_stress_00695,rack,100,0,4,reversed,3,15,9.9999999999999995e-08,1.0000000000000001e-05,0.085000000000000006,0.078200000000000006,0,4.0000000000000002e-09,True,5b59e64a9e6b5c3b24153f42b1b1b482b51d618486f025cce689825fa45d4eed
solver_stress_00696,rack,100,40,1,canonical,0,15,9.9999999999999995e-08,1.0000000000000001e-05,0.085000000000000006,0.078200000000000006,0,1.0000000000000001e-09,True,30857716b68a4098497f68b47858a0d77d6ef82b89955e5bc4b64ab40245be70
solver_stress_00697,rack,100,40,1,canonical,1,15,1.9999999999999999e-07,2.0000000000000002e-05,0.085000000000000006,0.078200000000000006,0,2.0000000000000001e-09,True,6402a0810f20ad6529546319b20f9a5417124c0ae314001df4ea51134126c3d0
solver_stress_00698,rack,100,40,1,canonical,2,15,2.9999999999999999e-07,3.0000000000000004e-05,0.085000000000000006,0.078200000000000006,0,3.0000000000000004e-09,True,addeeafd3481cbc0b9900ce9c3c0ac9f9d980e811b1ee043c6bf213c10967145
solver_stress_00699,rack,100,40,1,canonical,3,15,3.9999999999999998e-07,4.0000000000000003e-05,0.085000000000000006,0.078200000000000006,0,4.0000000000000002e-09,True,ba0713b63df88f705cd821cf1f2254d86a1cef29d196d167c6e61013a3d52687
solver_stress_00700,rack,100,40,1,reversed,0,15,9.9999999999999995e-08,1.0000000000000001e-05,0.085000000000000006,0.078200000000000006,0,1.0000000000000001e-09,True,30857716b68a4098497f68b47858a0d77d6ef82b89955e5bc4b64ab40245be70
solver_stress_00701,rack,100,40,1,reversed,1,15,1.9999999999999999e-07,2.0000000000000002e-05,0.085000000000000006,0.078200000000000006,0,2.0000000000000001e-09,True,6402a0810f20ad6529546319b20f9a5417124c0ae314001df4ea51134126c3d0
solver_stress_00702,rack,100,40,1,reversed,2,15,2.9999999999999999e-07,3.0000000000000004e-05,0.085000000000000006,0.078200000000000006,0,3.0000000000000004e-09,True,addeeafd3481cbc0b9900ce9c3c0ac9f9d980e811b1ee043c6bf213c10967145
solver_stress_00703,rack,100,40,1,reversed,3,15,3.9999999999999998e-07,4.0000000000000003e-05,0.085000000000000006,0.078200000000000006,0,4.0000000000000002e-09,True,ba0713b63df88f705cd821cf1f2254d86a1cef29d196d167c6e61013a3d52687
solver_stress_00704,rack,100,40,2,canonical,0,15,4.9999999999999998e-08,5.0000000000000004e-06,0.085000000000000006,0.078200000000000006,0,1.0000000000000001e-09,True,4943391e4986985b0342b88cc8693ba418cfee67e261e7eb8647ef6a4216e32f
solver_stress_00705,rack,100,40,2,canonical,1,15,9.9999999999999995e-08,1.0000000000000001e-05,0.085000000000000006,0.078200000000000006,0,2.0000000000000001e-09,True,516753d8e60177df299652dbb7c91711e2bebe678b97969c66d5a2bd8594b013
solver_stress_00706,rack,100,40,2,canonical,2,15,1.4999999999999999e-07,1.5000000000000002e-05,0.085000000000000006,0.078200000000000006,0,3.0000000000000004e-09,True,9c25f43a2bc95d3274bb1edfbbe475ed1057ad79fc8db12643ace90015b427f2
solver_stress_00707,rack,100,40,2,canonical,3,15,1.9999999999999999e-07,2.0000000000000002e-05,0.085000000000000006,0.078200000000000006,0,4.0000000000000002e-09,True,5db9635b70d5c37e0b2f35565d036b4b13553e08f1f2b28be7e639e7ea0ebad0
solver_stress_00708,rack,100,40,2,reversed,0,15,4.9999999999999998e-08,5.0000000000000004e-06,0.085000000000000006,0.078200000000000006,0,1.0000000000000001e-09,True,4943391e4986985b0342b88cc8693ba418cfee67e261e7eb8647ef6a4216e32f
solver_stress_00709,rack,100,40,2,reversed,1,15,9.9999999999999995e-08,1.0000000000000001e-05,0.085000000000000006,0.078200000000000006,0,2.0000000000000001e-09,True,516753d8e60177df299652dbb7c91711e2bebe678b97969c66d5a2bd8594b013
solver_stress_00710,rack,100,40,2,reversed,2,15,1.4999999999999999e-07,1.5000000000000002e-05,0.085000000000000006,0.078200000000000006,0,3.0000000000000004e-09,True,9c25f43a2bc95d3274bb1edfbbe475ed1057ad79fc8db12643ace90015b427f2
solver_stress_00711,rack,100,40,2,reversed,3,15,1.9999999999999999e-07,2.0000000000000002e-05,0.085000000000000006,0.078200000000000006,0,4.0000000000000002e-09,True,5db9635b70d5c37e0b2f35565d036b4b13553e08f1f2b28be7e639e7ea0ebad0
solver_stress_00712,rack,100,40,4,canonical,0,15,2.4999999999999999e-08,2.5000000000000002e-06,0.085000000000000006,0.078200000000000006,0,1.0000000000000001e-09,True,91bab5bcece71f022e427b12c769f7b0b0187bd78a5ec3163dd750411c4f71e5
solver_stress_00713,rack,100,40,4,canonical,1,15,4.9999999999999998e-08,5.0000000000000004e-06,0.085000000000000006,0.078200000000000006,0,2.0000000000000001e-09,True,2b105d552322cc7de54d007ccf9cfe9b6436dd7eab79873623f34c9eed38cb10
solver_stress_00714,rack,100,40,4,canonical,2,15,7.4999999999999997e-08,7.500000000000001e-06,0.085000000000000006,0.078200000000000006,0,3.0000000000000004e-09,True,6e7a9a9278dfe87d0eb301c4e15ec0a01bf6f8258b8909d006679a8d628fc820
solver_stress_00715,rack,100,40,4,canonical,3,15,9.9999999999999995e-08,1.0000000000000001e-05,0.085000000000000006,0.078200000000000006,0,4.0000000000000002e-09,True,23178148e17484778e3772f60e10e465f9109c8ceb35f5f4b925cb873efa0be6
solver_stress_00716,rack,100,40,4,reversed,0,15,2.4999999999999999e-08,2.5000000000000002e-06,0.085000000000000006,0.078200000000000006,0,1.0000000000000001e-09,True,91bab5bcece71f022e427b12c769f7b0b0187bd78a5ec3163dd750411c4f71e5
solver_stress_00717,rack,100,40,4,reversed,1,15,4.9999999999999998e-08,5.0000000000000004e-06,0.085000000000000006,0.078200000000000006,0,2.0000000000000001e-09,True,2b105d552322cc7de54d007ccf9cfe9b6436dd7eab79873623f34c9eed38cb10
solver_stress_00718,rack,100,40,4,reversed,2,15,7.4999999999999997e-08,7.500000000000001e-06,0.085000000000000006,0.078200000000000006,0,3.0000000000000004e-09,True,6e7a9a9278dfe87d0eb301c4e15ec0a01bf6f8258b8909d006679a8d628fc820
solver_stress_00719,rack,100,40,4,reversed,3,15,9.9999999999999995e-08,1.0000000000000001e-05,0.085000000000000006,0.078200000000000006,0,4.0000000000000002e-09,True,23178148e17484778e3772f60e10e465f9109c8ceb35f5f4b925cb873efa0be6
solver_stress_00720,rack,500,-40,1,canonical,0,15,9.9999999999999995e-08,1.0000000000000001e-05,2.125,1.9550000000000001,0,1.0000000000000001e-09,True,d01a592fbb88bb5eb6636fe31bb447c9f9b24269da774b66aab457c26bdb4612
solver_stress_00721,rack,500,-40,1,canonical,1,15,1.9999999999999999e-07,2.0000000000000002e-05,2.125,1.9550000000000001,0,2.0000000000000001e-09,True,bb33eedd944859070d3cc8df1030d2b637896f5909ecbd2d5b152eb4a8a579c3
solver_stress_00722,rack,500,-40,1,canonical,2,15,2.9999999999999999e-07,3.0000000000000004e-05,2.125,1.9550000000000001,0,3.0000000000000004e-09,True,404c7f8548ac8c0f451c9e711921f60ab60212a362e1a30cc97a073715acf13c
solver_stress_00723,rack,500,-40,1,canonical,3,15,3.9999999999999998e-07,4.0000000000000003e-05,2.125,1.9550000000000001,0,4.0000000000000002e-09,True,507d62c2fa4e20c1d2c2e2861ac8846bc1813690908656208c0b59bee322411b
solver_stress_00724,rack,500,-40,1,reversed,0,15,9.9999999999999995e-08,1.0000000000000001e-05,2.125,1.9550000000000001,0,1.0000000000000001e-09,True,d01a592fbb88bb5eb6636fe31bb447c9f9b24269da774b66aab457c26bdb4612
solver_stress_00725,rack,500,-40,1,reversed,1,15,1.9999999999999999e-07,2.0000000000000002e-05,2.125,1.9550000000000001,0,2.0000000000000001e-09,True,bb33eedd944859070d3cc8df1030d2b637896f5909ecbd2d5b152eb4a8a579c3
solver_stress_00726,rack,500,-40,1,reversed,2,15,2.9999999999999999e-07,3.0000000000000004e-05,2.125,1.9550000000000001,0,3.0000000000000004e-09,True,404c7f8548ac8c0f451c9e711921f60ab60212a362e1a30cc97a073715acf13c
solver_stress_00727,rack,500,-40,1,reversed,3,15,3.9999999999999998e-07,4.0000000000000003e-05,2.125,1.9550000000000001,0,4.0000000000000002e-09,True,507d62c2fa4e20c1d2c2e2861ac8846bc1813690908656208c0b59bee322411b
solver_stress_00728,rack,500,-40,2,canonical,0,15,4.9999999999999998e-08,5.0000000000000004e-06,2.125,1.9550000000000001,0,1.0000000000000001e-09,True,acaf1172253a3064da988b08699d6c856254ce961cb1057a06af61d53dfa341e
solver_stress_00729,rack,500,-40,2,canonical,1,15,9.9999999999999995e-08,1.0000000000000001e-05,2.125,1.9550000000000001,0,2.0000000000000001e-09,True,f9fd9db14ef70b64a570b9c2a02b120612230497f32a1641ddf6e843a6bbff50
solver_stress_00730,rack,500,-40,2,canonical,2,15,1.4999999999999999e-07,1.5000000000000002e-05,2.125,1.9550000000000001,0,3.0000000000000004e-09,True,59e42144e5de8876962179cc457a338b465038920d7cce1bdae95545ab00b79e
solver_stress_00731,rack,500,-40,2,canonical,3,15,1.9999999999999999e-07,2.0000000000000002e-05,2.125,1.9550000000000001,0,4.0000000000000002e-09,True,4e01fa6d7d9ef78a6a5c87888a760fdb1194dad69ad1972eb3b55c669610bb8b
solver_stress_00732,rack,500,-40,2,reversed,0,15,4.9999999999999998e-08,5.0000000000000004e-06,2.125,1.9550000000000001,0,1.0000000000000001e-09,True,acaf1172253a3064da988b08699d6c856254ce961cb1057a06af61d53dfa341e
solver_stress_00733,rack,500,-40,2,reversed,1,15,9.9999999999999995e-08,1.0000000000000001e-05,2.125,1.9550000000000001,0,2.0000000000000001e-09,True,f9fd9db14ef70b64a570b9c2a02b120612230497f32a1641ddf6e843a6bbff50
solver_stress_00734,rack,500,-40,2,reversed,2,15,1.4999999999999999e-07,1.5000000000000002e-05,2.125,1.9550000000000001,0,3.0000000000000004e-09,True,59e42144e5de8876962179cc457a338b465038920d7cce1bdae95545ab00b79e
solver_stress_00735,rack,500,-40,2,reversed,3,15,1.9999999999999999e-07,2.0000000000000002e-05,2.125,1.9550000000000001,0,4.0000000000000002e-09,True,4e01fa6d7d9ef78a6a5c87888a760fdb1194dad69ad1972eb3b55c669610bb8b
solver_stress_00736,rack,500,-40,4,canonical,0,15,2.4999999999999999e-08,2.5000000000000002e-06,2.125,1.9550000000000001,0,1.0000000000000001e-09,True,ac50a577f88cc49a62a6f67477591fd2fba7416b82d8389a5862c23d27e5d35e
solver_stress_00737,rack,500,-40,4,canonical,1,15,4.9999999999999998e-08,5.0000000000000004e-06,2.125,1.9550000000000001,0,2.0000000000000001e-09,True,4a84a8656f4b57950e2e4eec12cbc920be7eb16d8b38c02cff71714996bfd39f
solver_stress_00738,rack,500,-40,4,canonical,2,15,7.4999999999999997e-08,7.500000000000001e-06,2.125,1.9550000000000001,0,3.0000000000000004e-09,True,5619ce99859d899e8f2101e30bef50599ca7430d4e1d0b08312d8dde461e7005
solver_stress_00739,rack,500,-40,4,canonical,3,15,9.9999999999999995e-08,1.0000000000000001e-05,2.125,1.9550000000000001,0,4.0000000000000002e-09,True,60c9bf8f07d35de5c885e673e77896b5a4e2aef7bb30924ac42063aa0abb4250
solver_stress_00740,rack,500,-40,4,reversed,0,15,2.4999999999999999e-08,2.5000000000000002e-06,2.125,1.9550000000000001,0,1.0000000000000001e-09,True,ac50a577f88cc49a62a6f67477591fd2fba7416b82d8389a5862c23d27e5d35e
solver_stress_00741,rack,500,-40,4,reversed,1,15,4.9999999999999998e-08,5.0000000000000004e-06,2.125,1.9550000000000001,0,2.0000000000000001e-09,True,4a84a8656f4b57950e2e4eec12cbc920be7eb16d8b38c02cff71714996bfd39f
solver_stress_00742,rack,500,-40,4,reversed,2,15,7.4999999999999997e-08,7.500000000000001e-06,2.125,1.9550000000000001,0,3.0000000000000004e-09,True,5619ce99859d899e8f2101e30bef50599ca7430d4e1d0b08312d8dde461e7005
solver_stress_00743,rack,500,-40,4,reversed,3,15,9.9999999999999995e-08,1.0000000000000001e-05,2.125,1.9550000000000001,0,4.0000000000000002e-09,True,60c9bf8f07d35de5c885e673e77896b5a4e2aef7bb30924ac42063aa0abb4250
solver_stress_00744,rack,500,0,1,canonical,0,15,9.9999999999999995e-08,1.0000000000000001e-05,2.125,1.9550000000000001,0,1.0000000000000001e-09,True,0bc68722e1e415ed344b0a489ef658a3b4e10e8394b54b0d49cef613b0f9b195
solver_stress_00745,rack,500,0,1,canonical,1,15,1.9999999999999999e-07,2.0000000000000002e-05,2.125,1.9550000000000001,0,2.0000000000000001e-09,True,b8304c0c8642d2c8f118ef368768424a7857acde932f9aac87cc434cf28b9af8
solver_stress_00746,rack,500,0,1,canonical,2,15,2.9999999999999999e-07,3.0000000000000004e-05,2.125,1.9550000000000001,0,3.0000000000000004e-09,True,731dcd6b7dc8b8d2d4d3000b04c4f4263b5bde01bd63acac71f58a193218efde
solver_stress_00747,rack,500,0,1,canonical,3,15,3.9999999999999998e-07,4.0000000000000003e-05,2.125,1.9550000000000001,0,4.0000000000000002e-09,True,7027ecf92b762021e136bd1310638484cff89a4bce77a4c1fe6448b85b139f15
solver_stress_00748,rack,500,0,1,reversed,0,15,9.9999999999999995e-08,1.0000000000000001e-05,2.125,1.9550000000000001,0,1.0000000000000001e-09,True,0bc68722e1e415ed344b0a489ef658a3b4e10e8394b54b0d49cef613b0f9b195
solver_stress_00749,rack,500,0,1,reversed,1,15,1.9999999999999999e-07,2.0000000000000002e-05,2.125,1.9550000000000001,0,2.0000000000000001e-09,True,b8304c0c8642d2c8f118ef368768424a7857acde932f9aac87cc434cf28b9af8
solver_stress_00750,rack,500,0,1,reversed,2,15,2.9999999999999999e-07,3.0000000000000004e-05,2.125,1.9550000000000001,0,3.0000000000000004e-09,True,731dcd6b7dc8b8d2d4d3000b04c4f4263b5bde01bd63acac71f58a193218efde
solver_stress_00751,rack,500,0,1,reversed,3,15,3.9999999999999998e-07,4.0000000000000003e-05,2.125,1.9550000000000001,0,4.0000000000000002e-09,True,7027ecf92b762021e136bd1310638484cff89a4bce77a4c1fe6448b85b139f15
solver_stress_00752,rack,500,0,2,canonical,0,15,4.9999999999999998e-08,5.0000000000000004e-06,2.125,1.9550000000000001,0,1.0000000000000001e-09,True,8105ea0fd469f458fcd0c70c4275a7374fe8d973d2807ea932a42ad222269bbc
solver_stress_00753,rack,500,0,2,canonical,1,15,9.9999999999999995e-08,1.0000000000000001e-05,2.125,1.9550000000000001,0,2.0000000000000001e-09,True,c7474d2e2feb4f066d960ca0510a07c551e941f453e60250f42632e8edb8743d
solver_stress_00754,rack,500,0,2,canonical,2,15,1.4999999999999999e-07,1.5000000000000002e-05,2.125,1.9550000000000001,0,3.0000000000000004e-09,True,2b5c286b8c786e4d06bb6c080bfe4bbbe7a46121289a1703f1451d7899cef722
solver_stress_00755,rack,500,0,2,canonical,3,15,1.9999999999999999e-07,2.0000000000000002e-05,2.125,1.9550000000000001,0,4.0000000000000002e-09,True,e798306097662293bc09f45b13a9575b88c1c51edc1b75948953f0853798e81e
solver_stress_00756,rack,500,0,2,reversed,0,15,4.9999999999999998e-08,5.0000000000000004e-06,2.125,1.9550000000000001,0,1.0000000000000001e-09,True,8105ea0fd469f458fcd0c70c4275a7374fe8d973d2807ea932a42ad222269bbc
solver_stress_00757,rack,500,0,2,reversed,1,15,9.9999999999999995e-08,1.0000000000000001e-05,2.125,1.9550000000000001,0,2.0000000000000001e-09,True,c7474d2e2feb4f066d960ca0510a07c551e941f453e60250f42632e8edb8743d
solver_stress_00758,rack,500,0,2,reversed,2,15,1.4999999999999999e-07,1.5000000000000002e-05,2.125,1.9550000000000001,0,3.0000000000000004e-09,True,2b5c286b8c786e4d06bb6c080bfe4bbbe7a46121289a1703f1451d7899cef722
solver_stress_00759,rack,500,0,2,reversed,3,15,1.9999999999999999e-07,2.0000000000000002e-05,2.125,1.9550000000000001,0,4.0000000000000002e-09,True,e798306097662293bc09f45b13a9575b88c1c51edc1b75948953f0853798e81e
solver_stress_00760,rack,500,0,4,canonical,0,15,2.4999999999999999e-08,2.5000000000000002e-06,2.125,1.9550000000000001,0,1.0000000000000001e-09,True,e5f49c03bdbe7c76013ca1c1768ec96760fff4d8bea6e8bd08243bcfeb10e2a7
solver_stress_00761,rack,500,0,4,canonical,1,15,4.9999999999999998e-08,5.0000000000000004e-06,2.125,1.9550000000000001,0,2.0000000000000001e-09,True,fc32255e02c5b2b2479865e33687cf2820702d3a75b313bf544134b24f17a01b
solver_stress_00762,rack,500,0,4,canonical,2,15,7.4999999999999997e-08,7.500000000000001e-06,2.125,1.9550000000000001,0,3.0000000000000004e-09,True,b31bde9fe8025f205d2ac5d2635a8ddfb2aa452aefbeadd4183c26a860927b38
solver_stress_00763,rack,500,0,4,canonical,3,15,9.9999999999999995e-08,1.0000000000000001e-05,2.125,1.9550000000000001,0,4.0000000000000002e-09,True,a0d1c4a260e007193e395974f542212b554c778fda358524863e4b400a4b8651
solver_stress_00764,rack,500,0,4,reversed,0,15,2.4999999999999999e-08,2.5000000000000002e-06,2.125,1.9550000000000001,0,1.0000000000000001e-09,True,e5f49c03bdbe7c76013ca1c1768ec96760fff4d8bea6e8bd08243bcfeb10e2a7
solver_stress_00765,rack,500,0,4,reversed,1,15,4.9999999999999998e-08,5.0000000000000004e-06,2.125,1.9550000000000001,0,2.0000000000000001e-09,True,fc32255e02c5b2b2479865e33687cf2820702d3a75b313bf544134b24f17a01b
solver_stress_00766,rack,500,0,4,reversed,2,15,7.4999999999999997e-08,7.500000000000001e-06,2.125,1.9550000000000001,0,3.0000000000000004e-09,True,b31bde9fe8025f205d2ac5d2635a8ddfb2aa452aefbeadd4183c26a860927b38
solver_stress_00767,rack,500,0,4,reversed,3,15,9.9999999999999995e-08,1.0000000000000001e-05,2.125,1.9550000000000001,0,4.0000000000000002e-09,True,a0d1c4a260e007193e395974f542212b554c778fda358524863e4b400a4b8651
solver_stress_00768,rack,500,40,1,canonical,0,15,9.9999999999999995e-08,1.0000000000000001e-05,2.125,1.9550000000000001,0,1.0000000000000001e-09,True,72f458764a8ea396fa7942f7b7fbb8b8b8ce8921dd6093a59950750bef39b12b
solver_stress_00769,rack,500,40,1,canonical,1,15,1.9999999999999999e-07,2.0000000000000002e-05,2.125,1.9550000000000001,0,2.0000000000000001e-09,True,d05e8e6f10c2e9479febe1f175af3a12795ece31b2f67769cc5d8ef8a964d2a6
solver_stress_00770,rack,500,40,1,canonical,2,15,2.9999999999999999e-07,3.0000000000000004e-05,2.125,1.9550000000000001,0,3.0000000000000004e-09,True,03a58703211445f51c43e8ff87846911edca2d62110f4a5b449739d788735df7
solver_stress_00771,rack,500,40,1,canonical,3,15,3.9999999999999998e-07,4.0000000000000003e-05,2.125,1.9550000000000001,0,4.0000000000000002e-09,True,bc2cee3c74a64c52c76cb4f9a4d9ecd2cd8150d6ca2d21ab0098392e85802dad
solver_stress_00772,rack,500,40,1,reversed,0,15,9.9999999999999995e-08,1.0000000000000001e-05,2.125,1.9550000000000001,0,1.0000000000000001e-09,True,72f458764a8ea396fa7942f7b7fbb8b8b8ce8921dd6093a59950750bef39b12b
solver_stress_00773,rack,500,40,1,reversed,1,15,1.9999999999999999e-07,2.0000000000000002e-05,2.125,1.9550000000000001,0,2.0000000000000001e-09,True,d05e8e6f10c2e9479febe1f175af3a12795ece31b2f67769cc5d8ef8a964d2a6
solver_stress_00774,rack,500,40,1,reversed,2,15,2.9999999999999999e-07,3.0000000000000004e-05,2.125,1.9550000000000001,0,3.0000000000000004e-09,True,03a58703211445f51c43e8ff87846911edca2d62110f4a5b449739d788735df7
solver_stress_00775,rack,500,40,1,reversed,3,15,3.9999999999999998e-07,4.0000000000000003e-05,2.125,1.9550000000000001,0,4.0000000000000002e-09,True,bc2cee3c74a64c52c76cb4f9a4d9ecd2cd8150d6ca2d21ab0098392e85802dad
solver_stress_00776,rack,500,40,2,canonical,0,15,4.9999999999999998e-08,5.0000000000000004e-06,2.125,1.9550000000000001,0,1.0000000000000001e-09,True,143f1869998966127060c467bcf3d3b510b40f916c4c7b289812728a299c01eb
solver_stress_00777,rack,500,40,2,canonical,1,15,9.9999999999999995e-08,1.0000000000000001e-05,2.125,1.9550000000000001,0,2.0000000000000001e-09,True,3cd1803a43e0f77b32c7a4c751d24af538544c3350c949f6a149cd2420e9ae1c
solver_stress_00778,rack,500,40,2,canonical,2,15,1.4999999999999999e-07,1.5000000000000002e-05,2.125,1.9550000000000001,0,3.0000000000000004e-09,True,1cd86076bcdc7d934f5ab9bbdbefa7b0a4c6526db4c1fa672e46c798130e30c9
solver_stress_00779,rack,500,40,2,canonical,3,15,1.9999999999999999e-07,2.0000000000000002e-05,2.125,1.9550000000000001,0,4.0000000000000002e-09,True,ef1dea1c322b7c04537c017e7ab9c79ca42713b2c13ece3ba69d07f755939299
solver_stress_00780,rack,500,40,2,reversed,0,15,4.9999999999999998e-08,5.0000000000000004e-06,2.125,1.9550000000000001,0,1.0000000000000001e-09,True,143f1869998966127060c467bcf3d3b510b40f916c4c7b289812728a299c01eb
solver_stress_00781,rack,500,40,2,reversed,1,15,9.9999999999999995e-08,1.0000000000000001e-05,2.125,1.9550000000000001,0,2.0000000000000001e-09,True,3cd1803a43e0f77b32c7a4c751d24af538544c3350c949f6a149cd2420e9ae1c
solver_stress_00782,rack,500,40,2,reversed,2,15,1.4999999999999999e-07,1.5000000000000002e-05,2.125,1.9550000000000001,0,3.0000000000000004e-09,True,1cd86076bcdc7d934f5ab9bbdbefa7b0a4c6526db4c1fa672e46c798130e30c9
solver_stress_00783,rack,500,40,2,reversed,3,15,1.9999999999999999e-07,2.0000000000000002e-05,2.125,1.9550000000000001,0,4.0000000000000002e-09,True,ef1dea1c322b7c04537c017e7ab9c79ca42713b2c13ece3ba69d07f755939299
solver_stress_00784,rack,500,40,4,canonical,0,15,2.4999999999999999e-08,2.5000000000000002e-06,2.125,1.9550000000000001,0,1.0000000000000001e-09,True,31ba1e502c181a91db716a9fc8fda9c2a238f33760cf064399874001670ed38b
solver_stress_00785,rack,500,40,4,canonical,1,15,4.9999999999999998e-08,5.0000000000000004e-06,2.125,1.9550000000000001,0,2.0000000000000001e-09,True,63886f06e2402992bb4b488ad22c9f55b5c10929f1988b1432004efd1c590379
solver_stress_00786,rack,500,40,4,canonical,2,15,7.4999999999999997e-08,7.500000000000001e-06,2.125,1.9550000000000001,0,3.0000000000000004e-09,True,04d2cf2eec0200dc94b882a3a97d06c142f6c53da7cf232661c17358a4a58733
solver_stress_00787,rack,500,40,4,canonical,3,15,9.9999999999999995e-08,1.0000000000000001e-05,2.125,1.9550000000000001,0,4.0000000000000002e-09,True,529239df88eb59989785887abd77482fcd400e9a3df54b9b82f7ac40bc3d06b7
solver_stress_00788,rack,500,40,4,reversed,0,15,2.4999999999999999e-08,2.5000000000000002e-06,2.125,1.9550000000000001,0,1.0000000000000001e-09,True,31ba1e502c181a91db716a9fc8fda9c2a238f33760cf064399874001670ed38b
solver_stress_00789,rack,500,40,4,reversed,1,15,4.9999999999999998e-08,5.0000000000000004e-06,2.125,1.9550000000000001,0,2.0000000000000001e-09,True,63886f06e2402992bb4b488ad22c9f55b5c10929f1988b1432004efd1c590379
solver_stress_00790,rack,500,40,4,reversed,2,15,7.4999999999999997e-08,7.500000000000001e-06,2.125,1.9550000000000001,0,3.0000000000000004e-09,True,04d2cf2eec0200dc94b882a3a97d06c142f6c53da7cf232661c17358a4a58733
solver_stress_00791,rack,500,40,4,reversed,3,15,9.9999999999999995e-08,1.0000000000000001e-05,2.125,1.9550000000000001,0,4.0000000000000002e-09,True,529239df88eb59989785887abd77482fcd400e9a3df54b9b82f7ac40bc3d06b7
solver_stress_00792,rack,1000,-40,1,canonical,0,15,9.9999999999999995e-08,1.0000000000000001e-05,8.5,7.8200000000000003,0,1.0000000000000001e-09,True,8d5a214af5f5d8baeddd19d4a7cfc2f4e7e56d29254162f55256db7314b341f3
solver_stress_00793,rack,1000,-40,1,canonical,1,15,1.9999999999999999e-07,2.0000000000000002e-05,8.5,7.8200000000000003,0,2.0000000000000001e-09,True,25bafbeb3cd67a23fb654034fe2aec4d55a1e4fbb5835b382da4b88684fe7273
solver_stress_00794,rack,1000,-40,1,canonical,2,15,2.9999999999999999e-07,3.0000000000000004e-05,8.5,7.8200000000000003,0,3.0000000000000004e-09,True,c1dda7aa6bcfa5d1d3605afc47d0afdad8acfc2526d2e83b28585402be8d7b8e
solver_stress_00795,rack,1000,-40,1,canonical,3,15,3.9999999999999998e-07,4.0000000000000003e-05,8.5,7.8200000000000003,0,4.0000000000000002e-09,True,e2fc2ced6ef19fc26f1add628b8112e8cb5aa999d976e41f9fb90907d3198fc8
solver_stress_00796,rack,1000,-40,1,reversed,0,15,9.9999999999999995e-08,1.0000000000000001e-05,8.5,7.8200000000000003,0,1.0000000000000001e-09,True,8d5a214af5f5d8baeddd19d4a7cfc2f4e7e56d29254162f55256db7314b341f3
solver_stress_00797,rack,1000,-40,1,reversed,1,15,1.9999999999999999e-07,2.0000000000000002e-05,8.5,7.8200000000000003,0,2.0000000000000001e-09,True,25bafbeb3cd67a23fb654034fe2aec4d55a1e4fbb5835b382da4b88684fe7273
solver_stress_00798,rack,1000,-40,1,reversed,2,15,2.9999999999999999e-07,3.0000000000000004e-05,8.5,7.8200000000000003,0,3.0000000000000004e-09,True,c1dda7aa6bcfa5d1d3605afc47d0afdad8acfc2526d2e83b28585402be8d7b8e
solver_stress_00799,rack,1000,-40,1,reversed,3,15,3.9999999999999998e-07,4.0000000000000003e-05,8.5,7.8200000000000003,0,4.0000000000000002e-09,True,e2fc2ced6ef19fc26f1add628b8112e8cb5aa999d976e41f9fb90907d3198fc8
solver_stress_00800,rack,1000,-40,2,canonical,0,15,4.9999999999999998e-08,5.0000000000000004e-06,8.5,7.8200000000000003,0,1.0000000000000001e-09,True,747cb617b6a27ca5250eadac5c4131286abf782f4684ab5404787eb04c3221d0
solver_stress_00801,rack,1000,-40,2,canonical,1,15,9.9999999999999995e-08,1.0000000000000001e-05,8.5,7.8200000000000003,0,2.0000000000000001e-09,True,8ecc1ec7790160fbec4599c01ddf30990ba8457f0c20e23e7f1e22d4d7584985
solver_stress_00802,rack,1000,-40,2,canonical,2,15,1.4999999999999999e-07,1.5000000000000002e-05,8.5,7.8200000000000003,0,3.0000000000000004e-09,True,8e94e277ecd7d70e80680e67fd1410a1ba13a2cf7b9a73e40500a648aedb07ef
solver_stress_00803,rack,1000,-40,2,canonical,3,15,1.9999999999999999e-07,2.0000000000000002e-05,8.5,7.8200000000000003,0,4.0000000000000002e-09,True,0a9ffb529bb82085835e076f6da87f9db0c99626c48e442574f209252afca2dd
solver_stress_00804,rack,1000,-40,2,reversed,0,15,4.9999999999999998e-08,5.0000000000000004e-06,8.5,7.8200000000000003,0,1.0000000000000001e-09,True,747cb617b6a27ca5250eadac5c4131286abf782f4684ab5404787eb04c3221d0
solver_stress_00805,rack,1000,-40,2,reversed,1,15,9.9999999999999995e-08,1.0000000000000001e-05,8.5,7.8200000000000003,0,2.0000000000000001e-09,True,8ecc1ec7790160fbec4599c01ddf30990ba8457f0c20e23e7f1e22d4d7584985
solver_stress_00806,rack,1000,-40,2,reversed,2,15,1.4999999999999999e-07,1.5000000000000002e-05,8.5,7.8200000000000003,0,3.0000000000000004e-09,True,8e94e277ecd7d70e80680e67fd1410a1ba13a2cf7b9a73e40500a648aedb07ef
solver_stress_00807,rack,1000,-40,2,reversed,3,15,1.9999999999999999e-07,2.0000000000000002e-05,8.5,7.8200000000000003,0,4.0000000000000002e-09,True,0a9ffb529bb82085835e076f6da87f9db0c99626c48e442574f209252afca2dd
solver_stress_00808,rack,1000,-40,4,canonical,0,15,2.4999999999999999e-08,2.5000000000000002e-06,8.5,7.8200000000000003,0,1.0000000000000001e-09,True,e9b62613f142247bafab633ba7bd19fa3297e26c427daa7d7e2b3653f810136e
solver_stress_00809,rack,1000,-40,4,canonical,1,15,4.9999999999999998e-08,5.0000000000000004e-06,8.5,7.8200000000000003,0,2.0000000000000001e-09,True,2c6f7ec0288bfdbf66d63695ba7877a55484c9edf6f7d33195d571186d7498e0
solver_stress_00810,rack,1000,-40,4,canonical,2,15,7.4999999999999997e-08,7.500000000000001e-06,8.5,7.8200000000000003,0,3.0000000000000004e-09,True,af7e662220c752c7f905f344f3850ad3ca57b2f3934885947c203b82e63686f0
solver_stress_00811,rack,1000,-40,4,canonical,3,15,9.9999999999999995e-08,1.0000000000000001e-05,8.5,7.8200000000000003,0,4.0000000000000002e-09,True,05a96e8b90b91eca1be1c91952ad7edd75b47066e573325c78ec27da247c4aa4
solver_stress_00812,rack,1000,-40,4,reversed,0,15,2.4999999999999999e-08,2.5000000000000002e-06,8.5,7.8200000000000003,0,1.0000000000000001e-09,True,e9b62613f142247bafab633ba7bd19fa3297e26c427daa7d7e2b3653f810136e
solver_stress_00813,rack,1000,-40,4,reversed,1,15,4.9999999999999998e-08,5.0000000000000004e-06,8.5,7.8200000000000003,0,2.0000000000000001e-09,True,2c6f7ec0288bfdbf66d63695ba7877a55484c9edf6f7d33195d571186d7498e0
solver_stress_00814,rack,1000,-40,4,reversed,2,15,7.4999999999999997e-08,7.500000000000001e-06,8.5,7.8200000000000003,0,3.0000000000000004e-09,True,af7e662220c752c7f905f344f3850ad3ca57b2f3934885947c203b82e63686f0
solver_stress_00815,rack,1000,-40,4,reversed,3,15,9.9999999999999995e-08,1.0000000000000001e-05,8.5,7.8200000000000003,0,4.0000000000000002e-09,True,05a96e8b90b91eca1be1c91952ad7edd75b47066e573325c78ec27da247c4aa4
solver_stress_00816,rack,1000,0,1,canonical,0,15,9.9999999999999995e-08,1.0000000000000001e-05,8.5,7.8200000000000003,0,1.0000000000000001e-09,True,097270eeadbe7b3be3299a6f0e9086141be10d7b47e9971467f39f570ddc281a
solver_stress_00817,rack,1000,0,1,canonical,1,15,1.9999999999999999e-07,2.0000000000000002e-05,8.5,7.8200000000000003,0,2.0000000000000001e-09,True,4eb105c3258450bc4c360e6f8d19a856ff2caee0a32be9b975dea1bd045b2a79
solver_stress_00818,rack,1000,0,1,canonical,2,15,2.9999999999999999e-07,3.0000000000000004e-05,8.5,7.8200000000000003,0,3.0000000000000004e-09,True,7a50a33a8f39ddc15b20d28b8933644a5a9b683098f34e34f8ba03d37cece564
solver_stress_00819,rack,1000,0,1,canonical,3,15,3.9999999999999998e-07,4.0000000000000003e-05,8.5,7.8200000000000003,0,4.0000000000000002e-09,True,097b3dd9a5e28c9b52b239b56776a2a500017c1a0e80311243f44bd35ed88ff5
solver_stress_00820,rack,1000,0,1,reversed,0,15,9.9999999999999995e-08,1.0000000000000001e-05,8.5,7.8200000000000003,0,1.0000000000000001e-09,True,097270eeadbe7b3be3299a6f0e9086141be10d7b47e9971467f39f570ddc281a
solver_stress_00821,rack,1000,0,1,reversed,1,15,1.9999999999999999e-07,2.0000000000000002e-05,8.5,7.8200000000000003,0,2.0000000000000001e-09,True,4eb105c3258450bc4c360e6f8d19a856ff2caee0a32be9b975dea1bd045b2a79
solver_stress_00822,rack,1000,0,1,reversed,2,15,2.9999999999999999e-07,3.0000000000000004e-05,8.5,7.8200000000000003,0,3.0000000000000004e-09,True,7a50a33a8f39ddc15b20d28b8933644a5a9b683098f34e34f8ba03d37cece564
solver_stress_00823,rack,1000,0,1,reversed,3,15,3.9999999999999998e-07,4.0000000000000003e-05,8.5,7.8200000000000003,0,4.0000000000000002e-09,True,097b3dd9a5e28c9b52b239b56776a2a500017c1a0e80311243f44bd35ed88ff5
solver_stress_00824,rack,1000,0,2,canonical,0,15,4.9999999999999998e-08,5.0000000000000004e-06,8.5,7.8200000000000003,0,1.0000000000000001e-09,True,0ca61b275001f8d271a5c5941a0b074637667b4b023a0322bef2bdf762a35e1a
solver_stress_00825,rack,1000,0,2,canonical,1,15,9.9999999999999995e-08,1.0000000000000001e-05,8.5,7.8200000000000003,0,2.0000000000000001e-09,True,7aad5d0e098ab6a92b0bfab47ad3d92359c7b5f8cb3c8402f698026169a25132
solver_stress_00826,rack,1000,0,2,canonical,2,15,1.4999999999999999e-07,1.5000000000000002e-05,8.5,7.8200000000000003,0,3.0000000000000004e-09,True,b6de9df90dc98318bd51bf7d42839e35801646a123accda094eda532276bbead
solver_stress_00827,rack,1000,0,2,canonical,3,15,1.9999999999999999e-07,2.0000000000000002e-05,8.5,7.8200000000000003,0,4.0000000000000002e-09,True,56c719828ece95b99b17c6b27f3215776280fee2554172b489ab069c688e57a8
solver_stress_00828,rack,1000,0,2,reversed,0,15,4.9999999999999998e-08,5.0000000000000004e-06,8.5,7.8200000000000003,0,1.0000000000000001e-09,True,0ca61b275001f8d271a5c5941a0b074637667b4b023a0322bef2bdf762a35e1a
solver_stress_00829,rack,1000,0,2,reversed,1,15,9.9999999999999995e-08,1.0000000000000001e-05,8.5,7.8200000000000003,0,2.0000000000000001e-09,True,7aad5d0e098ab6a92b0bfab47ad3d92359c7b5f8cb3c8402f698026169a25132
solver_stress_00830,rack,1000,0,2,reversed,2,15,1.4999999999999999e-07,1.5000000000000002e-05,8.5,7.8200000000000003,0,3.0000000000000004e-09,True,b6de9df90dc98318bd51bf7d42839e35801646a123accda094eda532276bbead
solver_stress_00831,rack,1000,0,2,reversed,3,15,1.9999999999999999e-07,2.0000000000000002e-05,8.5,7.8200000000000003,0,4.0000000000000002e-09,True,56c719828ece95b99b17c6b27f3215776280fee2554172b489ab069c688e57a8
solver_stress_00832,rack,1000,0,4,canonical,0,15,2.4999999999999999e-08,2.5000000000000002e-06,8.5,7.8200000000000003,0,1.0000000000000001e-09,True,14ce2f038b22411ab650c590941452872d7dcfb201713008b06ba4f962b94667
solver_stress_00833,rack,1000,0,4,canonical,1,15,4.9999999999999998e-08,5.0000000000000004e-06,8.5,7.8200000000000003,0,2.0000000000000001e-09,True,556972531335fb2393faa1b1d72de8b5dd9805841e8e44a0e9d0eb5752e26877
solver_stress_00834,rack,1000,0,4,canonical,2,15,7.4999999999999997e-08,7.500000000000001e-06,8.5,7.8200000000000003,0,3.0000000000000004e-09,True,ca38a9ddb0ef3dcf0be945fd19685fbb759159a7185f2c51c5d2b435a8eb12e6
solver_stress_00835,rack,1000,0,4,canonical,3,15,9.9999999999999995e-08,1.0000000000000001e-05,8.5,7.8200000000000003,0,4.0000000000000002e-09,True,076a8df176ef1578219f54bc0a2b64cf8b95cf1100610f4e6ae2a918b929ab02
solver_stress_00836,rack,1000,0,4,reversed,0,15,2.4999999999999999e-08,2.5000000000000002e-06,8.5,7.8200000000000003,0,1.0000000000000001e-09,True,14ce2f038b22411ab650c590941452872d7dcfb201713008b06ba4f962b94667
solver_stress_00837,rack,1000,0,4,reversed,1,15,4.9999999999999998e-08,5.0000000000000004e-06,8.5,7.8200000000000003,0,2.0000000000000001e-09,True,556972531335fb2393faa1b1d72de8b5dd9805841e8e44a0e9d0eb5752e26877
solver_stress_00838,rack,1000,0,4,reversed,2,15,7.4999999999999997e-08,7.500000000000001e-06,8.5,7.8200000000000003,0,3.0000000000000004e-09,True,ca38a9ddb0ef3dcf0be945fd19685fbb759159a7185f2c51c5d2b435a8eb12e6
solver_stress_00839,rack,1000,0,4,reversed,3,15,9.9999999999999995e-08,1.0000000000000001e-05,8.5,7.8200000000000003,0,4.0000000000000002e-09,True,076a8df176ef1578219f54bc0a2b64cf8b95cf1100610f4e6ae2a918b929ab02
solver_stress_00840,rack,1000,40,1,canonical,0,15,9.9999999999999995e-08,1.0000000000000001e-05,8.5,7.8200000000000003,0,1.0000000000000001e-09,True,deec3b74551b3e18d51abcc80686799ec740413a4e26ffade5dc008c93067318
solver_stress_00841,rack,1000,40,1,canonical,1,15,1.9999999999999999e-07,2.0000000000000002e-05,8.5,7.8200000000000003,0,2.0000000000000001e-09,True,7aca0d7071f674d6849fd4c9864f6f856c89f5993e5e5488c51e419424798df4
solver_stress_00842,rack,1000,40,1,canonical,2,15,2.9999999999999999e-07,3.0000000000000004e-05,8.5,7.8200000000000003,0,3.0000000000000004e-09,True,451be417b19f656f234af43b9f307fc52fd957df3010aa30fbd8fe9a699608cb
solver_stress_00843,rack,1000,40,1,canonical,3,15,3.9999999999999998e-07,4.0000000000000003e-05,8.5,7.8200000000000003,0,4.0000000000000002e-09,True,5a6e7be89270e114270a56886578af417316c05fefb2868c6d2620592fe73f46
solver_stress_00844,rack,1000,40,1,reversed,0,15,9.9999999999999995e-08,1.0000000000000001e-05,8.5,7.8200000000000003,0,1.0000000000000001e-09,True,deec3b74551b3e18d51abcc80686799ec740413a4e26ffade5dc008c93067318
solver_stress_00845,rack,1000,40,1,reversed,1,15,1.9999999999999999e-07,2.0000000000000002e-05,8.5,7.8200000000000003,0,2.0000000000000001e-09,True,7aca0d7071f674d6849fd4c9864f6f856c89f5993e5e5488c51e419424798df4
solver_stress_00846,rack,1000,40,1,reversed,2,15,2.9999999999999999e-07,3.0000000000000004e-05,8.5,7.8200000000000003,0,3.0000000000000004e-09,True,451be417b19f656f234af43b9f307fc52fd957df3010aa30fbd8fe9a699608cb
solver_stress_00847,rack,1000,40,1,reversed,3,15,3.9999999999999998e-07,4.0000000000000003e-05,8.5,7.8200000000000003,0,4.0000000000000002e-09,True,5a6e7be89270e114270a56886578af417316c05fefb2868c6d2620592fe73f46
solver_stress_00848,rack,1000,40,2,canonical,0,15,4.9999999999999998e-08,5.0000000000000004e-06,8.5,7.8200000000000003,0,1.0000000000000001e-09,True,2254d434c8693ace84c218aa88810a0a240ef7df13bd25f0498a466cd1d2d28d
solver_stress_00849,rack,1000,40,2,canonical,1,15,9.9999999999999995e-08,1.0000000000000001e-05,8.5,7.8200000000000003,0,2.0000000000000001e-09,True,2ac72d885c1526afe63505cb2a4317a8c5e55490daee79613723e83fd7c86772
solver_stress_00850,rack,1000,40,2,canonical,2,15,1.4999999999999999e-07,1.5000000000000002e-05,8.5,7.8200000000000003,0,3.0000000000000004e-09,True,39a0341ab2f1380e005c16a91c834f33debd3d8629e6361ddbbb614a8d30b8b7
solver_stress_00851,rack,1000,40,2,canonical,3,15,1.9999999999999999e-07,2.0000000000000002e-05,8.5,7.8200000000000003,0,4.0000000000000002e-09,True,c5a12491eca34025896bb122813d7cf5f74bcc51b40c7d02fcd632f06287afbe
solver_stress_00852,rack,1000,40,2,reversed,0,15,4.9999999999999998e-08,5.0000000000000004e-06,8.5,7.8200000000000003,0,1.0000000000000001e-09,True,2254d434c8693ace84c218aa88810a0a240ef7df13bd25f0498a466cd1d2d28d
solver_stress_00853,rack,1000,40,2,reversed,1,15,9.9999999999999995e-08,1.0000000000000001e-05,8.5,7.8200000000000003,0,2.0000000000000001e-09,True,2ac72d885c1526afe63505cb2a4317a8c5e55490daee79613723e83fd7c86772
solver_stress_00854,rack,1000,40,2,reversed,2,15,1.4999999999999999e-07,1.5000000000000002e-05,8.5,7.8200000000000003,0,3.0000000000000004e-09,True,39a0341ab2f1380e005c16a91c834f33debd3d8629e6361ddbbb614a8d30b8b7
solver_stress_00855,rack,1000,40,2,reversed,3,15,1.9999999999999999e-07,2.0000000000000002e-05,8.5,7.8200000000000003,0,4.0000000000000002e-09,True,c5a12491eca34025896bb122813d7cf5f74bcc51b40c7d02fcd632f06287afbe
solver_stress_00856,rack,1000,40,4,canonical,0,15,2.4999999999999999e-08,2.5000000000000002e-06,8.5,7.8200000000000003,0,1.0000000000000001e-09,True,a081b42a5070cb44a606f30015d50ef75e3c9b2a4a45abdb1af767c7623e29d5
solver_stress_00857,rack,1000,40,4,canonical,1,15,4.9999999999999998e-08,5.0000000000000004e-06,8.5,7.8200000000000003,0,2.0000000000000001e-09,True,87d0ddae7ee725638617e8340e9ac48ff5af5cd3f3a52c5563f35cb95504a986
solver_stress_00858,rack,1000,40,4,canonical,2,15,7.4999999999999997e-08,7.500000000000001e-06,8.5,7.8200000000000003,0,3.0000000000000004e-09,True,ef6123a8c81495a3329b09e2a8183ad7919a9deb90512dcf6eff126d7f80fd71
solver_stress_00859,rack,1000,40,4,canonical,3,15,9.9999999999999995e-08,1.0000000000000001e-05,8.5,7.8200000000000003,0,4.0000000000000002e-09,True,20b2a3a2e61f48fabd87ea2cf9acf7c05eb6e8c7471a746e129265b9aa8e6fea
solver_stress_00860,rack,1000,40,4,reversed,0,15,2.4999999999999999e-08,2.5000000000000002e-06,8.5,7.8200000000000003,0,1.0000000000000001e-09,True,a081b42a5070cb44a606f30015d50ef75e3c9b2a4a45abdb1af767c7623e29d5
solver_stress_00861,rack,1000,40,4,reversed,1,15,4.9999999999999998e-08,5.0000000000000004e-06,8.5,7.8200000000000003,0,2.0000000000000001e-09,True,87d0ddae7ee725638617e8340e9ac48ff5af5cd3f3a52c5563f35cb95504a986
solver_stress_00862,rack,1000,40,4,reversed,2,15,7.4999999999999997e-08,7.500000000000001e-06,8.5,7.8200000000000003,0,3.0000000000000004e-09,True,ef6123a8c81495a3329b09e2a8183ad7919a9deb90512dcf6eff126d7f80fd71
solver_stress_00863,rack,1000,40,4,reversed,3,15,9.9999999999999995e-08,1.0000000000000001e-05,8.5,7.8200000000000003,0,4.0000000000000002e-09,True,20b2a3a2e61f48fabd87ea2cf9acf7c05eb6e8c7471a746e129265b9aa8e6fea
solver_stress_00864,rail_jaw_mix,25,-40,1,canonical,0,3,9.9999999999999995e-08,1.0000000000000001e-05,0.0053125000000000004,0.0045156250000000005,0,1.0000000000000001e-09,True,af19ab7569a764488a275f564352a08de2d67d72c51bb3f5529e896723acd779
solver_stress_00865,rail_jaw_mix,25,-40,1,canonical,1,3,1.9999999999999999e-07,2.0000000000000002e-05,0.0053125000000000004,0.0045156250000000005,0,2.0000000000000001e-09,True,266306b0c20ac9f59f62eeef3ef641ddb2b317302e102c4db813ce56c6e5b12a
solver_stress_00866,rail_jaw_mix,25,-40,1,canonical,2,3,2.9999999999999999e-07,3.0000000000000004e-05,0.0053125000000000004,0.0045156250000000005,0,3.0000000000000004e-09,True,8de8ea34ad7d2a8511572e1259b60e866f1d69fcc23e58ec2516bf5efee6d270
solver_stress_00867,rail_jaw_mix,25,-40,1,canonical,3,3,3.9999999999999998e-07,4.0000000000000003e-05,0.0053125000000000004,0.0045156250000000005,0,4.0000000000000002e-09,True,d2f7ec031041adec9e8496faa90982866443ed20ed1371e2e3c8906e15cae98b
solver_stress_00868,rail_jaw_mix,25,-40,1,reversed,0,3,9.9999999999999995e-08,1.0000000000000001e-05,0.0053125000000000004,0.0045156250000000005,0,1.0000000000000001e-09,True,af19ab7569a764488a275f564352a08de2d67d72c51bb3f5529e896723acd779
solver_stress_00869,rail_jaw_mix,25,-40,1,reversed,1,3,1.9999999999999999e-07,2.0000000000000002e-05,0.0053125000000000004,0.0045156250000000005,0,2.0000000000000001e-09,True,266306b0c20ac9f59f62eeef3ef641ddb2b317302e102c4db813ce56c6e5b12a
solver_stress_00870,rail_jaw_mix,25,-40,1,reversed,2,3,2.9999999999999999e-07,3.0000000000000004e-05,0.0053125000000000004,0.0045156250000000005,0,3.0000000000000004e-09,True,8de8ea34ad7d2a8511572e1259b60e866f1d69fcc23e58ec2516bf5efee6d270
solver_stress_00871,rail_jaw_mix,25,-40,1,reversed,3,3,3.9999999999999998e-07,4.0000000000000003e-05,0.0053125000000000004,0.0045156250000000005,0,4.0000000000000002e-09,True,d2f7ec031041adec9e8496faa90982866443ed20ed1371e2e3c8906e15cae98b
solver_stress_00872,rail_jaw_mix,25,-40,2,canonical,0,3,4.9999999999999998e-08,5.0000000000000004e-06,0.0053125000000000004,0.0045156250000000005,0,1.0000000000000001e-09,True,9fab95929f7ae2922e5e08efdcce29c8cda351ad7dc3aaa4763c835778802c75
solver_stress_00873,rail_jaw_mix,25,-40,2,canonical,1,3,9.9999999999999995e-08,1.0000000000000001e-05,0.0053125000000000004,0.0045156250000000005,0,2.0000000000000001e-09,True,bc2752c4983b2afa7f298308585a81db1f4f4a96dec902be87a31cee2e84e053
solver_stress_00874,rail_jaw_mix,25,-40,2,canonical,2,3,1.4999999999999999e-07,1.5000000000000002e-05,0.0053125000000000004,0.0045156250000000005,0,3.0000000000000004e-09,True,92422b1c13b1930c94bfbb0c3bd0703398b6ce468551066de77c4e21c5598ffe
solver_stress_00875,rail_jaw_mix,25,-40,2,canonical,3,3,1.9999999999999999e-07,2.0000000000000002e-05,0.0053125000000000004,0.0045156250000000005,0,4.0000000000000002e-09,True,635fd4f79659571459d47466729b04547349d1ea00471931d96cc3143b9461f8
solver_stress_00876,rail_jaw_mix,25,-40,2,reversed,0,3,4.9999999999999998e-08,5.0000000000000004e-06,0.0053125000000000004,0.0045156250000000005,0,1.0000000000000001e-09,True,9fab95929f7ae2922e5e08efdcce29c8cda351ad7dc3aaa4763c835778802c75
solver_stress_00877,rail_jaw_mix,25,-40,2,reversed,1,3,9.9999999999999995e-08,1.0000000000000001e-05,0.0053125000000000004,0.0045156250000000005,0,2.0000000000000001e-09,True,bc2752c4983b2afa7f298308585a81db1f4f4a96dec902be87a31cee2e84e053
solver_stress_00878,rail_jaw_mix,25,-40,2,reversed,2,3,1.4999999999999999e-07,1.5000000000000002e-05,0.0053125000000000004,0.0045156250000000005,0,3.0000000000000004e-09,True,92422b1c13b1930c94bfbb0c3bd0703398b6ce468551066de77c4e21c5598ffe
solver_stress_00879,rail_jaw_mix,25,-40,2,reversed,3,3,1.9999999999999999e-07,2.0000000000000002e-05,0.0053125000000000004,0.0045156250000000005,0,4.0000000000000002e-09,True,635fd4f79659571459d47466729b04547349d1ea00471931d96cc3143b9461f8
solver_stress_00880,rail_jaw_mix,25,-40,4,canonical,0,3,2.4999999999999999e-08,2.5000000000000002e-06,0.0053125000000000004,0.0045156250000000005,0,1.0000000000000001e-09,True,748d7dc22e710c564b4376c58689d4003303524fb18e1d1a5b73f47268be86de
solver_stress_00881,rail_jaw_mix,25,-40,4,canonical,1,3,4.9999999999999998e-08,5.0000000000000004e-06,0.0053125000000000004,0.0045156250000000005,0,2.0000000000000001e-09,True,dc430efbf2a38a397e67e5a81af048ee71afb7cfa267c55e32eea06c25e28fb7
solver_stress_00882,rail_jaw_mix,25,-40,4,canonical,2,3,7.4999999999999997e-08,7.500000000000001e-06,0.0053125000000000004,0.0045156250000000005,0,3.0000000000000004e-09,True,3cfd1740cc5d4a40c72b552864ed3ffa5dffddb1441b3a3c0b4d0f6e3892231d
solver_stress_00883,rail_jaw_mix,25,-40,4,canonical,3,3,9.9999999999999995e-08,1.0000000000000001e-05,0.0053125000000000004,0.0045156250000000005,0,4.0000000000000002e-09,True,040da19a9cbaad4b857eaf320c527619a01ee49bcfa4a6d2fd61925b07e45063
solver_stress_00884,rail_jaw_mix,25,-40,4,reversed,0,3,2.4999999999999999e-08,2.5000000000000002e-06,0.0053125000000000004,0.0045156250000000005,0,1.0000000000000001e-09,True,748d7dc22e710c564b4376c58689d4003303524fb18e1d1a5b73f47268be86de
solver_stress_00885,rail_jaw_mix,25,-40,4,reversed,1,3,4.9999999999999998e-08,5.0000000000000004e-06,0.0053125000000000004,0.0045156250000000005,0,2.0000000000000001e-09,True,dc430efbf2a38a397e67e5a81af048ee71afb7cfa267c55e32eea06c25e28fb7
solver_stress_00886,rail_jaw_mix,25,-40,4,reversed,2,3,7.4999999999999997e-08,7.500000000000001e-06,0.0053125000000000004,0.0045156250000000005,0,3.0000000000000004e-09,True,3cfd1740cc5d4a40c72b552864ed3ffa5dffddb1441b3a3c0b4d0f6e3892231d
solver_stress_00887,rail_jaw_mix,25,-40,4,reversed,3,3,9.9999999999999995e-08,1.0000000000000001e-05,0.0053125000000000004,0.0045156250000000005,0,4.0000000000000002e-09,True,040da19a9cbaad4b857eaf320c527619a01ee49bcfa4a6d2fd61925b07e45063
solver_stress_00888,rail_jaw_mix,25,0,1,canonical,0,3,9.9999999999999995e-08,1.0000000000000001e-05,0.0053125000000000004,0.0045156250000000005,0,1.0000000000000001e-09,True,d50699d9fb2955b61a287a6fe0c9fa51c9bf8a9fc059ee9e773b308c3668c028
solver_stress_00889,rail_jaw_mix,25,0,1,canonical,1,3,1.9999999999999999e-07,2.0000000000000002e-05,0.0053125000000000004,0.0045156250000000005,0,2.0000000000000001e-09,True,6eb3575b356b06d1c29a95ba9c8b1f4433b968d6840db7eed2a3c0e540a72d56
solver_stress_00890,rail_jaw_mix,25,0,1,canonical,2,3,2.9999999999999999e-07,3.0000000000000004e-05,0.0053125000000000004,0.0045156250000000005,0,3.0000000000000004e-09,True,edbcc7933dcfee78df22ca1f0ce168460a10b86e3afc227f14b4c599f15acfc0
solver_stress_00891,rail_jaw_mix,25,0,1,canonical,3,3,3.9999999999999998e-07,4.0000000000000003e-05,0.0053125000000000004,0.0045156250000000005,0,4.0000000000000002e-09,True,ae1444d08b78280190193ee7ace006580d1df088499ae939b83a743a17ef88d5
solver_stress_00892,rail_jaw_mix,25,0,1,reversed,0,3,9.9999999999999995e-08,1.0000000000000001e-05,0.0053125000000000004,0.0045156250000000005,0,1.0000000000000001e-09,True,d50699d9fb2955b61a287a6fe0c9fa51c9bf8a9fc059ee9e773b308c3668c028
solver_stress_00893,rail_jaw_mix,25,0,1,reversed,1,3,1.9999999999999999e-07,2.0000000000000002e-05,0.0053125000000000004,0.0045156250000000005,0,2.0000000000000001e-09,True,6eb3575b356b06d1c29a95ba9c8b1f4433b968d6840db7eed2a3c0e540a72d56
solver_stress_00894,rail_jaw_mix,25,0,1,reversed,2,3,2.9999999999999999e-07,3.0000000000000004e-05,0.0053125000000000004,0.0045156250000000005,0,3.0000000000000004e-09,True,edbcc7933dcfee78df22ca1f0ce168460a10b86e3afc227f14b4c599f15acfc0
solver_stress_00895,rail_jaw_mix,25,0,1,reversed,3,3,3.9999999999999998e-07,4.0000000000000003e-05,0.0053125000000000004,0.0045156250000000005,0,4.0000000000000002e-09,True,ae1444d08b78280190193ee7ace006580d1df088499ae939b83a743a17ef88d5
solver_stress_00896,rail_jaw_mix,25,0,2,canonical,0,3,4.9999999999999998e-08,5.0000000000000004e-06,0.0053125000000000004,0.0045156250000000005,0,1.0000000000000001e-09,True,5c3e1fc4ada66efa9f373b7ca3769859b7bbbaf94165a99b3e0cb03648e6f78b
solver_stress_00897,rail_jaw_mix,25,0,2,canonical,1,3,9.9999999999999995e-08,1.0000000000000001e-05,0.0053125000000000004,0.0045156250000000005,0,2.0000000000000001e-09,True,9f2be2d6f58a07dc4b495b539c897f3f431c40e2f678870f12cbbf9f022f504c
solver_stress_00898,rail_jaw_mix,25,0,2,canonical,2,3,1.4999999999999999e-07,1.5000000000000002e-05,0.0053125000000000004,0.0045156250000000005,0,3.0000000000000004e-09,True,8f8143d38f6a63dad5ada00c34519757f1de34bdf125d6e4d3861b902c76f3bd
solver_stress_00899,rail_jaw_mix,25,0,2,canonical,3,3,1.9999999999999999e-07,2.0000000000000002e-05,0.0053125000000000004,0.0045156250000000005,0,4.0000000000000002e-09,True,601e38b2fd6766ad8a5805f9f957dd542632d87e8734313cdc04fd6e8301c05e
solver_stress_00900,rail_jaw_mix,25,0,2,reversed,0,3,4.9999999999999998e-08,5.0000000000000004e-06,0.0053125000000000004,0.0045156250000000005,0,1.0000000000000001e-09,True,5c3e1fc4ada66efa9f373b7ca3769859b7bbbaf94165a99b3e0cb03648e6f78b
solver_stress_00901,rail_jaw_mix,25,0,2,reversed,1,3,9.9999999999999995e-08,1.0000000000000001e-05,0.0053125000000000004,0.0045156250000000005,0,2.0000000000000001e-09,True,9f2be2d6f58a07dc4b495b539c897f3f431c40e2f678870f12cbbf9f022f504c
solver_stress_00902,rail_jaw_mix,25,0,2,reversed,2,3,1.4999999999999999e-07,1.5000000000000002e-05,0.0053125000000000004,0.0045156250000000005,0,3.0000000000000004e-09,True,8f8143d38f6a63dad5ada00c34519757f1de34bdf125d6e4d3861b902c76f3bd
solver_stress_00903,rail_jaw_mix,25,0,2,reversed,3,3,1.9999999999999999e-07,2.0000000000000002e-05,0.0053125000000000004,0.0045156250000000005,0,4.0000000000000002e-09,True,601e38b2fd6766ad8a5805f9f957dd542632d87e8734313cdc04fd6e8301c05e
solver_stress_00904,rail_jaw_mix,25,0,4,canonical,0,3,2.4999999999999999e-08,2.5000000000000002e-06,0.0053125000000000004,0.0045156250000000005,0,1.0000000000000001e-09,True,797e80aeb45ef2ac2c21210e31092f4c618458bb848ed2597aedfab0235002db
solver_stress_00905,rail_jaw_mix,25,0,4,canonical,1,3,4.9999999999999998e-08,5.0000000000000004e-06,0.0053125000000000004,0.0045156250000000005,0,2.0000000000000001e-09,True,1fc4e2997dc29c4a2ca8bb52352f82fc3019aca8d7a25c0954ef7f6c1a451983
solver_stress_00906,rail_jaw_mix,25,0,4,canonical,2,3,7.4999999999999997e-08,7.500000000000001e-06,0.0053125000000000004,0.0045156250000000005,0,3.0000000000000004e-09,True,1c00a45c82479965312ea34626e33cdb05e86b2c839f01737294836b928c6751
solver_stress_00907,rail_jaw_mix,25,0,4,canonical,3,3,9.9999999999999995e-08,1.0000000000000001e-05,0.0053125000000000004,0.0045156250000000005,0,4.0000000000000002e-09,True,b76ffb13853008406299399bfba56c9982d5dd5badb388b0252b80fc31b42e70
solver_stress_00908,rail_jaw_mix,25,0,4,reversed,0,3,2.4999999999999999e-08,2.5000000000000002e-06,0.0053125000000000004,0.0045156250000000005,0,1.0000000000000001e-09,True,797e80aeb45ef2ac2c21210e31092f4c618458bb848ed2597aedfab0235002db
solver_stress_00909,rail_jaw_mix,25,0,4,reversed,1,3,4.9999999999999998e-08,5.0000000000000004e-06,0.0053125000000000004,0.0045156250000000005,0,2.0000000000000001e-09,True,1fc4e2997dc29c4a2ca8bb52352f82fc3019aca8d7a25c0954ef7f6c1a451983
solver_stress_00910,rail_jaw_mix,25,0,4,reversed,2,3,7.4999999999999997e-08,7.500000000000001e-06,0.0053125000000000004,0.0045156250000000005,0,3.0000000000000004e-09,True,1c00a45c82479965312ea34626e33cdb05e86b2c839f01737294836b928c6751
solver_stress_00911,rail_jaw_mix,25,0,4,reversed,3,3,9.9999999999999995e-08,1.0000000000000001e-05,0.0053125000000000004,0.0045156250000000005,0,4.0000000000000002e-09,True,b76ffb13853008406299399bfba56c9982d5dd5badb388b0252b80fc31b42e70
solver_stress_00912,rail_jaw_mix,25,40,1,canonical,0,3,9.9999999999999995e-08,1.0000000000000001e-05,0.0053125000000000004,0.0045156250000000005,0,1.0000000000000001e-09,True,e012a45495f746ba6c250498d8b3a547674670ad745ecc6022da387a8a5674cc
solver_stress_00913,rail_jaw_mix,25,40,1,canonical,1,3,1.9999999999999999e-07,2.0000000000000002e-05,0.0053125000000000004,0.0045156250000000005,0,2.0000000000000001e-09,True,4877d3e8aa2d76679994e6c835fbaf3e8f3f3a626428d4c4b7dc18494f51d781
solver_stress_00914,rail_jaw_mix,25,40,1,canonical,2,3,2.9999999999999999e-07,3.0000000000000004e-05,0.0053125000000000004,0.0045156250000000005,0,3.0000000000000004e-09,True,c57a681beaade0a9489044f4b9c746a877bf30877faf65121d9658c1e6073470
solver_stress_00915,rail_jaw_mix,25,40,1,canonical,3,3,3.9999999999999998e-07,4.0000000000000003e-05,0.0053125000000000004,0.0045156250000000005,0,4.0000000000000002e-09,True,8a4a0d54619c9d499f08be0ea1d2a2625b0268ff9a6e8332227c99cca018781b
solver_stress_00916,rail_jaw_mix,25,40,1,reversed,0,3,9.9999999999999995e-08,1.0000000000000001e-05,0.0053125000000000004,0.0045156250000000005,0,1.0000000000000001e-09,True,e012a45495f746ba6c250498d8b3a547674670ad745ecc6022da387a8a5674cc
solver_stress_00917,rail_jaw_mix,25,40,1,reversed,1,3,1.9999999999999999e-07,2.0000000000000002e-05,0.0053125000000000004,0.0045156250000000005,0,2.0000000000000001e-09,True,4877d3e8aa2d76679994e6c835fbaf3e8f3f3a626428d4c4b7dc18494f51d781
solver_stress_00918,rail_jaw_mix,25,40,1,reversed,2,3,2.9999999999999999e-07,3.0000000000000004e-05,0.0053125000000000004,0.0045156250000000005,0,3.0000000000000004e-09,True,c57a681beaade0a9489044f4b9c746a877bf30877faf65121d9658c1e6073470
solver_stress_00919,rail_jaw_mix,25,40,1,reversed,3,3,3.9999999999999998e-07,4.0000000000000003e-05,0.0053125000000000004,0.0045156250000000005,0,4.0000000000000002e-09,True,8a4a0d54619c9d499f08be0ea1d2a2625b0268ff9a6e8332227c99cca018781b
solver_stress_00920,rail_jaw_mix,25,40,2,canonical,0,3,4.9999999999999998e-08,5.0000000000000004e-06,0.0053125000000000004,0.0045156250000000005,0,1.0000000000000001e-09,True,3d79dad9349dff3e16b110ef447e5186b92b7c26e1e0de5562bf3e96dfe241ec
solver_stress_00921,rail_jaw_mix,25,40,2,canonical,1,3,9.9999999999999995e-08,1.0000000000000001e-05,0.0053125000000000004,0.0045156250000000005,0,2.0000000000000001e-09,True,cfa763b10c2350e1e2e269f71ea9e289da358e0d26a6f4e3cfec1d049d708333
solver_stress_00922,rail_jaw_mix,25,40,2,canonical,2,3,1.4999999999999999e-07,1.5000000000000002e-05,0.0053125000000000004,0.0045156250000000005,0,3.0000000000000004e-09,True,534226e8efb4f93a908faf434ff74a635ea052b8d4853ecd70ddb9c1681aaebc
solver_stress_00923,rail_jaw_mix,25,40,2,canonical,3,3,1.9999999999999999e-07,2.0000000000000002e-05,0.0053125000000000004,0.0045156250000000005,0,4.0000000000000002e-09,True,3c10d40592af2b6589745ae0b21ee0df0fba866a3674e1950a275c91cee2b91b
solver_stress_00924,rail_jaw_mix,25,40,2,reversed,0,3,4.9999999999999998e-08,5.0000000000000004e-06,0.0053125000000000004,0.0045156250000000005,0,1.0000000000000001e-09,True,3d79dad9349dff3e16b110ef447e5186b92b7c26e1e0de5562bf3e96dfe241ec
solver_stress_00925,rail_jaw_mix,25,40,2,reversed,1,3,9.9999999999999995e-08,1.0000000000000001e-05,0.0053125000000000004,0.0045156250000000005,0,2.0000000000000001e-09,True,cfa763b10c2350e1e2e269f71ea9e289da358e0d26a6f4e3cfec1d049d708333
solver_stress_00926,rail_jaw_mix,25,40,2,reversed,2,3,1.4999999999999999e-07,1.5000000000000002e-05,0.0053125000000000004,0.0045156250000000005,0,3.0000000000000004e-09,True,534226e8efb4f93a908faf434ff74a635ea052b8d4853ecd70ddb9c1681aaebc
solver_stress_00927,rail_jaw_mix,25,40,2,reversed,3,3,1.9999999999999999e-07,2.0000000000000002e-05,0.0053125000000000004,0.0045156250000000005,0,4.0000000000000002e-09,True,3c10d40592af2b6589745ae0b21ee0df0fba866a3674e1950a275c91cee2b91b
solver_stress_00928,rail_jaw_mix,25,40,4,canonical,0,3,2.4999999999999999e-08,2.5000000000000002e-06,0.0053125000000000004,0.0045156250000000005,0,1.0000000000000001e-09,True,ac89ca66a8e45cb90642b0d68ac12af594991db8e1e0f325d59b99998d361672
solver_stress_00929,rail_jaw_mix,25,40,4,canonical,1,3,4.9999999999999998e-08,5.0000000000000004e-06,0.0053125000000000004,0.0045156250000000005,0,2.0000000000000001e-09,True,f70a78ed89091645b077ac5fef29d578a13732e6514ea130ed515690395e2f20
solver_stress_00930,rail_jaw_mix,25,40,4,canonical,2,3,7.4999999999999997e-08,7.500000000000001e-06,0.0053125000000000004,0.0045156250000000005,0,3.0000000000000004e-09,True,e0b7314dc072c029ba9a98e946fc590d56a0ab54190c120ae154555ba2ac860e
solver_stress_00931,rail_jaw_mix,25,40,4,canonical,3,3,9.9999999999999995e-08,1.0000000000000001e-05,0.0053125000000000004,0.0045156250000000005,0,4.0000000000000002e-09,True,fd0d175eb3e6b2bf09b589b4daea8cf0925b7ee0b1e705483e9a097d25f16756
solver_stress_00932,rail_jaw_mix,25,40,4,reversed,0,3,2.4999999999999999e-08,2.5000000000000002e-06,0.0053125000000000004,0.0045156250000000005,0,1.0000000000000001e-09,True,ac89ca66a8e45cb90642b0d68ac12af594991db8e1e0f325d59b99998d361672
solver_stress_00933,rail_jaw_mix,25,40,4,reversed,1,3,4.9999999999999998e-08,5.0000000000000004e-06,0.0053125000000000004,0.0045156250000000005,0,2.0000000000000001e-09,True,f70a78ed89091645b077ac5fef29d578a13732e6514ea130ed515690395e2f20
solver_stress_00934,rail_jaw_mix,25,40,4,reversed,2,3,7.4999999999999997e-08,7.500000000000001e-06,0.0053125000000000004,0.0045156250000000005,0,3.0000000000000004e-09,True,e0b7314dc072c029ba9a98e946fc590d56a0ab54190c120ae154555ba2ac860e
solver_stress_00935,rail_jaw_mix,25,40,4,reversed,3,3,9.9999999999999995e-08,1.0000000000000001e-05,0.0053125000000000004,0.0045156250000000005,0,4.0000000000000002e-09,True,fd0d175eb3e6b2bf09b589b4daea8cf0925b7ee0b1e705483e9a097d25f16756
solver_stress_00936,rail_jaw_mix,100,-40,1,canonical,0,3,9.9999999999999995e-08,1.0000000000000001e-05,0.085000000000000006,0.072250000000000009,0,1.0000000000000001e-09,True,ab84dac280acb9927fcdc8c7548ac047fd175bd931df040f20ae268eb548d7c3
solver_stress_00937,rail_jaw_mix,100,-40,1,canonical,1,3,1.9999999999999999e-07,2.0000000000000002e-05,0.085000000000000006,0.072250000000000009,0,2.0000000000000001e-09,True,f61ad3bd1c4848449575c31de2bf26a4cc2e6ec1a8d456240dd53f4e23900031
solver_stress_00938,rail_jaw_mix,100,-40,1,canonical,2,3,2.9999999999999999e-07,3.0000000000000004e-05,0.085000000000000006,0.072250000000000009,0,3.0000000000000004e-09,True,ea45926a2d030397096e7fceaa24bf4386aabf4cd3451ae827e4c62f6ebcada7
solver_stress_00939,rail_jaw_mix,100,-40,1,canonical,3,3,3.9999999999999998e-07,4.0000000000000003e-05,0.085000000000000006,0.072250000000000009,0,4.0000000000000002e-09,True,fd12e2e7fa4c3e99e6b880a7c1d94ed9eb37d7f43725a8753169f37cbd17d1da
solver_stress_00940,rail_jaw_mix,100,-40,1,reversed,0,3,9.9999999999999995e-08,1.0000000000000001e-05,0.085000000000000006,0.072250000000000009,0,1.0000000000000001e-09,True,ab84dac280acb9927fcdc8c7548ac047fd175bd931df040f20ae268eb548d7c3
solver_stress_00941,rail_jaw_mix,100,-40,1,reversed,1,3,1.9999999999999999e-07,2.0000000000000002e-05,0.085000000000000006,0.072250000000000009,0,2.0000000000000001e-09,True,f61ad3bd1c4848449575c31de2bf26a4cc2e6ec1a8d456240dd53f4e23900031
solver_stress_00942,rail_jaw_mix,100,-40,1,reversed,2,3,2.9999999999999999e-07,3.0000000000000004e-05,0.085000000000000006,0.072250000000000009,0,3.0000000000000004e-09,True,ea45926a2d030397096e7fceaa24bf4386aabf4cd3451ae827e4c62f6ebcada7
solver_stress_00943,rail_jaw_mix,100,-40,1,reversed,3,3,3.9999999999999998e-07,4.0000000000000003e-05,0.085000000000000006,0.072250000000000009,0,4.0000000000000002e-09,True,fd12e2e7fa4c3e99e6b880a7c1d94ed9eb37d7f43725a8753169f37cbd17d1da
solver_stress_00944,rail_jaw_mix,100,-40,2,canonical,0,3,4.9999999999999998e-08,5.0000000000000004e-06,0.085000000000000006,0.072250000000000009,0,1.0000000000000001e-09,True,0cc010d0c3988d59885e8c9bc362816f9188b10de9683a70011d78e1106f1f79
solver_stress_00945,rail_jaw_mix,100,-40,2,canonical,1,3,9.9999999999999995e-08,1.0000000000000001e-05,0.085000000000000006,0.072250000000000009,0,2.0000000000000001e-09,True,2390cc2efa568bd1b1864467221ccf5266c46961cde12855bbb54a51ad0c1915
solver_stress_00946,rail_jaw_mix,100,-40,2,canonical,2,3,1.4999999999999999e-07,1.5000000000000002e-05,0.085000000000000006,0.072250000000000009,0,3.0000000000000004e-09,True,2a0ce31b2808cea2577920d8592f3f9e255965d9c2452b9a6b60dd5c9eca0658
solver_stress_00947,rail_jaw_mix,100,-40,2,canonical,3,3,1.9999999999999999e-07,2.0000000000000002e-05,0.085000000000000006,0.072250000000000009,0,4.0000000000000002e-09,True,4df8d4f697b475cacbf11220014a7947eaccbdaeb2f8fbc29b6e6c5ecf9f279e
solver_stress_00948,rail_jaw_mix,100,-40,2,reversed,0,3,4.9999999999999998e-08,5.0000000000000004e-06,0.085000000000000006,0.072250000000000009,0,1.0000000000000001e-09,True,0cc010d0c3988d59885e8c9bc362816f9188b10de9683a70011d78e1106f1f79
solver_stress_00949,rail_jaw_mix,100,-40,2,reversed,1,3,9.9999999999999995e-08,1.0000000000000001e-05,0.085000000000000006,0.072250000000000009,0,2.0000000000000001e-09,True,2390cc2efa568bd1b1864467221ccf5266c46961cde12855bbb54a51ad0c1915
solver_stress_00950,rail_jaw_mix,100,-40,2,reversed,2,3,1.4999999999999999e-07,1.5000000000000002e-05,0.085000000000000006,0.072250000000000009,0,3.0000000000000004e-09,True,2a0ce31b2808cea2577920d8592f3f9e255965d9c2452b9a6b60dd5c9eca0658
solver_stress_00951,rail_jaw_mix,100,-40,2,reversed,3,3,1.9999999999999999e-07,2.0000000000000002e-05,0.085000000000000006,0.072250000000000009,0,4.0000000000000002e-09,True,4df8d4f697b475cacbf11220014a7947eaccbdaeb2f8fbc29b6e6c5ecf9f279e
solver_stress_00952,rail_jaw_mix,100,-40,4,canonical,0,3,2.4999999999999999e-08,2.5000000000000002e-06,0.085000000000000006,0.072250000000000009,0,1.0000000000000001e-09,True,30e2bb74ea2f8168492850dcf1037f5b9cbb0f3ea8848237509b4b4371791307
solver_stress_00953,rail_jaw_mix,100,-40,4,canonical,1,3,4.9999999999999998e-08,5.0000000000000004e-06,0.085000000000000006,0.072250000000000009,0,2.0000000000000001e-09,True,56fa1db0b32f87df3211b1f0a73de05d6bb664e948684f9a0d2f6ddfb3fda2e6
solver_stress_00954,rail_jaw_mix,100,-40,4,canonical,2,3,7.4999999999999997e-08,7.500000000000001e-06,0.085000000000000006,0.072250000000000009,0,3.0000000000000004e-09,True,069fce6eece908a9d049f270bf6b5ef763cf37e5f372d53d46b668f1b098a402
solver_stress_00955,rail_jaw_mix,100,-40,4,canonical,3,3,9.9999999999999995e-08,1.0000000000000001e-05,0.085000000000000006,0.072250000000000009,0,4.0000000000000002e-09,True,ace81873a86c7932e62f2e06a75301a0d8f5099b8bd9defced8964c34e88d859
solver_stress_00956,rail_jaw_mix,100,-40,4,reversed,0,3,2.4999999999999999e-08,2.5000000000000002e-06,0.085000000000000006,0.072250000000000009,0,1.0000000000000001e-09,True,30e2bb74ea2f8168492850dcf1037f5b9cbb0f3ea8848237509b4b4371791307
solver_stress_00957,rail_jaw_mix,100,-40,4,reversed,1,3,4.9999999999999998e-08,5.0000000000000004e-06,0.085000000000000006,0.072250000000000009,0,2.0000000000000001e-09,True,56fa1db0b32f87df3211b1f0a73de05d6bb664e948684f9a0d2f6ddfb3fda2e6
solver_stress_00958,rail_jaw_mix,100,-40,4,reversed,2,3,7.4999999999999997e-08,7.500000000000001e-06,0.085000000000000006,0.072250000000000009,0,3.0000000000000004e-09,True,069fce6eece908a9d049f270bf6b5ef763cf37e5f372d53d46b668f1b098a402
solver_stress_00959,rail_jaw_mix,100,-40,4,reversed,3,3,9.9999999999999995e-08,1.0000000000000001e-05,0.085000000000000006,0.072250000000000009,0,4.0000000000000002e-09,True,ace81873a86c7932e62f2e06a75301a0d8f5099b8bd9defced8964c34e88d859
solver_stress_00960,rail_jaw_mix,100,0,1,canonical,0,3,9.9999999999999995e-08,1.0000000000000001e-05,0.085000000000000006,0.072250000000000009,0,1.0000000000000001e-09,True,0d793ce239b7342d076312130d9f9afb910c20ccd1f1ca6ccf5909483ae3c0e2
solver_stress_00961,rail_jaw_mix,100,0,1,canonical,1,3,1.9999999999999999e-07,2.0000000000000002e-05,0.085000000000000006,0.072250000000000009,0,2.0000000000000001e-09,True,198aa88f485e29f5536176c6d1e049999c59828db750fbb7b2485757b4ac75af
solver_stress_00962,rail_jaw_mix,100,0,1,canonical,2,3,2.9999999999999999e-07,3.0000000000000004e-05,0.085000000000000006,0.072250000000000009,0,3.0000000000000004e-09,True,97ce728877c3ec6a0e9619ed47aa272f12d25abed3a64c450b7fb8088c84d83f
solver_stress_00963,rail_jaw_mix,100,0,1,canonical,3,3,3.9999999999999998e-07,4.0000000000000003e-05,0.085000000000000006,0.072250000000000009,0,4.0000000000000002e-09,True,aa88fbe3ab4fbc122b29f9d7c9a56e327192bc35fb0a7242fa792f6046fbe9fa
solver_stress_00964,rail_jaw_mix,100,0,1,reversed,0,3,9.9999999999999995e-08,1.0000000000000001e-05,0.085000000000000006,0.072250000000000009,0,1.0000000000000001e-09,True,0d793ce239b7342d076312130d9f9afb910c20ccd1f1ca6ccf5909483ae3c0e2
solver_stress_00965,rail_jaw_mix,100,0,1,reversed,1,3,1.9999999999999999e-07,2.0000000000000002e-05,0.085000000000000006,0.072250000000000009,0,2.0000000000000001e-09,True,198aa88f485e29f5536176c6d1e049999c59828db750fbb7b2485757b4ac75af
solver_stress_00966,rail_jaw_mix,100,0,1,reversed,2,3,2.9999999999999999e-07,3.0000000000000004e-05,0.085000000000000006,0.072250000000000009,0,3.0000000000000004e-09,True,97ce728877c3ec6a0e9619ed47aa272f12d25abed3a64c450b7fb8088c84d83f
solver_stress_00967,rail_jaw_mix,100,0,1,reversed,3,3,3.9999999999999998e-07,4.0000000000000003e-05,0.085000000000000006,0.072250000000000009,0,4.0000000000000002e-09,True,aa88fbe3ab4fbc122b29f9d7c9a56e327192bc35fb0a7242fa792f6046fbe9fa
solver_stress_00968,rail_jaw_mix,100,0,2,canonical,0,3,4.9999999999999998e-08,5.0000000000000004e-06,0.085000000000000006,0.072250000000000009,0,1.0000000000000001e-09,True,8046716c08fb60c8b2a7773447212fd5b14f78f39b7c4981eb6f2ea3fee31a8e
solver_stress_00969,rail_jaw_mix,100,0,2,canonical,1,3,9.9999999999999995e-08,1.0000000000000001e-05,0.085000000000000006,0.072250000000000009,0,2.0000000000000001e-09,True,06a0616d42f713d49ffe11842b4bc2275f5168b3d3aa049aa1733c1a00e68efe
solver_stress_00970,rail_jaw_mix,100,0,2,canonical,2,3,1.4999999999999999e-07,1.5000000000000002e-05,0.085000000000000006,0.072250000000000009,0,3.0000000000000004e-09,True,bdf7cfd4f0263c48f3762cc76c49b8b7225bf52471d512f546bebc2db2d119e6
solver_stress_00971,rail_jaw_mix,100,0,2,canonical,3,3,1.9999999999999999e-07,2.0000000000000002e-05,0.085000000000000006,0.072250000000000009,0,4.0000000000000002e-09,True,fc1bceb6cfc2ae71f20f4590ded662afd01f2c9a93144cab3334929f4ec96349
solver_stress_00972,rail_jaw_mix,100,0,2,reversed,0,3,4.9999999999999998e-08,5.0000000000000004e-06,0.085000000000000006,0.072250000000000009,0,1.0000000000000001e-09,True,8046716c08fb60c8b2a7773447212fd5b14f78f39b7c4981eb6f2ea3fee31a8e
solver_stress_00973,rail_jaw_mix,100,0,2,reversed,1,3,9.9999999999999995e-08,1.0000000000000001e-05,0.085000000000000006,0.072250000000000009,0,2.0000000000000001e-09,True,06a0616d42f713d49ffe11842b4bc2275f5168b3d3aa049aa1733c1a00e68efe
solver_stress_00974,rail_jaw_mix,100,0,2,reversed,2,3,1.4999999999999999e-07,1.5000000000000002e-05,0.085000000000000006,0.072250000000000009,0,3.0000000000000004e-09,True,bdf7cfd4f0263c48f3762cc76c49b8b7225bf52471d512f546bebc2db2d119e6
solver_stress_00975,rail_jaw_mix,100,0,2,reversed,3,3,1.9999999999999999e-07,2.0000000000000002e-05,0.085000000000000006,0.072250000000000009,0,4.0000000000000002e-09,True,fc1bceb6cfc2ae71f20f4590ded662afd01f2c9a93144cab3334929f4ec96349
solver_stress_00976,rail_jaw_mix,100,0,4,canonical,0,3,2.4999999999999999e-08,2.5000000000000002e-06,0.085000000000000006,0.072250000000000009,0,1.0000000000000001e-09,True,3e25513f6d6a8dcb66ec2189215cbf3816b34cbff2cf7da693cae18921f8c237
solver_stress_00977,rail_jaw_mix,100,0,4,canonical,1,3,4.9999999999999998e-08,5.0000000000000004e-06,0.085000000000000006,0.072250000000000009,0,2.0000000000000001e-09,True,e52c19db1b6040a1f061ddefce70c9a4aa4cff8b10e27325fc5132f8d3e722c4
solver_stress_00978,rail_jaw_mix,100,0,4,canonical,2,3,7.4999999999999997e-08,7.500000000000001e-06,0.085000000000000006,0.072250000000000009,0,3.0000000000000004e-09,True,e2e2450794f139620eb42c9fdb78dfaebb83e038fa472c801d6ab3bc59a634ef
solver_stress_00979,rail_jaw_mix,100,0,4,canonical,3,3,9.9999999999999995e-08,1.0000000000000001e-05,0.085000000000000006,0.072250000000000009,0,4.0000000000000002e-09,True,03206ebdc795f9ede22419f721d8a0a15ec871f439ab779baf8e3d44ccf93577
solver_stress_00980,rail_jaw_mix,100,0,4,reversed,0,3,2.4999999999999999e-08,2.5000000000000002e-06,0.085000000000000006,0.072250000000000009,0,1.0000000000000001e-09,True,3e25513f6d6a8dcb66ec2189215cbf3816b34cbff2cf7da693cae18921f8c237
solver_stress_00981,rail_jaw_mix,100,0,4,reversed,1,3,4.9999999999999998e-08,5.0000000000000004e-06,0.085000000000000006,0.072250000000000009,0,2.0000000000000001e-09,True,e52c19db1b6040a1f061ddefce70c9a4aa4cff8b10e27325fc5132f8d3e722c4
solver_stress_00982,rail_jaw_mix,100,0,4,reversed,2,3,7.4999999999999997e-08,7.500000000000001e-06,0.085000000000000006,0.072250000000000009,0,3.0000000000000004e-09,True,e2e2450794f139620eb42c9fdb78dfaebb83e038fa472c801d6ab3bc59a634ef
solver_stress_00983,rail_jaw_mix,100,0,4,reversed,3,3,9.9999999999999995e-08,1.0000000000000001e-05,0.085000000000000006,0.072250000000000009,0,4.0000000000000002e-09,True,03206ebdc795f9ede22419f721d8a0a15ec871f439ab779baf8e3d44ccf93577
solver_stress_00984,rail_jaw_mix,100,40,1,canonical,0,3,9.9999999999999995e-08,1.0000000000000001e-05,0.085000000000000006,0.072250000000000009,0,1.0000000000000001e-09,True,7f15e112e839ce1d500ab7f5a7520b6525449848e26865cb718726bf0fe2b394
solver_stress_00985,rail_jaw_mix,100,40,1,canonical,1,3,1.9999999999999999e-07,2.0000000000000002e-05,0.085000000000000006,0.072250000000000009,0,2.0000000000000001e-09,True,1753b62029a6d5844f63829ef96ee1fc5913c3c703d01eb688c01a8456693803
solver_stress_00986,rail_jaw_mix,100,40,1,canonical,2,3,2.9999999999999999e-07,3.0000000000000004e-05,0.085000000000000006,0.072250000000000009,0,3.0000000000000004e-09,True,30a4b145b9a8a71f3d6ac5d7725da8554dbf380cea723fac6abde63a38dc05bf
solver_stress_00987,rail_jaw_mix,100,40,1,canonical,3,3,3.9999999999999998e-07,4.0000000000000003e-05,0.085000000000000006,0.072250000000000009,0,4.0000000000000002e-09,True,b815d7b864c38258e82fde02428e178cfedf193117769320593f1da45061fa24
solver_stress_00988,rail_jaw_mix,100,40,1,reversed,0,3,9.9999999999999995e-08,1.0000000000000001e-05,0.085000000000000006,0.072250000000000009,0,1.0000000000000001e-09,True,7f15e112e839ce1d500ab7f5a7520b6525449848e26865cb718726bf0fe2b394
solver_stress_00989,rail_jaw_mix,100,40,1,reversed,1,3,1.9999999999999999e-07,2.0000000000000002e-05,0.085000000000000006,0.072250000000000009,0,2.0000000000000001e-09,True,1753b62029a6d5844f63829ef96ee1fc5913c3c703d01eb688c01a8456693803
solver_stress_00990,rail_jaw_mix,100,40,1,reversed,2,3,2.9999999999999999e-07,3.0000000000000004e-05,0.085000000000000006,0.072250000000000009,0,3.0000000000000004e-09,True,30a4b145b9a8a71f3d6ac5d7725da8554dbf380cea723fac6abde63a38dc05bf
solver_stress_00991,rail_jaw_mix,100,40,1,reversed,3,3,3.9999999999999998e-07,4.0000000000000003e-05,0.085000000000000006,0.072250000000000009,0,4.0000000000000002e-09,True,b815d7b864c38258e82fde02428e178cfedf193117769320593f1da45061fa24
solver_stress_00992,rail_jaw_mix,100,40,2,canonical,0,3,4.9999999999999998e-08,5.0000000000000004e-06,0.085000000000000006,0.072250000000000009,0,1.0000000000000001e-09,True,ad68eb5157040e3115fe723ba32ad126671571cb404c291be32693f8c520ae0d
solver_stress_00993,rail_jaw_mix,100,40,2,canonical,1,3,9.9999999999999995e-08,1.0000000000000001e-05,0.085000000000000006,0.072250000000000009,0,2.0000000000000001e-09,True,da4fa3752405768b79c160896f312013efcf7e13bfad09ab88c2616caed389e4
solver_stress_00994,rail_jaw_mix,100,40,2,canonical,2,3,1.4999999999999999e-07,1.5000000000000002e-05,0.085000000000000006,0.072250000000000009,0,3.0000000000000004e-09,True,83371083cdd774f24a45c6687d11ebf6f003cc1e55a47b1ae1739247cb7e6872
solver_stress_00995,rail_jaw_mix,100,40,2,canonical,3,3,1.9999999999999999e-07,2.0000000000000002e-05,0.085000000000000006,0.072250000000000009,0,4.0000000000000002e-09,True,423f18feb19a96bef5d281f6235bcd10a52605f0738bcecb0e0105c6f4786f50
solver_stress_00996,rail_jaw_mix,100,40,2,reversed,0,3,4.9999999999999998e-08,5.0000000000000004e-06,0.085000000000000006,0.072250000000000009,0,1.0000000000000001e-09,True,ad68eb5157040e3115fe723ba32ad126671571cb404c291be32693f8c520ae0d
solver_stress_00997,rail_jaw_mix,100,40,2,reversed,1,3,9.9999999999999995e-08,1.0000000000000001e-05,0.085000000000000006,0.072250000000000009,0,2.0000000000000001e-09,True,da4fa3752405768b79c160896f312013efcf7e13bfad09ab88c2616caed389e4
solver_stress_00998,rail_jaw_mix,100,40,2,reversed,2,3,1.4999999999999999e-07,1.5000000000000002e-05,0.085000000000000006,0.072250000000000009,0,3.0000000000000004e-09,True,83371083cdd774f24a45c6687d11ebf6f003cc1e55a47b1ae1739247cb7e6872
solver_stress_00999,rail_jaw_mix,100,40,2,reversed,3,3,1.9999999999999999e-07,2.0000000000000002e-05,0.085000000000000006,0.072250000000000009,0,4.0000000000000002e-09,True,423f18feb19a96bef5d281f6235bcd10a52605f0738bcecb0e0105c6f4786f50
solver_stress_01000,rail_jaw_mix,100,40,4,canonical,0,3,2.4999999999999999e-08,2.5000000000000002e-06,0.085000000000000006,0.072250000000000009,0,1.0000000000000001e-09,True,8f8f512271827e3827d733a267a72693a394b070240919184172584e1ca19269
solver_stress_01001,rail_jaw_mix,100,40,4,canonical,1,3,4.9999999999999998e-08,5.0000000000000004e-06,0.085000000000000006,0.072250000000000009,0,2.0000000000000001e-09,True,642749dc020f516b34c1ec7f7f81467e111fc6316214a1685a27aaad8884e480
solver_stress_01002,rail_jaw_mix,100,40,4,canonical,2,3,7.4999999999999997e-08,7.500000000000001e-06,0.085000000000000006,0.072250000000000009,0,3.0000000000000004e-09,True,5d6c7b2dcb3cb3d880f89b81831b6af5809fdc635a9198b75faa75ffec17a3ab
solver_stress_01003,rail_jaw_mix,100,40,4,canonical,3,3,9.9999999999999995e-08,1.0000000000000001e-05,0.085000000000000006,0.072250000000000009,0,4.0000000000000002e-09,True,16df8c0144a7b0a05a114b9475915189276ab5c620d466fd01720a08b1ba00ff
solver_stress_01004,rail_jaw_mix,100,40,4,reversed,0,3,2.4999999999999999e-08,2.5000000000000002e-06,0.085000000000000006,0.072250000000000009,0,1.0000000000000001e-09,True,8f8f512271827e3827d733a267a72693a394b070240919184172584e1ca19269
solver_stress_01005,rail_jaw_mix,100,40,4,reversed,1,3,4.9999999999999998e-08,5.0000000000000004e-06,0.085000000000000006,0.072250000000000009,0,2.0000000000000001e-09,True,642749dc020f516b34c1ec7f7f81467e111fc6316214a1685a27aaad8884e480
solver_stress_01006,rail_jaw_mix,100,40,4,reversed,2,3,7.4999999999999997e-08,7.500000000000001e-06,0.085000000000000006,0.072250000000000009,0,3.0000000000000004e-09,True,5d6c7b2dcb3cb3d880f89b81831b6af5809fdc635a9198b75faa75ffec17a3ab
solver_stress_01007,rail_jaw_mix,100,40,4,reversed,3,3,9.9999999999999995e-08,1.0000000000000001e-05,0.085000000000000006,0.072250000000000009,0,4.0000000000000002e-09,True,16df8c0144a7b0a05a114b9475915189276ab5c620d466fd01720a08b1ba00ff
solver_stress_01008,rail_jaw_mix,500,-40,1,canonical,0,3,9.9999999999999995e-08,1.0000000000000001e-05,2.125,1.8062499999999999,0,1.0000000000000001e-09,True,771cd0b1538c19bc0596ce87b1b1e69440cd24d5b4920f056976841b8dc668f6
solver_stress_01009,rail_jaw_mix,500,-40,1,canonical,1,3,1.9999999999999999e-07,2.0000000000000002e-05,2.125,1.8062499999999999,0,2.0000000000000001e-09,True,0d46e61e0a48aecec8e6c5c8fe4d0562b624a4bbf3b28395acb24c29be348d7f
solver_stress_01010,rail_jaw_mix,500,-40,1,canonical,2,3,2.9999999999999999e-07,3.0000000000000004e-05,2.125,1.8062499999999999,0,3.0000000000000004e-09,True,eb5ffa8228a56e6b5bdaabf2f543ef64c95e43812656a04fa31e0e422d973a13
solver_stress_01011,rail_jaw_mix,500,-40,1,canonical,3,3,3.9999999999999998e-07,4.0000000000000003e-05,2.125,1.8062499999999999,0,4.0000000000000002e-09,True,719617a18dec67e4e0af379b69909b20635e667a2d542b2d7f87c88bb1abe0ed
solver_stress_01012,rail_jaw_mix,500,-40,1,reversed,0,3,9.9999999999999995e-08,1.0000000000000001e-05,2.125,1.8062499999999999,0,1.0000000000000001e-09,True,771cd0b1538c19bc0596ce87b1b1e69440cd24d5b4920f056976841b8dc668f6
solver_stress_01013,rail_jaw_mix,500,-40,1,reversed,1,3,1.9999999999999999e-07,2.0000000000000002e-05,2.125,1.8062499999999999,0,2.0000000000000001e-09,True,0d46e61e0a48aecec8e6c5c8fe4d0562b624a4bbf3b28395acb24c29be348d7f
solver_stress_01014,rail_jaw_mix,500,-40,1,reversed,2,3,2.9999999999999999e-07,3.0000000000000004e-05,2.125,1.8062499999999999,0,3.0000000000000004e-09,True,eb5ffa8228a56e6b5bdaabf2f543ef64c95e43812656a04fa31e0e422d973a13
solver_stress_01015,rail_jaw_mix,500,-40,1,reversed,3,3,3.9999999999999998e-07,4.0000000000000003e-05,2.125,1.8062499999999999,0,4.0000000000000002e-09,True,719617a18dec67e4e0af379b69909b20635e667a2d542b2d7f87c88bb1abe0ed
solver_stress_01016,rail_jaw_mix,500,-40,2,canonical,0,3,4.9999999999999998e-08,5.0000000000000004e-06,2.125,1.8062499999999999,0,1.0000000000000001e-09,True,cdeca9353ae0b39e413132015aa8980e313dc21c0cffe06faf952879a161b522
solver_stress_01017,rail_jaw_mix,500,-40,2,canonical,1,3,9.9999999999999995e-08,1.0000000000000001e-05,2.125,1.8062499999999999,0,2.0000000000000001e-09,True,e3d6cc2dba27f33e8e9bc1d8151923e92adcfedf0061369b995cbeb1a6cfa36c
solver_stress_01018,rail_jaw_mix,500,-40,2,canonical,2,3,1.4999999999999999e-07,1.5000000000000002e-05,2.125,1.8062499999999999,0,3.0000000000000004e-09,True,5cb523116eb1dcb29969ee05cc410e173737e6966da62b675b9deaedd21b06e9
solver_stress_01019,rail_jaw_mix,500,-40,2,canonical,3,3,1.9999999999999999e-07,2.0000000000000002e-05,2.125,1.8062499999999999,0,4.0000000000000002e-09,True,bfc801e6f399a99dbfd62f1bdc29dc5be6b162924c9773b4adc570eec7e2f3db
solver_stress_01020,rail_jaw_mix,500,-40,2,reversed,0,3,4.9999999999999998e-08,5.0000000000000004e-06,2.125,1.8062499999999999,0,1.0000000000000001e-09,True,cdeca9353ae0b39e413132015aa8980e313dc21c0cffe06faf952879a161b522
solver_stress_01021,rail_jaw_mix,500,-40,2,reversed,1,3,9.9999999999999995e-08,1.0000000000000001e-05,2.125,1.8062499999999999,0,2.0000000000000001e-09,True,e3d6cc2dba27f33e8e9bc1d8151923e92adcfedf0061369b995cbeb1a6cfa36c
solver_stress_01022,rail_jaw_mix,500,-40,2,reversed,2,3,1.4999999999999999e-07,1.5000000000000002e-05,2.125,1.8062499999999999,0,3.0000000000000004e-09,True,5cb523116eb1dcb29969ee05cc410e173737e6966da62b675b9deaedd21b06e9
solver_stress_01023,rail_jaw_mix,500,-40,2,reversed,3,3,1.9999999999999999e-07,2.0000000000000002e-05,2.125,1.8062499999999999,0,4.0000000000000002e-09,True,bfc801e6f399a99dbfd62f1bdc29dc5be6b162924c9773b4adc570eec7e2f3db
solver_stress_01024,rail_jaw_mix,500,-40,4,canonical,0,3,2.4999999999999999e-08,2.5000000000000002e-06,2.125,1.8062499999999999,0,1.0000000000000001e-09,True,c54ec5f66f6d71c0de0eed4e6ff33533f323ae0094fb5e7aa39b67faaf7afbc1
solver_stress_01025,rail_jaw_mix,500,-40,4,canonical,1,3,4.9999999999999998e-08,5.0000000000000004e-06,2.125,1.8062499999999999,0,2.0000000000000001e-09,True,9402305e9f278ec1d80a52f8a55b5d37f10c84e977dab7882b3e12743956f461
solver_stress_01026,rail_jaw_mix,500,-40,4,canonical,2,3,7.4999999999999997e-08,7.500000000000001e-06,2.125,1.8062499999999999,0,3.0000000000000004e-09,True,4742423620a4ed8fa506d6ddc5b4ee904c83a70e5df6a01e0ae643dea2da92fd
solver_stress_01027,rail_jaw_mix,500,-40,4,canonical,3,3,9.9999999999999995e-08,1.0000000000000001e-05,2.125,1.8062499999999999,0,4.0000000000000002e-09,True,16e7e544b9b671fcac6371952ce8aa643e6051d80e3541efc9cb4565ea97127a
solver_stress_01028,rail_jaw_mix,500,-40,4,reversed,0,3,2.4999999999999999e-08,2.5000000000000002e-06,2.125,1.8062499999999999,0,1.0000000000000001e-09,True,c54ec5f66f6d71c0de0eed4e6ff33533f323ae0094fb5e7aa39b67faaf7afbc1
solver_stress_01029,rail_jaw_mix,500,-40,4,reversed,1,3,4.9999999999999998e-08,5.0000000000000004e-06,2.125,1.8062499999999999,0,2.0000000000000001e-09,True,9402305e9f278ec1d80a52f8a55b5d37f10c84e977dab7882b3e12743956f461
solver_stress_01030,rail_jaw_mix,500,-40,4,reversed,2,3,7.4999999999999997e-08,7.500000000000001e-06,2.125,1.8062499999999999,0,3.0000000000000004e-09,True,4742423620a4ed8fa506d6ddc5b4ee904c83a70e5df6a01e0ae643dea2da92fd
solver_stress_01031,rail_jaw_mix,500,-40,4,reversed,3,3,9.9999999999999995e-08,1.0000000000000001e-05,2.125,1.8062499999999999,0,4.0000000000000002e-09,True,16e7e544b9b671fcac6371952ce8aa643e6051d80e3541efc9cb4565ea97127a
solver_stress_01032,rail_jaw_mix,500,0,1,canonical,0,3,9.9999999999999995e-08,1.0000000000000001e-05,2.125,1.8062499999999999,0,1.0000000000000001e-09,True,e80a367f68c326af88ba1ed3d4b979ede1456f89e27b58f818b9e3a6b769f112
solver_stress_01033,rail_jaw_mix,500,0,1,canonical,1,3,1.9999999999999999e-07,2.0000000000000002e-05,2.125,1.8062499999999999,0,2.0000000000000001e-09,True,5900e7021d927385abe823d64386deee1e960b2d16c7f2c331b901c830c17881
solver_stress_01034,rail_jaw_mix,500,0,1,canonical,2,3,2.9999999999999999e-07,3.0000000000000004e-05,2.125,1.8062499999999999,0,3.0000000000000004e-09,True,e3d7b32e0b1e7b2937dba969335acb4ff2ff9ba9653b736071343da0176e6ac9
solver_stress_01035,rail_jaw_mix,500,0,1,canonical,3,3,3.9999999999999998e-07,4.0000000000000003e-05,2.125,1.8062499999999999,0,4.0000000000000002e-09,True,4ad04fa1ea80ce719bbec5e47b259b87cde50ce0f0c80e4d283a8e76201a0801
solver_stress_01036,rail_jaw_mix,500,0,1,reversed,0,3,9.9999999999999995e-08,1.0000000000000001e-05,2.125,1.8062499999999999,0,1.0000000000000001e-09,True,e80a367f68c326af88ba1ed3d4b979ede1456f89e27b58f818b9e3a6b769f112
solver_stress_01037,rail_jaw_mix,500,0,1,reversed,1,3,1.9999999999999999e-07,2.0000000000000002e-05,2.125,1.8062499999999999,0,2.0000000000000001e-09,True,5900e7021d927385abe823d64386deee1e960b2d16c7f2c331b901c830c17881
solver_stress_01038,rail_jaw_mix,500,0,1,reversed,2,3,2.9999999999999999e-07,3.0000000000000004e-05,2.125,1.8062499999999999,0,3.0000000000000004e-09,True,e3d7b32e0b1e7b2937dba969335acb4ff2ff9ba9653b736071343da0176e6ac9
solver_stress_01039,rail_jaw_mix,500,0,1,reversed,3,3,3.9999999999999998e-07,4.0000000000000003e-05,2.125,1.8062499999999999,0,4.0000000000000002e-09,True,4ad04fa1ea80ce719bbec5e47b259b87cde50ce0f0c80e4d283a8e76201a0801
solver_stress_01040,rail_jaw_mix,500,0,2,canonical,0,3,4.9999999999999998e-08,5.0000000000000004e-06,2.125,1.8062499999999999,0,1.0000000000000001e-09,True,857ff6b362475fb540ea01f321380612e35ac717f5fc80900b34d671a807cf1f
solver_stress_01041,rail_jaw_mix,500,0,2,canonical,1,3,9.9999999999999995e-08,1.0000000000000001e-05,2.125,1.8062499999999999,0,2.0000000000000001e-09,True,cc062db27db6e902010a6d3f480ad045626846a908b5b3c68d2f6ba948133ae8
solver_stress_01042,rail_jaw_mix,500,0,2,canonical,2,3,1.4999999999999999e-07,1.5000000000000002e-05,2.125,1.8062499999999999,0,3.0000000000000004e-09,True,eba45ed615fa025353bf857ef36d25ed67d13bfd319cac31746605d127985f52
solver_stress_01043,rail_jaw_mix,500,0,2,canonical,3,3,1.9999999999999999e-07,2.0000000000000002e-05,2.125,1.8062499999999999,0,4.0000000000000002e-09,True,5fac17adea219782e66310e40a632ebbaed469c001fcd10abb935700083ccf75
solver_stress_01044,rail_jaw_mix,500,0,2,reversed,0,3,4.9999999999999998e-08,5.0000000000000004e-06,2.125,1.8062499999999999,0,1.0000000000000001e-09,True,857ff6b362475fb540ea01f321380612e35ac717f5fc80900b34d671a807cf1f
solver_stress_01045,rail_jaw_mix,500,0,2,reversed,1,3,9.9999999999999995e-08,1.0000000000000001e-05,2.125,1.8062499999999999,0,2.0000000000000001e-09,True,cc062db27db6e902010a6d3f480ad045626846a908b5b3c68d2f6ba948133ae8
solver_stress_01046,rail_jaw_mix,500,0,2,reversed,2,3,1.4999999999999999e-07,1.5000000000000002e-05,2.125,1.8062499999999999,0,3.0000000000000004e-09,True,eba45ed615fa025353bf857ef36d25ed67d13bfd319cac31746605d127985f52
solver_stress_01047,rail_jaw_mix,500,0,2,reversed,3,3,1.9999999999999999e-07,2.0000000000000002e-05,2.125,1.8062499999999999,0,4.0000000000000002e-09,True,5fac17adea219782e66310e40a632ebbaed469c001fcd10abb935700083ccf75
solver_stress_01048,rail_jaw_mix,500,0,4,canonical,0,3,2.4999999999999999e-08,2.5000000000000002e-06,2.125,1.8062499999999999,0,1.0000000000000001e-09,True,141a31daec98bab812f816c7f4cb325254247b00f7fde4c45a66e91fbc37d567
solver_stress_01049,rail_jaw_mix,500,0,4,canonical,1,3,4.9999999999999998e-08,5.0000000000000004e-06,2.125,1.8062499999999999,0,2.0000000000000001e-09,True,95fa98886e2168b82609196441899c559c83354c64e391d477d91e27a96b4fd7
solver_stress_01050,rail_jaw_mix,500,0,4,canonical,2,3,7.4999999999999997e-08,7.500000000000001e-06,2.125,1.8062499999999999,0,3.0000000000000004e-09,True,deca3086440f86dc9aeaff2e652aebb87e08b8a7a48352ef1b41421efb4000f5
solver_stress_01051,rail_jaw_mix,500,0,4,canonical,3,3,9.9999999999999995e-08,1.0000000000000001e-05,2.125,1.8062499999999999,0,4.0000000000000002e-09,True,ce47cb9396d8a3ac7fd6456b4d6f0c46bb76de8a9041aca2fddc457a65c280ba
solver_stress_01052,rail_jaw_mix,500,0,4,reversed,0,3,2.4999999999999999e-08,2.5000000000000002e-06,2.125,1.8062499999999999,0,1.0000000000000001e-09,True,141a31daec98bab812f816c7f4cb325254247b00f7fde4c45a66e91fbc37d567
solver_stress_01053,rail_jaw_mix,500,0,4,reversed,1,3,4.9999999999999998e-08,5.0000000000000004e-06,2.125,1.8062499999999999,0,2.0000000000000001e-09,True,95fa98886e2168b82609196441899c559c83354c64e391d477d91e27a96b4fd7
solver_stress_01054,rail_jaw_mix,500,0,4,reversed,2,3,7.4999999999999997e-08,7.500000000000001e-06,2.125,1.8062499999999999,0,3.0000000000000004e-09,True,deca3086440f86dc9aeaff2e652aebb87e08b8a7a48352ef1b41421efb4000f5
solver_stress_01055,rail_jaw_mix,500,0,4,reversed,3,3,9.9999999999999995e-08,1.0000000000000001e-05,2.125,1.8062499999999999,0,4.0000000000000002e-09,True,ce47cb9396d8a3ac7fd6456b4d6f0c46bb76de8a9041aca2fddc457a65c280ba
solver_stress_01056,rail_jaw_mix,500,40,1,canonical,0,3,9.9999999999999995e-08,1.0000000000000001e-05,2.125,1.8062499999999999,0,1.0000000000000001e-09,True,e02cc5afcde741f93fb571573c5199309f4bf3608e02cfea611b6b2be66e09de
solver_stress_01057,rail_jaw_mix,500,40,1,canonical,1,3,1.9999999999999999e-07,2.0000000000000002e-05,2.125,1.8062499999999999,0,2.0000000000000001e-09,True,0a38af8d7ffba3e108513beb7f8d03eedda29caabaa20b58325f54ed38e7bf47
solver_stress_01058,rail_jaw_mix,500,40,1,canonical,2,3,2.9999999999999999e-07,3.0000000000000004e-05,2.125,1.8062499999999999,0,3.0000000000000004e-09,True,52d93439df067946b785b14a924abd70671bc9b74e5b60fe4b754f56cc312925
solver_stress_01059,rail_jaw_mix,500,40,1,canonical,3,3,3.9999999999999998e-07,4.0000000000000003e-05,2.125,1.8062499999999999,0,4.0000000000000002e-09,True,b8ecb5cd0dd5a5cb7f7a02f374837c3266f2bbfe828de6b77e6342075e23e4b5
solver_stress_01060,rail_jaw_mix,500,40,1,reversed,0,3,9.9999999999999995e-08,1.0000000000000001e-05,2.125,1.8062499999999999,0,1.0000000000000001e-09,True,e02cc5afcde741f93fb571573c5199309f4bf3608e02cfea611b6b2be66e09de
solver_stress_01061,rail_jaw_mix,500,40,1,reversed,1,3,1.9999999999999999e-07,2.0000000000000002e-05,2.125,1.8062499999999999,0,2.0000000000000001e-09,True,0a38af8d7ffba3e108513beb7f8d03eedda29caabaa20b58325f54ed38e7bf47
solver_stress_01062,rail_jaw_mix,500,40,1,reversed,2,3,2.9999999999999999e-07,3.0000000000000004e-05,2.125,1.8062499999999999,0,3.0000000000000004e-09,True,52d93439df067946b785b14a924abd70671bc9b74e5b60fe4b754f56cc312925
solver_stress_01063,rail_jaw_mix,500,40,1,reversed,3,3,3.9999999999999998e-07,4.0000000000000003e-05,2.125,1.8062499999999999,0,4.0000000000000002e-09,True,b8ecb5cd0dd5a5cb7f7a02f374837c3266f2bbfe828de6b77e6342075e23e4b5
solver_stress_01064,rail_jaw_mix,500,40,2,canonical,0,3,4.9999999999999998e-08,5.0000000000000004e-06,2.125,1.8062499999999999,0,1.0000000000000001e-09,True,b81ac7d53f0bbb3db9b2bd441dce28cd6443c49671cd02c21e69aadac97fca06
solver_stress_01065,rail_jaw_mix,500,40,2,canonical,1,3,9.9999999999999995e-08,1.0000000000000001e-05,2.125,1.8062499999999999,0,2.0000000000000001e-09,True,ca9f3c40f0e2ecefdc8f0986fc4f3d98d6f09eb85fbb589905935106f092b0f9
solver_stress_01066,rail_jaw_mix,500,40,2,canonical,2,3,1.4999999999999999e-07,1.5000000000000002e-05,2.125,1.8062499999999999,0,3.0000000000000004e-09,True,ebad7284b87e354d2906cb80c85c6c4397362b9edf70e9ac59929e4570a037ac
solver_stress_01067,rail_jaw_mix,500,40,2,canonical,3,3,1.9999999999999999e-07,2.0000000000000002e-05,2.125,1.8062499999999999,0,4.0000000000000002e-09,True,1c15b001ab6ed248113c61c79e071e0044a633cd67a63c4d4517679e281c403f
solver_stress_01068,rail_jaw_mix,500,40,2,reversed,0,3,4.9999999999999998e-08,5.0000000000000004e-06,2.125,1.8062499999999999,0,1.0000000000000001e-09,True,b81ac7d53f0bbb3db9b2bd441dce28cd6443c49671cd02c21e69aadac97fca06
solver_stress_01069,rail_jaw_mix,500,40,2,reversed,1,3,9.9999999999999995e-08,1.0000000000000001e-05,2.125,1.8062499999999999,0,2.0000000000000001e-09,True,ca9f3c40f0e2ecefdc8f0986fc4f3d98d6f09eb85fbb589905935106f092b0f9
solver_stress_01070,rail_jaw_mix,500,40,2,reversed,2,3,1.4999999999999999e-07,1.5000000000000002e-05,2.125,1.8062499999999999,0,3.0000000000000004e-09,True,ebad7284b87e354d2906cb80c85c6c4397362b9edf70e9ac59929e4570a037ac
solver_stress_01071,rail_jaw_mix,500,40,2,reversed,3,3,1.9999999999999999e-07,2.0000000000000002e-05,2.125,1.8062499999999999,0,4.0000000000000002e-09,True,1c15b001ab6ed248113c61c79e071e0044a633cd67a63c4d4517679e281c403f
solver_stress_01072,rail_jaw_mix,500,40,4,canonical,0,3,2.4999999999999999e-08,2.5000000000000002e-06,2.125,1.8062499999999999,0,1.0000000000000001e-09,True,d0aedd99c154bcb45f4511a28c75f2e65261bd9f59862abbf271ef2e8230f391
solver_stress_01073,rail_jaw_mix,500,40,4,canonical,1,3,4.9999999999999998e-08,5.0000000000000004e-06,2.125,1.8062499999999999,0,2.0000000000000001e-09,True,cd2a08e4b5c4fdf0b280890cf85aaa52cb1bf912a3e3bd42fedf4781f0f6078d
solver_stress_01074,rail_jaw_mix,500,40,4,canonical,2,3,7.4999999999999997e-08,7.500000000000001e-06,2.125,1.8062499999999999,0,3.0000000000000004e-09,True,7b24a1357f40b324ba9167221d1e38eae9f5d9dfb44cf73ec781dace5bf64dcc
solver_stress_01075,rail_jaw_mix,500,40,4,canonical,3,3,9.9999999999999995e-08,1.0000000000000001e-05,2.125,1.8062499999999999,0,4.0000000000000002e-09,True,f32565adfd737577d224052ea430604754ea2b074ff18cd47450efc4e49399fb
solver_stress_01076,rail_jaw_mix,500,40,4,reversed,0,3,2.4999999999999999e-08,2.5000000000000002e-06,2.125,1.8062499999999999,0,1.0000000000000001e-09,True,d0aedd99c154bcb45f4511a28c75f2e65261bd9f59862abbf271ef2e8230f391
solver_stress_01077,rail_jaw_mix,500,40,4,reversed,1,3,4.9999999999999998e-08,5.0000000000000004e-06,2.125,1.8062499999999999,0,2.0000000000000001e-09,True,cd2a08e4b5c4fdf0b280890cf85aaa52cb1bf912a3e3bd42fedf4781f0f6078d
solver_stress_01078,rail_jaw_mix,500,40,4,reversed,2,3,7.4999999999999997e-08,7.500000000000001e-06,2.125,1.8062499999999999,0,3.0000000000000004e-09,True,7b24a1357f40b324ba9167221d1e38eae9f5d9dfb44cf73ec781dace5bf64dcc
solver_stress_01079,rail_jaw_mix,500,40,4,reversed,3,3,9.9999999999999995e-08,1.0000000000000001e-05,2.125,1.8062499999999999,0,4.0000000000000002e-09,True,f32565adfd737577d224052ea430604754ea2b074ff18cd47450efc4e49399fb
solver_stress_01080,rail_jaw_mix,1000,-40,1,canonical,0,3,9.9999999999999995e-08,1.0000000000000001e-05,8.5,7.2249999999999996,0,1.0000000000000001e-09,True,262abd024cf68a89a851187f000748af35a7992dc3d4edb6dc275dcb938692f8
solver_stress_01081,rail_jaw_mix,1000,-40,1,canonical,1,3,1.9999999999999999e-07,2.0000000000000002e-05,8.5,7.2249999999999996,0,2.0000000000000001e-09,True,b38b05f100bf5b90e3b56f7d5e3eaa4086293571196d29c58b22043c1368c95a
solver_stress_01082,rail_jaw_mix,1000,-40,1,canonical,2,3,2.9999999999999999e-07,3.0000000000000004e-05,8.5,7.2249999999999996,0,3.0000000000000004e-09,True,4e4b4e96b8d5b305e68dcb5cf06cc242f2fd509a759008a111869c08e789c350
solver_stress_01083,rail_jaw_mix,1000,-40,1,canonical,3,3,3.9999999999999998e-07,4.0000000000000003e-05,8.5,7.2249999999999996,0,4.0000000000000002e-09,True,5187a50488aeaad191768b48684157f908d334eb7575af9c86346e0ea92bf78d
solver_stress_01084,rail_jaw_mix,1000,-40,1,reversed,0,3,9.9999999999999995e-08,1.0000000000000001e-05,8.5,7.2249999999999996,0,1.0000000000000001e-09,True,262abd024cf68a89a851187f000748af35a7992dc3d4edb6dc275dcb938692f8
solver_stress_01085,rail_jaw_mix,1000,-40,1,reversed,1,3,1.9999999999999999e-07,2.0000000000000002e-05,8.5,7.2249999999999996,0,2.0000000000000001e-09,True,b38b05f100bf5b90e3b56f7d5e3eaa4086293571196d29c58b22043c1368c95a
solver_stress_01086,rail_jaw_mix,1000,-40,1,reversed,2,3,2.9999999999999999e-07,3.0000000000000004e-05,8.5,7.2249999999999996,0,3.0000000000000004e-09,True,4e4b4e96b8d5b305e68dcb5cf06cc242f2fd509a759008a111869c08e789c350
solver_stress_01087,rail_jaw_mix,1000,-40,1,reversed,3,3,3.9999999999999998e-07,4.0000000000000003e-05,8.5,7.2249999999999996,0,4.0000000000000002e-09,True,5187a50488aeaad191768b48684157f908d334eb7575af9c86346e0ea92bf78d
solver_stress_01088,rail_jaw_mix,1000,-40,2,canonical,0,3,4.9999999999999998e-08,5.0000000000000004e-06,8.5,7.2249999999999996,0,1.0000000000000001e-09,True,6ac0aaf6234e9d601e6481c4ccb4cc26e6d2f934eeb0be602c99e409351b250e
solver_stress_01089,rail_jaw_mix,1000,-40,2,canonical,1,3,9.9999999999999995e-08,1.0000000000000001e-05,8.5,7.2249999999999996,0,2.0000000000000001e-09,True,50bd48afe6d8d83026e1038e2e0fd67a93ec7a1200c44c8dcc08f894f8b93074
solver_stress_01090,rail_jaw_mix,1000,-40,2,canonical,2,3,1.4999999999999999e-07,1.5000000000000002e-05,8.5,7.2249999999999996,0,3.0000000000000004e-09,True,9f586e0a8b9a34d9368666582c028c43db3cdd2fb6dcb2cced3354623a3cc9e2
solver_stress_01091,rail_jaw_mix,1000,-40,2,canonical,3,3,1.9999999999999999e-07,2.0000000000000002e-05,8.5,7.2249999999999996,0,4.0000000000000002e-09,True,99df985cd7d169e751192fbf0a24e5d1387e1865ff5dd1806a1295148635ad84
solver_stress_01092,rail_jaw_mix,1000,-40,2,reversed,0,3,4.9999999999999998e-08,5.0000000000000004e-06,8.5,7.2249999999999996,0,1.0000000000000001e-09,True,6ac0aaf6234e9d601e6481c4ccb4cc26e6d2f934eeb0be602c99e409351b250e
solver_stress_01093,rail_jaw_mix,1000,-40,2,reversed,1,3,9.9999999999999995e-08,1.0000000000000001e-05,8.5,7.2249999999999996,0,2.0000000000000001e-09,True,50bd48afe6d8d83026e1038e2e0fd67a93ec7a1200c44c8dcc08f894f8b93074
solver_stress_01094,rail_jaw_mix,1000,-40,2,reversed,2,3,1.4999999999999999e-07,1.5000000000000002e-05,8.5,7.2249999999999996,0,3.0000000000000004e-09,True,9f586e0a8b9a34d9368666582c028c43db3cdd2fb6dcb2cced3354623a3cc9e2
solver_stress_01095,rail_jaw_mix,1000,-40,2,reversed,3,3,1.9999999999999999e-07,2.0000000000000002e-05,8.5,7.2249999999999996,0,4.0000000000000002e-09,True,99df985cd7d169e751192fbf0a24e5d1387e1865ff5dd1806a1295148635ad84
solver_stress_01096,rail_jaw_mix,1000,-40,4,canonical,0,3,2.4999999999999999e-08,2.5000000000000002e-06,8.5,7.2249999999999996,0,1.0000000000000001e-09,True,80446efb2a8d3dc2efc00743a121494bb5732ae032af8a64461de60a907f9f2f
solver_stress_01097,rail_jaw_mix,1000,-40,4,canonical,1,3,4.9999999999999998e-08,5.0000000000000004e-06,8.5,7.2249999999999996,0,2.0000000000000001e-09,True,175e8bb8ca1b753b66ee387678f698b194940999065850d3906eed90e8e30827
solver_stress_01098,rail_jaw_mix,1000,-40,4,canonical,2,3,7.4999999999999997e-08,7.500000000000001e-06,8.5,7.2249999999999996,0,3.0000000000000004e-09,True,969c1197f78be590b43465b9459881a48c34667e2047e4259cc27c8b711a4ce3
solver_stress_01099,rail_jaw_mix,1000,-40,4,canonical,3,3,9.9999999999999995e-08,1.0000000000000001e-05,8.5,7.2249999999999996,0,4.0000000000000002e-09,True,4fd50bc3c5001ddfce469f1d1dd8db7e4e18ec31d90401add32bfc0025711dd1
solver_stress_01100,rail_jaw_mix,1000,-40,4,reversed,0,3,2.4999999999999999e-08,2.5000000000000002e-06,8.5,7.2249999999999996,0,1.0000000000000001e-09,True,80446efb2a8d3dc2efc00743a121494bb5732ae032af8a64461de60a907f9f2f
solver_stress_01101,rail_jaw_mix,1000,-40,4,reversed,1,3,4.9999999999999998e-08,5.0000000000000004e-06,8.5,7.2249999999999996,0,2.0000000000000001e-09,True,175e8bb8ca1b753b66ee387678f698b194940999065850d3906eed90e8e30827
solver_stress_01102,rail_jaw_mix,1000,-40,4,reversed,2,3,7.4999999999999997e-08,7.500000000000001e-06,8.5,7.2249999999999996,0,3.0000000000000004e-09,True,969c1197f78be590b43465b9459881a48c34667e2047e4259cc27c8b711a4ce3
solver_stress_01103,rail_jaw_mix,1000,-40,4,reversed,3,3,9.9999999999999995e-08,1.0000000000000001e-05,8.5,7.2249999999999996,0,4.0000000000000002e-09,True,4fd50bc3c5001ddfce469f1d1dd8db7e4e18ec31d90401add32bfc0025711dd1
solver_stress_01104,rail_jaw_mix,1000,0,1,canonical,0,3,9.9999999999999995e-08,1.0000000000000001e-05,8.5,7.2249999999999996,0,1.0000000000000001e-09,True,6706bf54359f9a82532569eb4e07c97af9dd72aa4d1b08097a1fd42d108e3bf5
solver_stress_01105,rail_jaw_mix,1000,0,1,canonical,1,3,1.9999999999999999e-07,2.0000000000000002e-05,8.5,7.2249999999999996,0,2.0000000000000001e-09,True,c8b84c65c217c3e1917d5fc66d2e3af0fe06256cb94d2670ab844a2d9f8f761d
solver_stress_01106,rail_jaw_mix,1000,0,1,canonical,2,3,2.9999999999999999e-07,3.0000000000000004e-05,8.5,7.2249999999999996,0,3.0000000000000004e-09,True,59a6953cf9280887916f4ad3c76a1338a26ffed75fe997637715b85ba18bd520
solver_stress_01107,rail_jaw_mix,1000,0,1,canonical,3,3,3.9999999999999998e-07,4.0000000000000003e-05,8.5,7.2249999999999996,0,4.0000000000000002e-09,True,3bf87b504396b667407ce85f245bfd280f619915f9a2964869f5fcb9359c8b82
solver_stress_01108,rail_jaw_mix,1000,0,1,reversed,0,3,9.9999999999999995e-08,1.0000000000000001e-05,8.5,7.2249999999999996,0,1.0000000000000001e-09,True,6706bf54359f9a82532569eb4e07c97af9dd72aa4d1b08097a1fd42d108e3bf5
solver_stress_01109,rail_jaw_mix,1000,0,1,reversed,1,3,1.9999999999999999e-07,2.0000000000000002e-05,8.5,7.2249999999999996,0,2.0000000000000001e-09,True,c8b84c65c217c3e1917d5fc66d2e3af0fe06256cb94d2670ab844a2d9f8f761d
solver_stress_01110,rail_jaw_mix,1000,0,1,reversed,2,3,2.9999999999999999e-07,3.0000000000000004e-05,8.5,7.2249999999999996,0,3.0000000000000004e-09,True,59a6953cf9280887916f4ad3c76a1338a26ffed75fe997637715b85ba18bd520
solver_stress_01111,rail_jaw_mix,1000,0,1,reversed,3,3,3.9999999999999998e-07,4.0000000000000003e-05,8.5,7.2249999999999996,0,4.0000000000000002e-09,True,3bf87b504396b667407ce85f245bfd280f619915f9a2964869f5fcb9359c8b82
solver_stress_01112,rail_jaw_mix,1000,0,2,canonical,0,3,4.9999999999999998e-08,5.0000000000000004e-06,8.5,7.2249999999999996,0,1.0000000000000001e-09,True,52b978c030c27c4cc81706251b2fd53f0bffe867de215c2d7854a13ded4630bc
solver_stress_01113,rail_jaw_mix,1000,0,2,canonical,1,3,9.9999999999999995e-08,1.0000000000000001e-05,8.5,7.2249999999999996,0,2.0000000000000001e-09,True,8b4b7cb98af43b6babf5542116b0d3f26cc5b8bed12747a8167c707f455312bc
solver_stress_01114,rail_jaw_mix,1000,0,2,canonical,2,3,1.4999999999999999e-07,1.5000000000000002e-05,8.5,7.2249999999999996,0,3.0000000000000004e-09,True,f07bd34ca9892d75d47cf5a6461ef00c0523e30bf16d7cb088a650fa7457de23
solver_stress_01115,rail_jaw_mix,1000,0,2,canonical,3,3,1.9999999999999999e-07,2.0000000000000002e-05,8.5,7.2249999999999996,0,4.0000000000000002e-09,True,c8ef9ff6f483a6523d60f7e8e81c74d4907abc5d4013051a28359ed8dd4e2638
solver_stress_01116,rail_jaw_mix,1000,0,2,reversed,0,3,4.9999999999999998e-08,5.0000000000000004e-06,8.5,7.2249999999999996,0,1.0000000000000001e-09,True,52b978c030c27c4cc81706251b2fd53f0bffe867de215c2d7854a13ded4630bc
solver_stress_01117,rail_jaw_mix,1000,0,2,reversed,1,3,9.9999999999999995e-08,1.0000000000000001e-05,8.5,7.2249999999999996,0,2.0000000000000001e-09,True,8b4b7cb98af43b6babf5542116b0d3f26cc5b8bed12747a8167c707f455312bc
solver_stress_01118,rail_jaw_mix,1000,0,2,reversed,2,3,1.4999999999999999e-07,1.5000000000000002e-05,8.5,7.2249999999999996,0,3.0000000000000004e-09,True,f07bd34ca9892d75d47cf5a6461ef00c0523e30bf16d7cb088a650fa7457de23
solver_stress_01119,rail_jaw_mix,1000,0,2,reversed,3,3,1.9999999999999999e-07,2.0000000000000002e-05,8.5,7.2249999999999996,0,4.0000000000000002e-09,True,c8ef9ff6f483a6523d60f7e8e81c74d4907abc5d4013051a28359ed8dd4e2638
solver_stress_01120,rail_jaw_mix,1000,0,4,canonical,0,3,2.4999999999999999e-08,2.5000000000000002e-06,8.5,7.2249999999999996,0,1.0000000000000001e-09,True,edcefe5bf084848cec023c59d1bb89e954b1602aa96f25e06e826039f10d7796
solver_stress_01121,rail_jaw_mix,1000,0,4,canonical,1,3,4.9999999999999998e-08,5.0000000000000004e-06,8.5,7.2249999999999996,0,2.0000000000000001e-09,True,bcaf056b015a147cb652db0dd17ae86afa7d620720f23ff16a6d39b8931b2d3c
solver_stress_01122,rail_jaw_mix,1000,0,4,canonical,2,3,7.4999999999999997e-08,7.500000000000001e-06,8.5,7.2249999999999996,0,3.0000000000000004e-09,True,aef1a1feee69326596d8a27c6b811de347ef253ea5b98b89b86737f27ffc184f
solver_stress_01123,rail_jaw_mix,1000,0,4,canonical,3,3,9.9999999999999995e-08,1.0000000000000001e-05,8.5,7.2249999999999996,0,4.0000000000000002e-09,True,25e72d4a4a6085494d2a20bcb4e341c9116ae640ce42680031c0dfc25848786d
solver_stress_01124,rail_jaw_mix,1000,0,4,reversed,0,3,2.4999999999999999e-08,2.5000000000000002e-06,8.5,7.2249999999999996,0,1.0000000000000001e-09,True,edcefe5bf084848cec023c59d1bb89e954b1602aa96f25e06e826039f10d7796
solver_stress_01125,rail_jaw_mix,1000,0,4,reversed,1,3,4.9999999999999998e-08,5.0000000000000004e-06,8.5,7.2249999999999996,0,2.0000000000000001e-09,True,bcaf056b015a147cb652db0dd17ae86afa7d620720f23ff16a6d39b8931b2d3c
solver_stress_01126,rail_jaw_mix,1000,0,4,reversed,2,3,7.4999999999999997e-08,7.500000000000001e-06,8.5,7.2249999999999996,0,3.0000000000000004e-09,True,aef1a1feee69326596d8a27c6b811de347ef253ea5b98b89b86737f27ffc184f
solver_stress_01127,rail_jaw_mix,1000,0,4,reversed,3,3,9.9999999999999995e-08,1.0000000000000001e-05,8.5,7.2249999999999996,0,4.0000000000000002e-09,True,25e72d4a4a6085494d2a20bcb4e341c9116ae640ce42680031c0dfc25848786d
solver_stress_01128,rail_jaw_mix,1000,40,1,canonical,0,3,9.9999999999999995e-08,1.0000000000000001e-05,8.5,7.2249999999999996,0,1.0000000000000001e-09,True,4a4d9a93e3cdec40c85cd48390dee78b62ac574b2c17e28570c5b6cab8640e17
solver_stress_01129,rail_jaw_mix,1000,40,1,canonical,1,3,1.9999999999999999e-07,2.0000000000000002e-05,8.5,7.2249999999999996,0,2.0000000000000001e-09,True,056281eef6376f456a3fe60e51cafef31f546241f6d00b5824d163730b9d6d27
solver_stress_01130,rail_jaw_mix,1000,40,1,canonical,2,3,2.9999999999999999e-07,3.0000000000000004e-05,8.5,7.2249999999999996,0,3.0000000000000004e-09,True,13f2d2095cd2d7219a7e2f5b5457a0e252d4aa9f1d3651fd12f21b74bd2eea4f
solver_stress_01131,rail_jaw_mix,1000,40,1,canonical,3,3,3.9999999999999998e-07,4.0000000000000003e-05,8.5,7.2249999999999996,0,4.0000000000000002e-09,True,cc8e300d1e34840030a41ee30d160caf65b24082615887b36fc423e76c327e9c
solver_stress_01132,rail_jaw_mix,1000,40,1,reversed,0,3,9.9999999999999995e-08,1.0000000000000001e-05,8.5,7.2249999999999996,0,1.0000000000000001e-09,True,4a4d9a93e3cdec40c85cd48390dee78b62ac574b2c17e28570c5b6cab8640e17
solver_stress_01133,rail_jaw_mix,1000,40,1,reversed,1,3,1.9999999999999999e-07,2.0000000000000002e-05,8.5,7.2249999999999996,0,2.0000000000000001e-09,True,056281eef6376f456a3fe60e51cafef31f546241f6d00b5824d163730b9d6d27
solver_stress_01134,rail_jaw_mix,1000,40,1,reversed,2,3,2.9999999999999999e-07,3.0000000000000004e-05,8.5,7.2249999999999996,0,3.0000000000000004e-09,True,13f2d2095cd2d7219a7e2f5b5457a0e252d4aa9f1d3651fd12f21b74bd2eea4f
solver_stress_01135,rail_jaw_mix,1000,40,1,reversed,3,3,3.9999999999999998e-07,4.0000000000000003e-05,8.5,7.2249999999999996,0,4.0000000000000002e-09,True,cc8e300d1e34840030a41ee30d160caf65b24082615887b36fc423e76c327e9c
solver_stress_01136,rail_jaw_mix,1000,40,2,canonical,0,3,4.9999999999999998e-08,5.0000000000000004e-06,8.5,7.2249999999999996,0,1.0000000000000001e-09,True,375519810bd0cc478d9f6b824f61e7679825f398ef3dd8c3fb4ebf96da7d7758
solver_stress_01137,rail_jaw_mix,1000,40,2,canonical,1,3,9.9999999999999995e-08,1.0000000000000001e-05,8.5,7.2249999999999996,0,2.0000000000000001e-09,True,ccfe6fc9ba2d490e58dede0b5498d98e15cb8215d00d9feef0239b8f2f861121
solver_stress_01138,rail_jaw_mix,1000,40,2,canonical,2,3,1.4999999999999999e-07,1.5000000000000002e-05,8.5,7.2249999999999996,0,3.0000000000000004e-09,True,529f007060ee872d7cbfe42f290a6faf7115df3a67ff0e37c0b4fc3de05065d9
solver_stress_01139,rail_jaw_mix,1000,40,2,canonical,3,3,1.9999999999999999e-07,2.0000000000000002e-05,8.5,7.2249999999999996,0,4.0000000000000002e-09,True,aa61e0efcd269522ac0019d9796440890c02974027b8248bb16d9818a255ccbd
solver_stress_01140,rail_jaw_mix,1000,40,2,reversed,0,3,4.9999999999999998e-08,5.0000000000000004e-06,8.5,7.2249999999999996,0,1.0000000000000001e-09,True,375519810bd0cc478d9f6b824f61e7679825f398ef3dd8c3fb4ebf96da7d7758
solver_stress_01141,rail_jaw_mix,1000,40,2,reversed,1,3,9.9999999999999995e-08,1.0000000000000001e-05,8.5,7.2249999999999996,0,2.0000000000000001e-09,True,ccfe6fc9ba2d490e58dede0b5498d98e15cb8215d00d9feef0239b8f2f861121
solver_stress_01142,rail_jaw_mix,1000,40,2,reversed,2,3,1.4999999999999999e-07,1.5000000000000002e-05,8.5,7.2249999999999996,0,3.0000000000000004e-09,True,529f007060ee872d7cbfe42f290a6faf7115df3a67ff0e37c0b4fc3de05065d9
solver_stress_01143,rail_jaw_mix,1000,40,2,reversed,3,3,1.9999999999999999e-07,2.0000000000000002e-05,8.5,7.2249999999999996,0,4.0000000000000002e-09,True,aa61e0efcd269522ac0019d9796440890c02974027b8248bb16d9818a255ccbd
solver_stress_01144,rail_jaw_mix,1000,40,4,canonical,0,3,2.4999999999999999e-08,2.5000000000000002e-06,8.5,7.2249999999999996,0,1.0000000000000001e-09,True,9461976d174b0d60f6b3a7da74f926b1accb8ba2ed5255b675430b33c9222b6f
solver_stress_01145,rail_jaw_mix,1000,40,4,canonical,1,3,4.9999999999999998e-08,5.0000000000000004e-06,8.5,7.2249999999999996,0,2.0000000000000001e-09,True,e87f1906c532da7e441b01d73c290e023f1ed81004a562c6418080e67f73944b
solver_stress_01146,rail_jaw_mix,1000,40,4,canonical,2,3,7.4999999999999997e-08,7.500000000000001e-06,8.5,7.2249999999999996,0,3.0000000000000004e-09,True,86080717633515323a325e5cf76db789addd2a526202790ab49e5bdf8ea2003d
solver_stress_01147,rail_jaw_mix,1000,40,4,canonical,3,3,9.9999999999999995e-08,1.0000000000000001e-05,8.5,7.2249999999999996,0,4.0000000000000002e-09,True,721059f62ad3cb605059ad0dfdc730066465d8a09f50aa65e11546535ec6ca59
solver_stress_01148,rail_jaw_mix,1000,40,4,reversed,0,3,2.4999999999999999e-08,2.5000000000000002e-06,8.5,7.2249999999999996,0,1.0000000000000001e-09,True,9461976d174b0d60f6b3a7da74f926b1accb8ba2ed5255b675430b33c9222b6f
solver_stress_01149,rail_jaw_mix,1000,40,4,reversed,1,3,4.9999999999999998e-08,5.0000000000000004e-06,8.5,7.2249999999999996,0,2.0000000000000001e-09,True,e87f1906c532da7e441b01d73c290e023f1ed81004a562c6418080e67f73944b
solver_stress_01150,rail_jaw_mix,1000,40,4,reversed,2,3,7.4999999999999997e-08,7.500000000000001e-06,8.5,7.2249999999999996,0,3.0000000000000004e-09,True,86080717633515323a325e5cf76db789addd2a526202790ab49e5bdf8ea2003d
solver_stress_01151,rail_jaw_mix,1000,40,4,reversed,3,3,9.9999999999999995e-08,1.0000000000000001e-05,8.5,7.2249999999999996,0,4.0000000000000002e-09,True,721059f62ad3cb605059ad0dfdc730066465d8a09f50aa65e11546535ec6ca59
