case_id,pocket_kind,normalized_offset,offset_cm,angle_deg,speed_cm_s,topspin_rad_s,sidespin_rad_s,jaw_side,mouth_width_cm,throat_width_cm,jaw_radius_cm,throat_depth_cm,capture_depth_cm,ball_radius_cm,mouth_passable,throat_passable,expected_outcome,mirror_key
pocket_scan_00000,corner,-1.2,-4.4909999999999997,-30,25,0,0,-1,13.199999999999999,11,1.2,4,6,2.8574999999999999,False,False,jaw_or_rail_rejection,corner|1.2|30|25|0|0|1
pocket_scan_00001,corner,-1.2,-4.4909999999999997,-30,25,0,0,1,13.199999999999999,11,1.2,4,6,2.8574999999999999,False,False,jaw_or_rail_rejection,corner|1.2|30|25|0|0|1
pocket_scan_00002,corner,-1.2,-4.4909999999999997,-30,25,20,0,-1,13.199999999999999,11,1.2,4,6,2.8574999999999999,False,False,jaw_or_rail_rejection,corner|1.2|30|25|20|0|1
pocket_scan_00003,corner,-1.2,-4.4909999999999997,-30,25,20,0,1,13.199999999999999,11,1.2,4,6,2.8574999999999999,False,False,jaw_or_rail_rejection,corner|1.2|30|25|20|0|1
pocket_scan_00004,corner,-1.2,-4.4909999999999997,-30,25,-20,0,-1,13.199999999999999,11,1.2,4,6,2.8574999999999999,False,False,jaw_or_rail_rejection,corner|1.2|30|25|-20|0|1
pocket_scan_00005,corner,-1.2,-4.4909999999999997,-30,25,-20,0,1,13.199999999999999,11,1.2,4,6,2.8574999999999999,False,False,jaw_or_rail_rejection,corner|1.2|30|25|-20|0|1
pocket_scan_00006,corner,-1.2,-4.4909999999999997,-30,25,0,20,-1,13.199999999999999,11,1.2,4,6,2.8574999999999999,False,False,jaw_or_rail_rejection,corner|1.2|30|25|0|20|1
pocket_scan_00007,corner,-1.2,-4.4909999999999997,-30,25,0,20,1,13.199999999999999,11,1.2,4,6,2.8574999999999999,False,False,jaw_or_rail_rejection,corner|1.2|30|25|0|20|1
pocket_scan_00008,corner,-1.2,-4.4909999999999997,-30,25,0,-20,-1,13.199999999999999,11,1.2,4,6,2.8574999999999999,False,False,jaw_or_rail_rejection,corner|1.2|30|25|0|20|1
pocket_scan_00009,corner,-1.2,-4.4909999999999997,-30,25,0,-20,1,13.199999999999999,11,1.2,4,6,2.8574999999999999,False,False,jaw_or_rail_rejection,corner|1.2|30|25|0|20|1
pocket_scan_00010,corner,-1.2,-4.4909999999999997,-30,100,0,0,-1,13.199999999999999,11,1.2,4,6,2.8574999999999999,False,False,jaw_or_rail_rejection,corner|1.2|30|100|0|0|1
pocket_scan_00011,corner,-1.2,-4.4909999999999997,-30,100,0,0,1,13.199999999999999,11,1.2,4,6,2.8574999999999999,False,False,jaw_or_rail_rejection,corner|1.2|30|100|0|0|1
pocket_scan_00012,corner,-1.2,-4.4909999999999997,-30,100,20,0,-1,13.199999999999999,11,1.2,4,6,2.8574999999999999,False,False,jaw_or_rail_rejection,corner|1.2|30|100|20|0|1
pocket_scan_00013,corner,-1.2,-4.4909999999999997,-30,100,20,0,1,13.199999999999999,11,1.2,4,6,2.8574999999999999,False,False,jaw_or_rail_rejection,corner|1.2|30|100|20|0|1
pocket_scan_00014,corner,-1.2,-4.4909999999999997,-30,100,-20,0,-1,13.199999999999999,11,1.2,4,6,2.8574999999999999,False,False,jaw_or_rail_rejection,corner|1.2|30|100|-20|0|1
pocket_scan_00015,corner,-1.2,-4.4909999999999997,-30,100,-20,0,1,13.199999999999999,11,1.2,4,6,2.8574999999999999,False,False,jaw_or_rail_rejection,corner|1.2|30|100|-20|0|1
pocket_scan_00016,corner,-1.2,-4.4909999999999997,-30,100,0,20,-1,13.199999999999999,11,1.2,4,6,2.8574999999999999,False,False,jaw_or_rail_rejection,corner|1.2|30|100|0|20|1
pocket_scan_00017,corner,-1.2,-4.4909999999999997,-30,100,0,20,1,13.199999999999999,11,1.2,4,6,2.8574999999999999,False,False,jaw_or_rail_rejection,corner|1.2|30|100|0|20|1
pocket_scan_00018,corner,-1.2,-4.4909999999999997,-30,100,0,-20,-1,13.199999999999999,11,1.2,4,6,2.8574999999999999,False,False,jaw_or_rail_rejection,corner|1.2|30|100|0|20|1
pocket_scan_00019,corner,-1.2,-4.4909999999999997,-30,100,0,-20,1,13.199999999999999,11,1.2,4,6,2.8574999999999999,False,False,jaw_or_rail_rejection,corner|1.2|30|100|0|20|1
pocket_scan_00020,corner,-1.2,-4.4909999999999997,-30,250,0,0,-1,13.199999999999999,11,1.2,4,6,2.8574999999999999,False,False,jaw_or_rail_rejection,corner|1.2|30|250|0|0|1
pocket_scan_00021,corner,-1.2,-4.4909999999999997,-30,250,0,0,1,13.199999999999999,11,1.2,4,6,2.8574999999999999,False,False,jaw_or_rail_rejection,corner|1.2|30|250|0|0|1
pocket_scan_00022,corner,-1.2,-4.4909999999999997,-30,250,20,0,-1,13.199999999999999,11,1.2,4,6,2.8574999999999999,False,False,jaw_or_rail_rejection,corner|1.2|30|250|20|0|1
pocket_scan_00023,corner,-1.2,-4.4909999999999997,-30,250,20,0,1,13.199999999999999,11,1.2,4,6,2.8574999999999999,False,False,jaw_or_rail_rejection,corner|1.2|30|250|20|0|1
pocket_scan_00024,corner,-1.2,-4.4909999999999997,-30,250,-20,0,-1,13.199999999999999,11,1.2,4,6,2.8574999999999999,False,False,jaw_or_rail_rejection,corner|1.2|30|250|-20|0|1
pocket_scan_00025,corner,-1.2,-4.4909999999999997,-30,250,-20,0,1,13.199999999999999,11,1.2,4,6,2.8574999999999999,False,False,jaw_or_rail_rejection,corner|1.2|30|250|-20|0|1
pocket_scan_00026,corner,-1.2,-4.4909999999999997,-30,250,0,20,-1,13.199999999999999,11,1.2,4,6,2.8574999999999999,False,False,jaw_or_rail_rejection,corner|1.2|30|250|0|20|1
pocket_scan_00027,corner,-1.2,-4.4909999999999997,-30,250,0,20,1,13.199999999999999,11,1.2,4,6,2.8574999999999999,False,False,jaw_or_rail_rejection,corner|1.2|30|250|0|20|1
pocket_scan_00028,corner,-1.2,-4.4909999999999997,-30,250,0,-20,-1,13.199999999999999,11,1.2,4,6,2.8574999999999999,False,False,jaw_or_rail_rejection,corner|1.2|30|250|0|20|1
pocket_scan_00029,corner,-1.2,-4.4909999999999997,-30,250,0,-20,1,13.199999999999999,11,1.2,4,6,2.8574999999999999,False,False,jaw_or_rail_rejection,corner|1.2|30|250|0|20|1
pocket_scan_00030,corner,-1.2,-4.4909999999999997,-30,500,0,0,-1,13.199999999999999,11,1.2,4,6,2.8574999999999999,False,False,jaw_or_rail_rejection,corner|1.2|30|500|0|0|1
pocket_scan_00031,corner,-1.2,-4.4909999999999997,-30,500,0,0,1,13.199999999999999,11,1.2,4,6,2.8574999999999999,False,False,jaw_or_rail_rejection,corner|1.2|30|500|0|0|1
pocket_scan_00032,corner,-1.2,-4.4909999999999997,-30,500,20,0,-1,13.199999999999999,11,1.2,4,6,2.8574999999999999,False,False,jaw_or_rail_rejection,corner|1.2|30|500|20|0|1
pocket_scan_00033,corner,-1.2,-4.4909999999999997,-30,500,20,0,1,13.199999999999999,11,1.2,4,6,2.8574999999999999,False,False,jaw_or_rail_rejection,corner|1.2|30|500|20|0|1
pocket_scan_00034,corner,-1.2,-4.4909999999999997,-30,500,-20,0,-1,13.199999999999999,11,1.2,4,6,2.8574999999999999,False,False,jaw_or_rail_rejection,corner|1.2|30|500|-20|0|1
pocket_scan_00035,corner,-1.2,-4.4909999999999997,-30,500,-20,0,1,13.199999999999999,11,1.2,4,6,2.8574999999999999,False,False,jaw_or_rail_rejection,corner|1.2|30|500|-20|0|1
pocket_scan_00036,corner,-1.2,-4.4909999999999997,-30,500,0,20,-1,13.199999999999999,11,1.2,4,6,2.8574999999999999,False,False,jaw_or_rail_rejection,corner|1.2|30|500|0|20|1
pocket_scan_00037,corner,-1.2,-4.4909999999999997,-30,500,0,20,1,13.199999999999999,11,1.2,4,6,2.8574999999999999,False,False,jaw_or_rail_rejection,corner|1.2|30|500|0|20|1
pocket_scan_00038,corner,-1.2,-4.4909999999999997,-30,500,0,-20,-1,13.199999999999999,11,1.2,4,6,2.8574999999999999,False,False,jaw_or_rail_rejection,corner|1.2|30|500|0|20|1
pocket_scan_00039,corner,-1.2,-4.4909999999999997,-30,500,0,-20,1,13.199999999999999,11,1.2,4,6,2.8574999999999999,False,False,jaw_or_rail_rejection,corner|1.2|30|500|0|20|1
pocket_scan_00040,corner,-1.2,-4.4909999999999997,-15,25,0,0,-1,13.199999999999999,11,1.2,4,6,2.8574999999999999,False,False,jaw_or_rail_rejection,corner|1.2|15|25|0|0|1
pocket_scan_00041,corner,-1.2,-4.4909999999999997,-15,25,0,0,1,13.199999999999999,11,1.2,4,6,2.8574999999999999,False,False,jaw_or_rail_rejection,corner|1.2|15|25|0|0|1
pocket_scan_00042,corner,-1.2,-4.4909999999999997,-15,25,20,0,-1,13.199999999999999,11,1.2,4,6,2.8574999999999999,False,False,jaw_or_rail_rejection,corner|1.2|15|25|20|0|1
pocket_scan_00043,corner,-1.2,-4.4909999999999997,-15,25,20,0,1,13.199999999999999,11,1.2,4,6,2.8574999999999999,False,False,jaw_or_rail_rejection,corner|1.2|15|25|20|0|1
pocket_scan_00044,corner,-1.2,-4.4909999999999997,-15,25,-20,0,-1,13.199999999999999,11,1.2,4,6,2.8574999999999999,False,False,jaw_or_rail_rejection,corner|1.2|15|25|-20|0|1
pocket_scan_00045,corner,-1.2,-4.4909999999999997,-15,25,-20,0,1,13.199999999999999,11,1.2,4,6,2.8574999999999999,False,False,jaw_or_rail_rejection,corner|1.2|15|25|-20|0|1
pocket_scan_00046,corner,-1.2,-4.4909999999999997,-15,25,0,20,-1,13.199999999999999,11,1.2,4,6,2.8574999999999999,False,False,jaw_or_rail_rejection,corner|1.2|15|25|0|20|1
pocket_scan_00047,corner,-1.2,-4.4909999999999997,-15,25,0,20,1,13.199999999999999,11,1.2,4,6,2.8574999999999999,False,False,jaw_or_rail_rejection,corner|1.2|15|25|0|20|1
pocket_scan_00048,corner,-1.2,-4.4909999999999997,-15,25,0,-20,-1,13.199999999999999,11,1.2,4,6,2.8574999999999999,False,False,jaw_or_rail_rejection,corner|1.2|15|25|0|20|1
pocket_scan_00049,corner,-1.2,-4.4909999999999997,-15,25,0,-20,1,13.199999999999999,11,1.2,4,6,2.8574999999999999,False,False,jaw_or_rail_rejection,corner|1.2|15|25|0|20|1
pocket_scan_00050,corner,-1.2,-4.4909999999999997,-15,100,0,0,-1,13.199999999999999,11,1.2,4,6,2.8574999999999999,False,False,jaw_or_rail_rejection,corner|1.2|15|100|0|0|1
pocket_scan_00051,corner,-1.2,-4.4909999999999997,-15,100,0,0,1,13.199999999999999,11,1.2,4,6,2.8574999999999999,False,False,jaw_or_rail_rejection,corner|1.2|15|100|0|0|1
pocket_scan_00052,corner,-1.2,-4.4909999999999997,-15,100,20,0,-1,13.199999999999999,11,1.2,4,6,2.8574999999999999,False,False,jaw_or_rail_rejection,corner|1.2|15|100|20|0|1
pocket_scan_00053,corner,-1.2,-4.4909999999999997,-15,100,20,0,1,13.199999999999999,11,1.2,4,6,2.8574999999999999,False,False,jaw_or_rail_rejection,corner|1.2|15|100|20|0|1
pocket_scan_00054,corner,-1.2,-4.4909999999999997,-15,100,-20,0,-1,13.199999999999999,11,1.2,4,6,2.8574999999999999,False,False,jaw_or_rail_rejection,corner|1.2|15|100|-20|0|1
pocket_scan_00055,corner,-1.2,-4.4909999999999997,-15,100,-20,0,1,13.199999999999999,11,1.2,4,6,2.8574999999999999,False,False,jaw_or_rail_rejection,corner|1.2|15|100|-20|0|1
pocket_scan_00056,corner,-1.2,-4.4909999999999997,-15,100,0,20,-1,13.199999999999999,11,1.2,4,6,2.8574999999999999,False,False,jaw_or_rail_rejection,corner|1.2|15|100|0|20|1
pocket_scan_00057,corner,-1.2,-4.4909999999999997,-15,100,0,20,1,13.199999999999999,11,1.2,4,6,2.8574999999999999,False,False,jaw_or_rail_rejection,corner|1.2|15|100|0|20|1
pocket_scan_00058,corner,-1.2,-4.4909999999999997,-15,100,0,-20,-1,13.199999999999999,11,1.2,4,6,2.8574999999999999,False,False,jaw_or_rail_rejection,corner|1.2|15|100|0|20|1
pocket_scan_00059,corner,-1.2,-4.4909999999999997,-15,100,0,-20,1,13.199999999999999,11,1.2,4,6,2.8574999999999999,False,False,jaw_or_rail_rejection,corner|1.2|15|100|0|20|1
pocket_scan_00060,corner,-1.2,-4.4909999999999997,-15,250,0,0,-1,13.199999999999999,11,1.2,4,6,2.8574999999999999,False,False,jaw_or_rail_rejection,corner|1.2|15|250|0|0|1
pocket_scan_00061,corner,-1.2,-4.4909999999999997,-15,250,0,0,1,13.199999999999999,11,1.2,4,6,2.8574999999999999,False,False,jaw_or_rail_rejection,corner|1.2|15|250|0|0|1
pocket_scan_00062,corner,-1.2,-4.4909999999999997,-15,250,20,0,-1,13.199999999999999,11,1.2,4,6,2.8574999999999999,False,False,jaw_or_rail_rejection,corner|1.2|15|250|20|0|1
pocket_scan_00063,corner,-1.2,-4.4909999999999997,-15,250,20,0,1,13.199999999999999,11,1.2,4,6,2.8574999999999999,False,False,jaw_or_rail_rejection,corner|1.2|15|250|20|0|1
pocket_scan_00064,corner,-1.2,-4.4909999999999997,-15,250,-20,0,-1,13.199999999999999,11,1.2,4,6,2.8574999999999999,False,False,jaw_or_rail_rejection,corner|1.2|15|250|-20|0|1
pocket_scan_00065,corner,-1.2,-4.4909999999999997,-15,250,-20,0,1,13.199999999999999,11,1.2,4,6,2.8574999999999999,False,False,jaw_or_rail_rejection,corner|1.2|15|250|-20|0|1
pocket_scan_00066,corner,-1.2,-4.4909999999999997,-15,250,0,20,-1,13.199999999999999,11,1.2,4,6,2.8574999999999999,False,False,jaw_or_rail_rejection,corner|1.2|15|250|0|20|1
pocket_scan_00067,corner,-1.2,-4.4909999999999997,-15,250,0,20,1,13.199999999999999,11,1.2,4,6,2.8574999999999999,False,False,jaw_or_rail_rejection,corner|1.2|15|250|0|20|1
pocket_scan_00068,corner,-1.2,-4.4909999999999997,-15,250,0,-20,-1,13.199999999999999,11,1.2,4,6,2.8574999999999999,False,False,jaw_or_rail_rejection,corner|1.2|15|250|0|20|1
pocket_scan_00069,corner,-1.2,-4.4909999999999997,-15,250,0,-20,1,13.199999999999999,11,1.2,4,6,2.8574999999999999,False,False,jaw_or_rail_rejection,corner|1.2|15|250|0|20|1
pocket_scan_00070,corner,-1.2,-4.4909999999999997,-15,500,0,0,-1,13.199999999999999,11,1.2,4,6,2.8574999999999999,False,False,jaw_or_rail_rejection,corner|1.2|15|500|0|0|1
pocket_scan_00071,corner,-1.2,-4.4909999999999997,-15,500,0,0,1,13.199999999999999,11,1.2,4,6,2.8574999999999999,False,False,jaw_or_rail_rejection,corner|1.2|15|500|0|0|1
pocket_scan_00072,corner,-1.2,-4.4909999999999997,-15,500,20,0,-1,13.199999999999999,11,1.2,4,6,2.8574999999999999,False,False,jaw_or_rail_rejection,corner|1.2|15|500|20|0|1
pocket_scan_00073,corner,-1.2,-4.4909999999999997,-15,500,20,0,1,13.199999999999999,11,1.2,4,6,2.8574999999999999,False,False,jaw_or_rail_rejection,corner|1.2|15|500|20|0|1
pocket_scan_00074,corner,-1.2,-4.4909999999999997,-15,500,-20,0,-1,13.199999999999999,11,1.2,4,6,2.8574999999999999,False,False,jaw_or_rail_rejection,corner|1.2|15|500|-20|0|1
pocket_scan_00075,corner,-1.2,-4.4909999999999997,-15,500,-20,0,1,13.199999999999999,11,1.2,4,6,2.8574999999999999,False,False,jaw_or_rail_rejection,corner|1.2|15|500|-20|0|1
pocket_scan_00076,corner,-1.2,-4.4909999999999997,-15,500,0,20,-1,13.199999999999999,11,1.2,4,6,2.8574999999999999,False,False,jaw_or_rail_rejection,corner|1.2|15|500|0|20|1
pocket_scan_00077,corner,-1.2,-4.4909999999999997,-15,500,0,20,1,13.199999999999999,11,1.2,4,6,2.8574999999999999,False,False,jaw_or_rail_rejection,corner|1.2|15|500|0|20|1
pocket_scan_00078,corner,-1.2,-4.4909999999999997,-15,500,0,-20,-1,13.199999999999999,11,1.2,4,6,2.8574999999999999,False,False,jaw_or_rail_rejection,corner|1.2|15|500|0|20|1
pocket_scan_00079,corner,-1.2,-4.4909999999999997,-15,500,0,-20,1,13.199999999999999,11,1.2,4,6,2.8574999999999999,False,False,jaw_or_rail_rejection,corner|1.2|15|500|0|20|1
pocket_scan_00080,corner,-1.2,-4.4909999999999997,0,25,0,0,-1,13.199999999999999,11,1.2,4,6,2.8574999999999999,False,False,jaw_or_rail_rejection,corner|1.2|0|25|0|0|1
pocket_scan_00081,corner,-1.2,-4.4909999999999997,0,25,0,0,1,13.199999999999999,11,1.2,4,6,2.8574999999999999,False,False,jaw_or_rail_rejection,corner|1.2|0|25|0|0|1
pocket_scan_00082,corner,-1.2,-4.4909999999999997,0,25,20,0,-1,13.199999999999999,11,1.2,4,6,2.8574999999999999,False,False,jaw_or_rail_rejection,corner|1.2|0|25|20|0|1
pocket_scan_00083,corner,-1.2,-4.4909999999999997,0,25,20,0,1,13.199999999999999,11,1.2,4,6,2.8574999999999999,False,False,jaw_or_rail_rejection,corner|1.2|0|25|20|0|1
pocket_scan_00084,corner,-1.2,-4.4909999999999997,0,25,-20,0,-1,13.199999999999999,11,1.2,4,6,2.8574999999999999,False,False,jaw_or_rail_rejection,corner|1.2|0|25|-20|0|1
pocket_scan_00085,corner,-1.2,-4.4909999999999997,0,25,-20,0,1,13.199999999999999,11,1.2,4,6,2.8574999999999999,False,False,jaw_or_rail_rejection,corner|1.2|0|25|-20|0|1
pocket_scan_00086,corner,-1.2,-4.4909999999999997,0,25,0,20,-1,13.199999999999999,11,1.2,4,6,2.8574999999999999,False,False,jaw_or_rail_rejection,corner|1.2|0|25|0|20|1
pocket_scan_00087,corner,-1.2,-4.4909999999999997,0,25,0,20,1,13.199999999999999,11,1.2,4,6,2.8574999999999999,False,False,jaw_or_rail_rejection,corner|1.2|0|25|0|20|1
pocket_scan_00088,corner,-1.2,-4.4909999999999997,0,25,0,-20,-1,13.199999999999999,11,1.2,4,6,2.8574999999999999,False,False,jaw_or_rail_rejection,corner|1.2|0|25|0|20|1
pocket_scan_00089,corner,-1.2,-4.4909999999999997,0,25,0,-20,1,13.199999999999999,11,1.2,4,6,2.8574999999999999,False,False,jaw_or_rail_rejection,corner|1.2|0|25|0|20|1
pocket_scan_00090,corner,-1.2,-4.4909999999999997,0,100,0,0,-1,13.199999999999999,11,1.2,4,6,2.8574999999999999,False,False,jaw_or_rail_rejection,corner|1.2|0|100|0|0|1
pocket_scan_00091,corner,-1.2,-4.4909999999999997,0,100,0,0,1,13.199999999999999,11,1.2,4,6,2.8574999999999999,False,False,jaw_or_rail_rejection,corner|1.2|0|100|0|0|1
pocket_scan_00092,corner,-1.2,-4.4909999999999997,0,100,20,0,-1,13.199999999999999,11,1.2,4,6,2.8574999999999999,False,False,jaw_or_rail_rejection,corner|1.2|0|100|20|0|1
pocket_scan_00093,corner,-1.2,-4.4909999999999997,0,100,20,0,1,13.199999999999999,11,1.2,4,6,2.8574999999999999,False,False,jaw_or_rail_rejection,corner|1.2|0|100|20|0|1
pocket_scan_00094,corner,-1.2,-4.4909999999999997,0,100,-20,0,-1,13.199999999999999,11,1.2,4,6,2.8574999999999999,False,False,jaw_or_rail_rejection,corner|1.2|0|100|-20|0|1
pocket_scan_00095,corner,-1.2,-4.4909999999999997,0,100,-20,0,1,13.199999999999999,11,1.2,4,6,2.8574999999999999,False,False,jaw_or_rail_rejection,corner|1.2|0|100|-20|0|1
pocket_scan_00096,corner,-1.2,-4.4909999999999997,0,100,0,20,-1,13.199999999999999,11,1.2,4,6,2.8574999999999999,False,False,jaw_or_rail_rejection,corner|1.2|0|100|0|20|1
pocket_scan_00097,corner,-1.2,-4.4909999999999997,0,100,0,20,1,13.199999999999999,11,1.2,4,6,2.8574999999999999,False,False,jaw_or_rail_rejection,corner|1.2|0|100|0|20|1
pocket_scan_00098,corner,-1.2,-4.4909999999999997,0,100,0,-20,-1,13.199999999999999,11,1.2,4,6,2.8574999999999999,False,False,jaw_or_rail_rejection,corner|1.2|0|100|0|20|1
pocket_scan_00099,corner,-1.2,-4.4909999999999997,0,100,0,-20,1,13.199999999999999,11,1.2,4,6,2.8574999999999999,False,False,jaw_or_rail_rejection,corner|1.2|0|100|0|20|1
pocket_scan_00100,corner,-1.2,-4.4909999999999997,0,250,0,0,-1,13.199999999999999,11,1.2,4,6,2.8574999999999999,False,False,jaw_or_rail_rejection,corner|1.2|0|250|0|0|1
pocket_scan_00101,corner,-1.2,-4.4909999999999997,0,250,0,0,1,13.199999999999999,11,1.2,4,6,2.8574999999999999,False,False,jaw_or_rail_rejection,corner|1.2|0|250|0|0|1
pocket_scan_00102,corner,-1.2,-4.4909999999999997,0,250,20,0,-1,13.199999999999999,11,1.2,4,6,2.8574999999999999,False,False,jaw_or_rail_rejection,corner|1.2|0|250|20|0|1
pocket_scan_00103,corner,-1.2,-4.4909999999999997,0,250,20,0,1,13.199999999999999,11,1.2,4,6,2.8574999999999999,False,False,jaw_or_rail_rejection,corner|1.2|0|250|20|0|1
pocket_scan_00104,corner,-1.2,-4.4909999999999997,0,250,-20,0,-1,13.199999999999999,11,1.2,4,6,2.8574999999999999,False,False,jaw_or_rail_rejection,corner|1.2|0|250|-20|0|1
pocket_scan_00105,corner,-1.2,-4.4909999999999997,0,250,-20,0,1,13.199999999999999,11,1.2,4,6,2.8574999999999999,False,False,jaw_or_rail_rejection,corner|1.2|0|250|-20|0|1
pocket_scan_00106,corner,-1.2,-4.4909999999999997,0,250,0,20,-1,13.199999999999999,11,1.2,4,6,2.8574999999999999,False,False,jaw_or_rail_rejection,corner|1.2|0|250|0|20|1
pocket_scan_00107,corner,-1.2,-4.4909999999999997,0,250,0,20,1,13.199999999999999,11,1.2,4,6,2.8574999999999999,False,False,jaw_or_rail_rejection,corner|1.2|0|250|0|20|1
pocket_scan_00108,corner,-1.2,-4.4909999999999997,0,250,0,-20,-1,13.199999999999999,11,1.2,4,6,2.8574999999999999,False,False,jaw_or_rail_rejection,corner|1.2|0|250|0|20|1
pocket_scan_00109,corner,-1.2,-4.4909999999999997,0,250,0,-20,1,13.199999999999999,11,1.2,4,6,2.8574999999999999,False,False,jaw_or_rail_rejection,corner|1.2|0|250|0|20|1
pocket_scan_00110,corner,-1.2,-4.4909999999999997,0,500,0,0,-1,13.199999999999999,11,1.2,4,6,2.8574999999999999,False,False,jaw_or_rail_rejection,corner|1.2|0|500|0|0|1
pocket_scan_00111,corner,-1.2,-4.4909999999999997,0,500,0,0,1,13.199999999999999,11,1.2,4,6,2.8574999999999999,False,False,jaw_or_rail_rejection,corner|1.2|0|500|0|0|1
pocket_scan_00112,corner,-1.2,-4.4909999999999997,0,500,20,0,-1,13.199999999999999,11,1.2,4,6,2.8574999999999999,False,False,jaw_or_rail_rejection,corner|1.2|0|500|20|0|1
pocket_scan_00113,corner,-1.2,-4.4909999999999997,0,500,20,0,1,13.199999999999999,11,1.2,4,6,2.8574999999999999,False,False,jaw_or_rail_rejection,corner|1.2|0|500|20|0|1
pocket_scan_00114,corner,-1.2,-4.4909999999999997,0,500,-20,0,-1,13.199999999999999,11,1.2,4,6,2.8574999999999999,False,False,jaw_or_rail_rejection,corner|1.2|0|500|-20|0|1
pocket_scan_00115,corner,-1.2,-4.4909999999999997,0,500,-20,0,1,13.199999999999999,11,1.2,4,6,2.8574999999999999,False,False,jaw_or_rail_rejection,corner|1.2|0|500|-20|0|1
pocket_scan_00116,corner,-1.2,-4.4909999999999997,0,500,0,20,-1,13.199999999999999,11,1.2,4,6,2.8574999999999999,False,False,jaw_or_rail_rejection,corner|1.2|0|500|0|20|1
pocket_scan_00117,corner,-1.2,-4.4909999999999997,0,500,0,20,1,13.199999999999999,11,1.2,4,6,2.8574999999999999,False,False,jaw_or_rail_rejection,corner|1.2|0|500|0|20|1
pocket_scan_00118,corner,-1.2,-4.4909999999999997,0,500,0,-20,-1,13.199999999999999,11,1.2,4,6,2.8574999999999999,False,False,jaw_or_rail_rejection,corner|1.2|0|500|0|20|1
pocket_scan_00119,corner,-1.2,-4.4909999999999997,0,500,0,-20,1,13.199999999999999,11,1.2,4,6,2.8574999999999999,False,False,jaw_or_rail_rejection,corner|1.2|0|500|0|20|1
pocket_scan_00120,corner,-1.2,-4.4909999999999997,15,25,0,0,-1,13.199999999999999,11,1.2,4,6,2.8574999999999999,False,False,jaw_or_rail_rejection,corner|1.2|15|25|0|0|1
pocket_scan_00121,corner,-1.2,-4.4909999999999997,15,25,0,0,1,13.199999999999999,11,1.2,4,6,2.8574999999999999,False,False,jaw_or_rail_rejection,corner|1.2|15|25|0|0|1
pocket_scan_00122,corner,-1.2,-4.4909999999999997,15,25,20,0,-1,13.199999999999999,11,1.2,4,6,2.8574999999999999,False,False,jaw_or_rail_rejection,corner|1.2|15|25|20|0|1
pocket_scan_00123,corner,-1.2,-4.4909999999999997,15,25,20,0,1,13.199999999999999,11,1.2,4,6,2.8574999999999999,False,False,jaw_or_rail_rejection,corner|1.2|15|25|20|0|1
pocket_scan_00124,corner,-1.2,-4.4909999999999997,15,25,-20,0,-1,13.199999999999999,11,1.2,4,6,2.8574999999999999,False,False,jaw_or_rail_rejection,corner|1.2|15|25|-20|0|1
pocket_scan_00125,corner,-1.2,-4.4909999999999997,15,25,-20,0,1,13.199999999999999,11,1.2,4,6,2.8574999999999999,False,False,jaw_or_rail_rejection,corner|1.2|15|25|-20|0|1
pocket_scan_00126,corner,-1.2,-4.4909999999999997,15,25,0,20,-1,13.199999999999999,11,1.2,4,6,2.8574999999999999,False,False,jaw_or_rail_rejection,corner|1.2|15|25|0|20|1
pocket_scan_00127,corner,-1.2,-4.4909999999999997,15,25,0,20,1,13.199999999999999,11,1.2,4,6,2.8574999999999999,False,False,jaw_or_rail_rejection,corner|1.2|15|25|0|20|1
pocket_scan_00128,corner,-1.2,-4.4909999999999997,15,25,0,-20,-1,13.199999999999999,11,1.2,4,6,2.8574999999999999,False,False,jaw_or_rail_rejection,corner|1.2|15|25|0|20|1
pocket_scan_00129,corner,-1.2,-4.4909999999999997,15,25,0,-20,1,13.199999999999999,11,1.2,4,6,2.8574999999999999,False,False,jaw_or_rail_rejection,corner|1.2|15|25|0|20|1
pocket_scan_00130,corner,-1.2,-4.4909999999999997,15,100,0,0,-1,13.199999999999999,11,1.2,4,6,2.8574999999999999,False,False,jaw_or_rail_rejection,corner|1.2|15|100|0|0|1
pocket_scan_00131,corner,-1.2,-4.4909999999999997,15,100,0,0,1,13.199999999999999,11,1.2,4,6,2.8574999999999999,False,False,jaw_or_rail_rejection,corner|1.2|15|100|0|0|1
pocket_scan_00132,corner,-1.2,-4.4909999999999997,15,100,20,0,-1,13.199999999999999,11,1.2,4,6,2.8574999999999999,False,False,jaw_or_rail_rejection,corner|1.2|15|100|20|0|1
pocket_scan_00133,corner,-1.2,-4.4909999999999997,15,100,20,0,1,13.199999999999999,11,1.2,4,6,2.8574999999999999,False,False,jaw_or_rail_rejection,corner|1.2|15|100|20|0|1
pocket_scan_00134,corner,-1.2,-4.4909999999999997,15,100,-20,0,-1,13.199999999999999,11,1.2,4,6,2.8574999999999999,False,False,jaw_or_rail_rejection,corner|1.2|15|100|-20|0|1
pocket_scan_00135,corner,-1.2,-4.4909999999999997,15,100,-20,0,1,13.199999999999999,11,1.2,4,6,2.8574999999999999,False,False,jaw_or_rail_rejection,corner|1.2|15|100|-20|0|1
pocket_scan_00136,corner,-1.2,-4.4909999999999997,15,100,0,20,-1,13.199999999999999,11,1.2,4,6,2.8574999999999999,False,False,jaw_or_rail_rejection,corner|1.2|15|100|0|20|1
pocket_scan_00137,corner,-1.2,-4.4909999999999997,15,100,0,20,1,13.199999999999999,11,1.2,4,6,2.8574999999999999,False,False,jaw_or_rail_rejection,corner|1.2|15|100|0|20|1
pocket_scan_00138,corner,-1.2,-4.4909999999999997,15,100,0,-20,-1,13.199999999999999,11,1.2,4,6,2.8574999999999999,False,False,jaw_or_rail_rejection,corner|1.2|15|100|0|20|1
pocket_scan_00139,corner,-1.2,-4.4909999999999997,15,100,0,-20,1,13.199999999999999,11,1.2,4,6,2.8574999999999999,False,False,jaw_or_rail_rejection,corner|1.2|15|100|0|20|1
pocket_scan_00140,corner,-1.2,-4.4909999999999997,15,250,0,0,-1,13.199999999999999,11,1.2,4,6,2.8574999999999999,False,False,jaw_or_rail_rejection,corner|1.2|15|250|0|0|1
pocket_scan_00141,corner,-1.2,-4.4909999999999997,15,250,0,0,1,13.199999999999999,11,1.2,4,6,2.8574999999999999,False,False,jaw_or_rail_rejection,corner|1.2|15|250|0|0|1
pocket_scan_00142,corner,-1.2,-4.4909999999999997,15,250,20,0,-1,13.199999999999999,11,1.2,4,6,2.8574999999999999,False,False,jaw_or_rail_rejection,corner|1.2|15|250|20|0|1
pocket_scan_00143,corner,-1.2,-4.4909999999999997,15,250,20,0,1,13.199999999999999,11,1.2,4,6,2.8574999999999999,False,False,jaw_or_rail_rejection,corner|1.2|15|250|20|0|1
pocket_scan_00144,corner,-1.2,-4.4909999999999997,15,250,-20,0,-1,13.199999999999999,11,1.2,4,6,2.8574999999999999,False,False,jaw_or_rail_rejection,corner|1.2|15|250|-20|0|1
pocket_scan_00145,corner,-1.2,-4.4909999999999997,15,250,-20,0,1,13.199999999999999,11,1.2,4,6,2.8574999999999999,False,False,jaw_or_rail_rejection,corner|1.2|15|250|-20|0|1
pocket_scan_00146,corner,-1.2,-4.4909999999999997,15,250,0,20,-1,13.199999999999999,11,1.2,4,6,2.8574999999999999,False,False,jaw_or_rail_rejection,corner|1.2|15|250|0|20|1
pocket_scan_00147,corner,-1.2,-4.4909999999999997,15,250,0,20,1,13.199999999999999,11,1.2,4,6,2.8574999999999999,False,False,jaw_or_rail_rejection,corner|1.2|15|250|0|20|1
pocket_scan_00148,corner,-1.2,-4.4909999999999997,15,250,0,-20,-1,13.199999999999999,11,1.2,4,6,2.8574999999999999,False,False,jaw_or_rail_rejection,corner|1.2|15|250|0|20|1
pocket_scan_00149,corner,-1.2,-4.4909999999999997,15,250,0,-20,1,13.199999999999999,11,1.2,4,6,2.8574999999999999,False,False,jaw_or_rail_rejection,corner|1.2|15|250|0|20|1
pocket_scan_00150,corner,-1.2,-4.4909999999999997,15,500,0,0,-1,13.199999999999999,11,1.2,4,6,2.8574999999999999,False,False,jaw_or_rail_rejection,corner|1.2|15|500|0|0|1
pocket_scan_00151,corner,-1.2,-4.4909999999999997,15,500,0,0,1,13.199999999999999,11,1.2,4,6,2.8574999999999999,False,False,jaw_or_rail_rejection,corner|1.2|15|500|0|0|1
pocket_scan_00152,corner,-1.2,-4.4909999999999997,15,500,20,0,-1,13.199999999999999,11,1.2,4,6,2.8574999999999999,False,False,jaw_or_rail_rejection,corner|1.2|15|500|20|0|1
pocket_scan_00153,corner,-1.2,-4.4909999999999997,15,500,20,0,1,13.199999999999999,11,1.2,4,6,2.8574999999999999,False,False,jaw_or_rail_rejection,corner|1.2|15|500|20|0|1
pocket_scan_00154,corner,-1.2,-4.4909999999999997,15,500,-20,0,-1,13.199999999999999,11,1.2,4,6,2.8574999999999999,False,False,jaw_or_rail_rejection,corner|1.2|15|500|-20|0|1
pocket_scan_00155,corner,-1.2,-4.4909999999999997,15,500,-20,0,1,13.199999999999999,11,1.2,4,6,2.8574999999999999,False,False,jaw_or_rail_rejection,corner|1.2|15|500|-20|0|1
pocket_scan_00156,corner,-1.2,-4.4909999999999997,15,500,0,20,-1,13.199999999999999,11,1.2,4,6,2.8574999999999999,False,False,jaw_or_rail_rejection,corner|1.2|15|500|0|20|1
pocket_scan_00157,corner,-1.2,-4.4909999999999997,15,500,0,20,1,13.199999999999999,11,1.2,4,6,2.8574999999999999,False,False,jaw_or_rail_rejection,corner|1.2|15|500|0|20|1
pocket_scan_00158,corner,-1.2,-4.4909999999999997,15,500,0,-20,-1,13.199999999999999,11,1.2,4,6,2.8574999999999999,False,False,jaw_or_rail_rejection,corner|1.2|15|500|0|20|1
pocket_scan_00159,corner,-1.2,-4.4909999999999997,15,500,0,-20,1,13.199999999999999,11,1.2,4,6,2.8574999999999999,False,False,jaw_or_rail_rejection,corner|1.2|15|500|0|20|1
pocket_scan_00160,corner,-1.2,-4.4909999999999997,30,25,0,0,-1,13.199999999999999,11,1.2,4,6,2.8574999999999999,False,False,jaw_or_rail_rejection,corner|1.2|30|25|0|0|1
pocket_scan_00161,corner,-1.2,-4.4909999999999997,30,25,0,0,1,13.199999999999999,11,1.2,4,6,2.8574999999999999,False,False,jaw_or_rail_rejection,corner|1.2|30|25|0|0|1
pocket_scan_00162,corner,-1.2,-4.4909999999999997,30,25,20,0,-1,13.199999999999999,11,1.2,4,6,2.8574999999999999,False,False,jaw_or_rail_rejection,corner|1.2|30|25|20|0|1
pocket_scan_00163,corner,-1.2,-4.4909999999999997,30,25,20,0,1,13.199999999999999,11,1.2,4,6,2.8574999999999999,False,False,jaw_or_rail_rejection,corner|1.2|30|25|20|0|1
pocket_scan_00164,corner,-1.2,-4.4909999999999997,30,25,-20,0,-1,13.199999999999999,11,1.2,4,6,2.8574999999999999,False,False,jaw_or_rail_rejection,corner|1.2|30|25|-20|0|1
pocket_scan_00165,corner,-1.2,-4.4909999999999997,30,25,-20,0,1,13.199999999999999,11,1.2,4,6,2.8574999999999999,False,False,jaw_or_rail_rejection,corner|1.2|30|25|-20|0|1
pocket_scan_00166,corner,-1.2,-4.4909999999999997,30,25,0,20,-1,13.199999999999999,11,1.2,4,6,2.8574999999999999,False,False,jaw_or_rail_rejection,corner|1.2|30|25|0|20|1
pocket_scan_00167,corner,-1.2,-4.4909999999999997,30,25,0,20,1,13.199999999999999,11,1.2,4,6,2.8574999999999999,False,False,jaw_or_rail_rejection,corner|1.2|30|25|0|20|1
pocket_scan_00168,corner,-1.2,-4.4909999999999997,30,25,0,-20,-1,13.199999999999999,11,1.2,4,6,2.8574999999999999,False,False,jaw_or_rail_rejection,corner|1.2|30|25|0|20|1
pocket_scan_00169,corner,-1.2,-4.4909999999999997,30,25,0,-20,1,13.199999999999999,11,1.2,4,6,2.8574999999999999,False,False,jaw_or_rail_rejection,corner|1.2|30|25|0|20|1
pocket_scan_00170,corner,-1.2,-4.4909999999999997,30,100,0,0,-1,13.199999999999999,11,1.2,4,6,2.8574999999999999,False,False,jaw_or_rail_rejection,corner|1.2|30|100|0|0|1
pocket_scan_00171,corner,-1.2,-4.4909999999999997,30,100,0,0,1,13.199999999999999,11,1.2,4,6,2.8574999999999999,False,False,jaw_or_rail_rejection,corner|1.2|30|100|0|0|1
pocket_scan_00172,corner,-1.2,-4.4909999999999997,30,100,20,0,-1,13.199999999999999,11,1.2,4,6,2.8574999999999999,False,False,jaw_or_rail_rejection,corner|1.2|30|100|20|0|1
pocket_scan_00173,corner,-1.2,-4.4909999999999997,30,100,20,0,1,13.199999999999999,11,1.2,4,6,2.8574999999999999,False,False,jaw_or_rail_rejection,corner|1.2|30|100|20|0|1
pocket_scan_00174,corner,-1.2,-4.4909999999999997,30,100,-20,0,-1,13.199999999999999,11,1.2,4,6,2.8574999999999999,False,False,jaw_or_rail_rejection,corner|1.2|30|100|-20|0|1
pocket_scan_00175,corner,-1.2,-4.4909999999999997,30,100,-20,0,1,13.199999999999999,11,1.2,4,6,2.8574999999999999,False,False,jaw_or_rail_rejection,corner|1.2|30|100|-20|0|1
pocket_scan_00176,corner,-1.2,-4.4909999999999997,30,100,0,20,-1,13.199999999999999,11,1.2,4,6,2.8574999999999999,False,False,jaw_or_rail_rejection,corner|1.2|30|100|0|20|1
pocket_scan_00177,corner,-1.2,-4.4909999999999997,30,100,0,20,1,13.199999999999999,11,1.2,4,6,2.8574999999999999,False,False,jaw_or_rail_rejection,corner|1.2|30|100|0|20|1
pocket_scan_00178,corner,-1.2,-4.4909999999999997,30,100,0,-20,-1,13.199999999999999,11,1.2,4,6,2.8574999999999999,False,False,jaw_or_rail_rejection,corner|1.2|30|100|0|20|1
pocket_scan_00179,corner,-1.2,-4.4909999999999997,30,100,0,-20,1,13.199999999999999,11,1.2,4,6,2.8574999999999999,False,False,jaw_or_rail_rejection,corner|1.2|30|100|0|20|1
pocket_scan_00180,corner,-1.2,-4.4909999999999997,30,250,0,0,-1,13.199999999999999,11,1.2,4,6,2.8574999999999999,False,False,jaw_or_rail_rejection,corner|1.2|30|250|0|0|1
pocket_scan_00181,corner,-1.2,-4.4909999999999997,30,250,0,0,1,13.199999999999999,11,1.2,4,6,2.8574999999999999,False,False,jaw_or_rail_rejection,corner|1.2|30|250|0|0|1
pocket_scan_00182,corner,-1.2,-4.4909999999999997,30,250,20,0,-1,13.199999999999999,11,1.2,4,6,2.8574999999999999,False,False,jaw_or_rail_rejection,corner|1.2|30|250|20|0|1
pocket_scan_00183,corner,-1.2,-4.4909999999999997,30,250,20,0,1,13.199999999999999,11,1.2,4,6,2.8574999999999999,False,False,jaw_or_rail_rejection,corner|1.2|30|250|20|0|1
pocket_scan_00184,corner,-1.2,-4.4909999999999997,30,250,-20,0,-1,13.199999999999999,11,1.2,4,6,2.8574999999999999,False,False,jaw_or_rail_rejection,corner|1.2|30|250|-20|0|1
pocket_scan_00185,corner,-1.2,-4.4909999999999997,30,250,-20,0,1,13.199999999999999,11,1.2,4,6,2.8574999999999999,False,False,jaw_or_rail_rejection,corner|1.2|30|250|-20|0|1
pocket_scan_00186,corner,-1.2,-4.4909999999999997,30,250,0,20,-1,13.199999999999999,11,1.2,4,6,2.8574999999999999,False,False,jaw_or_rail_rejection,corner|1.2|30|250|0|20|1
pocket_scan_00187,corner,-1.2,-4.4909999999999997,30,250,0,20,1,13.199999999999999,11,1.2,4,6,2.8574999999999999,False,False,jaw_or_rail_rejection,corner|1.2|30|250|0|20|1
pocket_scan_00188,corner,-1.2,-4.4909999999999997,30,250,0,-20,-1,13.199999999999999,11,1.2,4,6,2.8574999999999999,False,False,jaw_or_rail_rejection,corner|1.2|30|250|0|20|1
pocket_scan_00189,corner,-1.2,-4.4909999999999997,30,250,0,-20,1,13.199999999999999,11,1.2,4,6,2.8574999999999999,False,False,jaw_or_rail_rejection,corner|1.2|30|250|0|20|1
pocket_scan_00190,corner,-1.2,-4.4909999999999997,30,500,0,0,-1,13.199999999999999,11,1.2,4,6,2.8574999999999999,False,False,jaw_or_rail_rejection,corner|1.2|30|500|0|0|1
pocket_scan_00191,corner,-1.2,-4.4909999999999997,30,500,0,0,1,13.199999999999999,11,1.2,4,6,2.8574999999999999,False,False,jaw_or_rail_rejection,corner|1.2|30|500|0|0|1
pocket_scan_00192,corner,-1.2,-4.4909999999999997,30,500,20,0,-1,13.199999999999999,11,1.2,4,6,2.8574999999999999,False,False,jaw_or_rail_rejection,corner|1.2|30|500|20|0|1
pocket_scan_00193,corner,-1.2,-4.4909999999999997,30,500,20,0,1,13.199999999999999,11,1.2,4,6,2.8574999999999999,False,False,jaw_or_rail_rejection,corner|1.2|30|500|20|0|1
pocket_scan_00194,corner,-1.2,-4.4909999999999997,30,500,-20,0,-1,13.199999999999999,11,1.2,4,6,2.8574999999999999,False,False,jaw_or_rail_rejection,corner|1.2|30|500|-20|0|1
pocket_scan_00195,corner,-1.2,-4.4909999999999997,30,500,-20,0,1,13.199999999999999,11,1.2,4,6,2.8574999999999999,False,False,jaw_or_rail_rejection,corner|1.2|30|500|-20|0|1
pocket_scan_00196,corner,-1.2,-4.4909999999999997,30,500,0,20,-1,13.199999999999999,11,1.2,4,6,2.8574999999999999,False,False,jaw_or_rail_rejection,corner|1.2|30|500|0|20|1
pocket_scan_00197,corner,-1.2,-4.4909999999999997,30,500,0,20,1,13.199999999999999,11,1.2,4,6,2.8574999999999999,False,False,jaw_or_rail_rejection,corner|1.2|30|500|0|20|1
pocket_scan_00198,corner,-1.2,-4.4909999999999997,30,500,0,-20,-1,13.199999999999999,11,1.2,4,6,2.8574999999999999,False,False,jaw_or_rail_rejection,corner|1.2|30|500|0|20|1
pocket_scan_00199,corner,-1.2,-4.4909999999999997,30,500,0,-20,1,13.199999999999999,11,1.2,4,6,2.8574999999999999,False,False,jaw_or_rail_rejection,corner|1.2|30|500|0|20|1
pocket_scan_00200,corner,-0.80000000000000004,-2.9939999999999998,-30,25,0,0,-1,13.199999999999999,11,1.2,4,6,2.8574999999999999,True,False,jaw_or_rail_rejection,corner|0.80000000000000004|30|25|0|0|1
pocket_scan_00201,corner,-0.80000000000000004,-2.9939999999999998,-30,25,0,0,1,13.199999999999999,11,1.2,4,6,2.8574999999999999,True,False,jaw_or_rail_rejection,corner|0.80000000000000004|30|25|0|0|1
pocket_scan_00202,corner,-0.80000000000000004,-2.9939999999999998,-30,25,20,0,-1,13.199999999999999,11,1.2,4,6,2.8574999999999999,True,False,jaw_or_rail_rejection,corner|0.80000000000000004|30|25|20|0|1
pocket_scan_00203,corner,-0.80000000000000004,-2.9939999999999998,-30,25,20,0,1,13.199999999999999,11,1.2,4,6,2.8574999999999999,True,False,jaw_or_rail_rejection,corner|0.80000000000000004|30|25|20|0|1
pocket_scan_00204,corner,-0.80000000000000004,-2.9939999999999998,-30,25,-20,0,-1,13.199999999999999,11,1.2,4,6,2.8574999999999999,True,False,jaw_or_rail_rejection,corner|0.80000000000000004|30|25|-20|0|1
pocket_scan_00205,corner,-0.80000000000000004,-2.9939999999999998,-30,25,-20,0,1,13.199999999999999,11,1.2,4,6,2.8574999999999999,True,False,jaw_or_rail_rejection,corner|0.80000000000000004|30|25|-20|0|1
pocket_scan_00206,corner,-0.80000000000000004,-2.9939999999999998,-30,25,0,20,-1,13.199999999999999,11,1.2,4,6,2.8574999999999999,True,False,jaw_or_rail_rejection,corner|0.80000000000000004|30|25|0|20|1
pocket_scan_00207,corner,-0.80000000000000004,-2.9939999999999998,-30,25,0,20,1,13.199999999999999,11,1.2,4,6,2.8574999999999999,True,False,jaw_or_rail_rejection,corner|0.80000000000000004|30|25|0|20|1
pocket_scan_00208,corner,-0.80000000000000004,-2.9939999999999998,-30,25,0,-20,-1,13.199999999999999,11,1.2,4,6,2.8574999999999999,True,False,jaw_or_rail_rejection,corner|0.80000000000000004|30|25|0|20|1
pocket_scan_00209,corner,-0.80000000000000004,-2.9939999999999998,-30,25,0,-20,1,13.199999999999999,11,1.2,4,6,2.8574999999999999,True,False,jaw_or_rail_rejection,corner|0.80000000000000004|30|25|0|20|1
pocket_scan_00210,corner,-0.80000000000000004,-2.9939999999999998,-30,100,0,0,-1,13.199999999999999,11,1.2,4,6,2.8574999999999999,True,False,jaw_or_rail_rejection,corner|0.80000000000000004|30|100|0|0|1
pocket_scan_00211,corner,-0.80000000000000004,-2.9939999999999998,-30,100,0,0,1,13.199999999999999,11,1.2,4,6,2.8574999999999999,True,False,jaw_or_rail_rejection,corner|0.80000000000000004|30|100|0|0|1
pocket_scan_00212,corner,-0.80000000000000004,-2.9939999999999998,-30,100,20,0,-1,13.199999999999999,11,1.2,4,6,2.8574999999999999,True,False,jaw_or_rail_rejection,corner|0.80000000000000004|30|100|20|0|1
pocket_scan_00213,corner,-0.80000000000000004,-2.9939999999999998,-30,100,20,0,1,13.199999999999999,11,1.2,4,6,2.8574999999999999,True,False,jaw_or_rail_rejection,corner|0.80000000000000004|30|100|20|0|1
pocket_scan_00214,corner,-0.80000000000000004,-2.9939999999999998,-30,100,-20,0,-1,13.199999999999999,11,1.2,4,6,2.8574999999999999,True,False,jaw_or_rail_rejection,corner|0.80000000000000004|30|100|-20|0|1
pocket_scan_00215,corner,-0.80000000000000004,-2.9939999999999998,-30,100,-20,0,1,13.199999999999999,11,1.2,4,6,2.8574999999999999,True,False,jaw_or_rail_rejection,corner|0.80000000000000004|30|100|-20|0|1
pocket_scan_00216,corner,-0.80000000000000004,-2.9939999999999998,-30,100,0,20,-1,13.199999999999999,11,1.2,4,6,2.8574999999999999,True,False,jaw_or_rail_rejection,corner|0.80000000000000004|30|100|0|20|1
pocket_scan_00217,corner,-0.80000000000000004,-2.9939999999999998,-30,100,0,20,1,13.199999999999999,11,1.2,4,6,2.8574999999999999,True,False,jaw_or_rail_rejection,corner|0.80000000000000004|30|100|0|20|1
pocket_scan_00218,corner,-0.80000000000000004,-2.9939999999999998,-30,100,0,-20,-1,13.199999999999999,11,1.2,4,6,2.8574999999999999,True,False,jaw_or_rail_rejection,corner|0.80000000000000004|30|100|0|20|1
pocket_scan_00219,corner,-0.80000000000000004,-2.9939999999999998,-30,100,0,-20,1,13.199999999999999,11,1.2,4,6,2.8574999999999999,True,False,jaw_or_rail_rejection,corner|0.80000000000000004|30|100|0|20|1
pocket_scan_00220,corner,-0.80000000000000004,-2.9939999999999998,-30,250,0,0,-1,13.199999999999999,11,1.2,4,6,2.8574999999999999,True,False,jaw_or_rail_rejection,corner|0.80000000000000004|30|250|0|0|1
pocket_scan_00221,corner,-0.80000000000000004,-2.9939999999999998,-30,250,0,0,1,13.199999999999999,11,1.2,4,6,2.8574999999999999,True,False,jaw_or_rail_rejection,corner|0.80000000000000004|30|250|0|0|1
pocket_scan_00222,corner,-0.80000000000000004,-2.9939999999999998,-30,250,20,0,-1,13.199999999999999,11,1.2,4,6,2.8574999999999999,True,False,jaw_or_rail_rejection,corner|0.80000000000000004|30|250|20|0|1
pocket_scan_00223,corner,-0.80000000000000004,-2.9939999999999998,-30,250,20,0,1,13.199999999999999,11,1.2,4,6,2.8574999999999999,True,False,jaw_or_rail_rejection,corner|0.80000000000000004|30|250|20|0|1
pocket_scan_00224,corner,-0.80000000000000004,-2.9939999999999998,-30,250,-20,0,-1,13.199999999999999,11,1.2,4,6,2.8574999999999999,True,False,jaw_or_rail_rejection,corner|0.80000000000000004|30|250|-20|0|1
pocket_scan_00225,corner,-0.80000000000000004,-2.9939999999999998,-30,250,-20,0,1,13.199999999999999,11,1.2,4,6,2.8574999999999999,True,False,jaw_or_rail_rejection,corner|0.80000000000000004|30|250|-20|0|1
pocket_scan_00226,corner,-0.80000000000000004,-2.9939999999999998,-30,250,0,20,-1,13.199999999999999,11,1.2,4,6,2.8574999999999999,True,False,jaw_or_rail_rejection,corner|0.80000000000000004|30|250|0|20|1
pocket_scan_00227,corner,-0.80000000000000004,-2.9939999999999998,-30,250,0,20,1,13.199999999999999,11,1.2,4,6,2.8574999999999999,True,False,jaw_or_rail_rejection,corner|0.80000000000000004|30|250|0|20|1
pocket_scan_00228,corner,-0.80000000000000004,-2.9939999999999998,-30,250,0,-20,-1,13.199999999999999,11,1.2,4,6,2.8574999999999999,True,False,jaw_or_rail_rejection,corner|0.80000000000000004|30|250|0|20|1
pocket_scan_00229,corner,-0.80000000000000004,-2.9939999999999998,-30,250,0,-20,1,13.199999999999999,11,1.2,4,6,2.8574999999999999,True,False,jaw_or_rail_rejection,corner|0.80000000000000004|30|250|0|20|1
pocket_scan_00230,corner,-0.80000000000000004,-2.9939999999999998,-30,500,0,0,-1,13.199999999999999,11,1.2,4,6,2.8574999999999999,True,False,jaw_or_rail_rejection,corner|0.80000000000000004|30|500|0|0|1
pocket_scan_00231,corner,-0.80000000000000004,-2.9939999999999998,-30,500,0,0,1,13.199999999999999,11,1.2,4,6,2.8574999999999999,True,False,jaw_or_rail_rejection,corner|0.80000000000000004|30|500|0|0|1
pocket_scan_00232,corner,-0.80000000000000004,-2.9939999999999998,-30,500,20,0,-1,13.199999999999999,11,1.2,4,6,2.8574999999999999,True,False,jaw_or_rail_rejection,corner|0.80000000000000004|30|500|20|0|1
pocket_scan_00233,corner,-0.80000000000000004,-2.9939999999999998,-30,500,20,0,1,13.199999999999999,11,1.2,4,6,2.8574999999999999,True,False,jaw_or_rail_rejection,corner|0.80000000000000004|30|500|20|0|1
pocket_scan_00234,corner,-0.80000000000000004,-2.9939999999999998,-30,500,-20,0,-1,13.199999999999999,11,1.2,4,6,2.8574999999999999,True,False,jaw_or_rail_rejection,corner|0.80000000000000004|30|500|-20|0|1
pocket_scan_00235,corner,-0.80000000000000004,-2.9939999999999998,-30,500,-20,0,1,13.199999999999999,11,1.2,4,6,2.8574999999999999,True,False,jaw_or_rail_rejection,corner|0.80000000000000004|30|500|-20|0|1
pocket_scan_00236,corner,-0.80000000000000004,-2.9939999999999998,-30,500,0,20,-1,13.199999999999999,11,1.2,4,6,2.8574999999999999,True,False,jaw_or_rail_rejection,corner|0.80000000000000004|30|500|0|20|1
pocket_scan_00237,corner,-0.80000000000000004,-2.9939999999999998,-30,500,0,20,1,13.199999999999999,11,1.2,4,6,2.8574999999999999,True,False,jaw_or_rail_rejection,corner|0.80000000000000004|30|500|0|20|1
pocket_scan_00238,corner,-0.80000000000000004,-2.9939999999999998,-30,500,0,-20,-1,13.199999999999999,11,1.2,4,6,2.8574999999999999,True,False,jaw_or_rail_rejection,corner|0.80000000000000004|30|500|0|20|1
pocket_scan_00239,corner,-0.80000000000000004,-2.9939999999999998,-30,500,0,-20,1,13.199999999999999,11,1.2,4,6,2.8574999999999999,True,False,jaw_or_rail_rejection,corner|0.80000000000000004|30|500|0|20|1
pocket_scan_00240,corner,-0.80000000000000004,-2.9939999999999998,-15,25,0,0,-1,13.199999999999999,11,1.2,4,6,2.8574999999999999,True,False,jaw_or_rail_rejection,corner|0.80000000000000004|15|25|0|0|1
pocket_scan_00241,corner,-0.80000000000000004,-2.9939999999999998,-15,25,0,0,1,13.199999999999999,11,1.2,4,6,2.8574999999999999,True,False,jaw_or_rail_rejection,corner|0.80000000000000004|15|25|0|0|1
pocket_scan_00242,corner,-0.80000000000000004,-2.9939999999999998,-15,25,20,0,-1,13.199999999999999,11,1.2,4,6,2.8574999999999999,True,False,jaw_or_rail_rejection,corner|0.80000000000000004|15|25|20|0|1
pocket_scan_00243,corner,-0.80000000000000004,-2.9939999999999998,-15,25,20,0,1,13.199999999999999,11,1.2,4,6,2.8574999999999999,True,False,jaw_or_rail_rejection,corner|0.80000000000000004|15|25|20|0|1
pocket_scan_00244,corner,-0.80000000000000004,-2.9939999999999998,-15,25,-20,0,-1,13.199999999999999,11,1.2,4,6,2.8574999999999999,True,False,jaw_or_rail_rejection,corner|0.80000000000000004|15|25|-20|0|1
pocket_scan_00245,corner,-0.80000000000000004,-2.9939999999999998,-15,25,-20,0,1,13.199999999999999,11,1.2,4,6,2.8574999999999999,True,False,jaw_or_rail_rejection,corner|0.80000000000000004|15|25|-20|0|1
pocket_scan_00246,corner,-0.80000000000000004,-2.9939999999999998,-15,25,0,20,-1,13.199999999999999,11,1.2,4,6,2.8574999999999999,True,False,jaw_or_rail_rejection,corner|0.80000000000000004|15|25|0|20|1
pocket_scan_00247,corner,-0.80000000000000004,-2.9939999999999998,-15,25,0,20,1,13.199999999999999,11,1.2,4,6,2.8574999999999999,True,False,jaw_or_rail_rejection,corner|0.80000000000000004|15|25|0|20|1
pocket_scan_00248,corner,-0.80000000000000004,-2.9939999999999998,-15,25,0,-20,-1,13.199999999999999,11,1.2,4,6,2.8574999999999999,True,False,jaw_or_rail_rejection,corner|0.80000000000000004|15|25|0|20|1
pocket_scan_00249,corner,-0.80000000000000004,-2.9939999999999998,-15,25,0,-20,1,13.199999999999999,11,1.2,4,6,2.8574999999999999,True,False,jaw_or_rail_rejection,corner|0.80000000000000004|15|25|0|20|1
pocket_scan_00250,corner,-0.80000000000000004,-2.9939999999999998,-15,100,0,0,-1,13.199999999999999,11,1.2,4,6,2.8574999999999999,True,False,jaw_or_rail_rejection,corner|0.80000000000000004|15|100|0|0|1
pocket_scan_00251,corner,-0.80000000000000004,-2.9939999999999998,-15,100,0,0,1,13.199999999999999,11,1.2,4,6,2.8574999999999999,True,False,jaw_or_rail_rejection,corner|0.80000000000000004|15|100|0|0|1
pocket_scan_00252,corner,-0.80000000000000004,-2.9939999999999998,-15,100,20,0,-1,13.199999999999999,11,1.2,4,6,2.8574999999999999,True,False,jaw_or_rail_rejection,corner|0.80000000000000004|15|100|20|0|1
pocket_scan_00253,corner,-0.80000000000000004,-2.9939999999999998,-15,100,20,0,1,13.199999999999999,11,1.2,4,6,2.8574999999999999,True,False,jaw_or_rail_rejection,corner|0.80000000000000004|15|100|20|0|1
pocket_scan_00254,corner,-0.80000000000000004,-2.9939999999999998,-15,100,-20,0,-1,13.199999999999999,11,1.2,4,6,2.8574999999999999,True,False,jaw_or_rail_rejection,corner|0.80000000000000004|15|100|-20|0|1
pocket_scan_00255,corner,-0.80000000000000004,-2.9939999999999998,-15,100,-20,0,1,13.199999999999999,11,1.2,4,6,2.8574999999999999,True,False,jaw_or_rail_rejection,corner|0.80000000000000004|15|100|-20|0|1
pocket_scan_00256,corner,-0.80000000000000004,-2.9939999999999998,-15,100,0,20,-1,13.199999999999999,11,1.2,4,6,2.8574999999999999,True,False,jaw_or_rail_rejection,corner|0.80000000000000004|15|100|0|20|1
pocket_scan_00257,corner,-0.80000000000000004,-2.9939999999999998,-15,100,0,20,1,13.199999999999999,11,1.2,4,6,2.8574999999999999,True,False,jaw_or_rail_rejection,corner|0.80000000000000004|15|100|0|20|1
pocket_scan_00258,corner,-0.80000000000000004,-2.9939999999999998,-15,100,0,-20,-1,13.199999999999999,11,1.2,4,6,2.8574999999999999,True,False,jaw_or_rail_rejection,corner|0.80000000000000004|15|100|0|20|1
pocket_scan_00259,corner,-0.80000000000000004,-2.9939999999999998,-15,100,0,-20,1,13.199999999999999,11,1.2,4,6,2.8574999999999999,True,False,jaw_or_rail_rejection,corner|0.80000000000000004|15|100|0|20|1
pocket_scan_00260,corner,-0.80000000000000004,-2.9939999999999998,-15,250,0,0,-1,13.199999999999999,11,1.2,4,6,2.8574999999999999,True,False,jaw_or_rail_rejection,corner|0.80000000000000004|15|250|0|0|1
pocket_scan_00261,corner,-0.80000000000000004,-2.9939999999999998,-15,250,0,0,1,13.199999999999999,11,1.2,4,6,2.8574999999999999,True,False,jaw_or_rail_rejection,corner|0.80000000000000004|15|250|0|0|1
pocket_scan_00262,corner,-0.80000000000000004,-2.9939999999999998,-15,250,20,0,-1,13.199999999999999,11,1.2,4,6,2.8574999999999999,True,False,jaw_or_rail_rejection,corner|0.80000000000000004|15|250|20|0|1
pocket_scan_00263,corner,-0.80000000000000004,-2.9939999999999998,-15,250,20,0,1,13.199999999999999,11,1.2,4,6,2.8574999999999999,True,False,jaw_or_rail_rejection,corner|0.80000000000000004|15|250|20|0|1
pocket_scan_00264,corner,-0.80000000000000004,-2.9939999999999998,-15,250,-20,0,-1,13.199999999999999,11,1.2,4,6,2.8574999999999999,True,False,jaw_or_rail_rejection,corner|0.80000000000000004|15|250|-20|0|1
pocket_scan_00265,corner,-0.80000000000000004,-2.9939999999999998,-15,250,-20,0,1,13.199999999999999,11,1.2,4,6,2.8574999999999999,True,False,jaw_or_rail_rejection,corner|0.80000000000000004|15|250|-20|0|1
pocket_scan_00266,corner,-0.80000000000000004,-2.9939999999999998,-15,250,0,20,-1,13.199999999999999,11,1.2,4,6,2.8574999999999999,True,False,jaw_or_rail_rejection,corner|0.80000000000000004|15|250|0|20|1
pocket_scan_00267,corner,-0.80000000000000004,-2.9939999999999998,-15,250,0,20,1,13.199999999999999,11,1.2,4,6,2.8574999999999999,True,False,jaw_or_rail_rejection,corner|0.80000000000000004|15|250|0|20|1
pocket_scan_00268,corner,-0.80000000000000004,-2.9939999999999998,-15,250,0,-20,-1,13.199999999999999,11,1.2,4,6,2.8574999999999999,True,False,jaw_or_rail_rejection,corner|0.80000000000000004|15|250|0|20|1
pocket_scan_00269,corner,-0.80000000000000004,-2.9939999999999998,-15,250,0,-20,1,13.199999999999999,11,1.2,4,6,2.8574999999999999,True,False,jaw_or_rail_rejection,corner|0.80000000000000004|15|250|0|20|1
pocket_scan_00270,corner,-0.80000000000000004,-2.9939999999999998,-15,500,0,0,-1,13.199999999999999,11,1.2,4,6,2.8574999999999999,True,False,jaw_or_rail_rejection,corner|0.80000000000000004|15|500|0|0|1
pocket_scan_00271,corner,-0.80000000000000004,-2.9939999999999998,-15,500,0,0,1,13.199999999999999,11,1.2,4,6,2.8574999999999999,True,False,jaw_or_rail_rejection,corner|0.80000000000000004|15|500|0|0|1
pocket_scan_00272,corner,-0.80000000000000004,-2.9939999999999998,-15,500,20,0,-1,13.199999999999999,11,1.2,4,6,2.8574999999999999,True,False,jaw_or_rail_rejection,corner|0.80000000000000004|15|500|20|0|1
pocket_scan_00273,corner,-0.80000000000000004,-2.9939999999999998,-15,500,20,0,1,13.199999999999999,11,1.2,4,6,2.8574999999999999,True,False,jaw_or_rail_rejection,corner|0.80000000000000004|15|500|20|0|1
pocket_scan_00274,corner,-0.80000000000000004,-2.9939999999999998,-15,500,-20,0,-1,13.199999999999999,11,1.2,4,6,2.8574999999999999,True,False,jaw_or_rail_rejection,corner|0.80000000000000004|15|500|-20|0|1
pocket_scan_00275,corner,-0.80000000000000004,-2.9939999999999998,-15,500,-20,0,1,13.199999999999999,11,1.2,4,6,2.8574999999999999,True,False,jaw_or_rail_rejection,corner|0.80000000000000004|15|500|-20|0|1
pocket_scan_00276,corner,-0.80000000000000004,-2.9939999999999998,-15,500,0,20,-1,13.199999999999999,11,1.2,4,6,2.8574999999999999,True,False,jaw_or_rail_rejection,corner|0.80000000000000004|15|500|0|20|1
pocket_scan_00277,corner,-0.80000000000000004,-2.9939999999999998,-15,500,0,20,1,13.199999999999999,11,1.2,4,6,2.8574999999999999,True,False,jaw_or_rail_rejection,corner|0.80000000000000004|15|500|0|20|1
pocket_scan_00278,corner,-0.80000000000000004,-2.9939999999999998,-15,500,0,-20,-1,13.199999999999999,11,1.2,4,6,2.8574999999999999,True,False,jaw_or_rail_rejection,corner|0.80000000000000004|15|500|0|20|1
pocket_scan_00279,corner,-0.80000000000000004,-2.9939999999999998,-15,500,0,-20,1,13.199999999999999,11,1.2,4,6,2.8574999999999999,True,False,jaw_or_rail_rejection,corner|0.80000000000000004|15|500|0|20|1
pocket_scan_00280,corner,-0.80000000000000004,-2.9939999999999998,0,25,0,0,-1,13.199999999999999,11,1.2,4,6,2.8574999999999999,True,False,jaw_or_rail_rejection,corner|0.80000000000000004|0|25|0|0|1
pocket_scan_00281,corner,-0.80000000000000004,-2.9939999999999998,0,25,0,0,1,13.199999999999999,11,1.2,4,6,2.8574999999999999,True,False,jaw_or_rail_rejection,corner|0.80000000000000004|0|25|0|0|1
pocket_scan_00282,corner,-0.80000000000000004,-2.9939999999999998,0,25,20,0,-1,13.199999999999999,11,1.2,4,6,2.8574999999999999,True,False,jaw_or_rail_rejection,corner|0.80000000000000004|0|25|20|0|1
pocket_scan_00283,corner,-0.80000000000000004,-2.9939999999999998,0,25,20,0,1,13.199999999999999,11,1.2,4,6,2.8574999999999999,True,False,jaw_or_rail_rejection,corner|0.80000000000000004|0|25|20|0|1
pocket_scan_00284,corner,-0.80000000000000004,-2.9939999999999998,0,25,-20,0,-1,13.199999999999999,11,1.2,4,6,2.8574999999999999,True,False,jaw_or_rail_rejection,corner|0.80000000000000004|0|25|-20|0|1
pocket_scan_00285,corner,-0.80000000000000004,-2.9939999999999998,0,25,-20,0,1,13.199999999999999,11,1.2,4,6,2.8574999999999999,True,False,jaw_or_rail_rejection,corner|0.80000000000000004|0|25|-20|0|1
pocket_scan_00286,corner,-0.80000000000000004,-2.9939999999999998,0,25,0,20,-1,13.199999999999999,11,1.2,4,6,2.8574999999999999,True,False,jaw_or_rail_rejection,corner|0.80000000000000004|0|25|0|20|1
pocket_scan_00287,corner,-0.80000000000000004,-2.9939999999999998,0,25,0,20,1,13.199999999999999,11,1.2,4,6,2.8574999999999999,True,False,jaw_or_rail_rejection,corner|0.80000000000000004|0|25|0|20|1
pocket_scan_00288,corner,-0.80000000000000004,-2.9939999999999998,0,25,0,-20,-1,13.199999999999999,11,1.2,4,6,2.8574999999999999,True,False,jaw_or_rail_rejection,corner|0.80000000000000004|0|25|0|20|1
pocket_scan_00289,corner,-0.80000000000000004,-2.9939999999999998,0,25,0,-20,1,13.199999999999999,11,1.2,4,6,2.8574999999999999,True,False,jaw_or_rail_rejection,corner|0.80000000000000004|0|25|0|20|1
pocket_scan_00290,corner,-0.80000000000000004,-2.9939999999999998,0,100,0,0,-1,13.199999999999999,11,1.2,4,6,2.8574999999999999,True,False,jaw_or_rail_rejection,corner|0.80000000000000004|0|100|0|0|1
pocket_scan_00291,corner,-0.80000000000000004,-2.9939999999999998,0,100,0,0,1,13.199999999999999,11,1.2,4,6,2.8574999999999999,True,False,jaw_or_rail_rejection,corner|0.80000000000000004|0|100|0|0|1
pocket_scan_00292,corner,-0.80000000000000004,-2.9939999999999998,0,100,20,0,-1,13.199999999999999,11,1.2,4,6,2.8574999999999999,True,False,jaw_or_rail_rejection,corner|0.80000000000000004|0|100|20|0|1
pocket_scan_00293,corner,-0.80000000000000004,-2.9939999999999998,0,100,20,0,1,13.199999999999999,11,1.2,4,6,2.8574999999999999,True,False,jaw_or_rail_rejection,corner|0.80000000000000004|0|100|20|0|1
pocket_scan_00294,corner,-0.80000000000000004,-2.9939999999999998,0,100,-20,0,-1,13.199999999999999,11,1.2,4,6,2.8574999999999999,True,False,jaw_or_rail_rejection,corner|0.80000000000000004|0|100|-20|0|1
pocket_scan_00295,corner,-0.80000000000000004,-2.9939999999999998,0,100,-20,0,1,13.199999999999999,11,1.2,4,6,2.8574999999999999,True,False,jaw_or_rail_rejection,corner|0.80000000000000004|0|100|-20|0|1
pocket_scan_00296,corner,-0.80000000000000004,-2.9939999999999998,0,100,0,20,-1,13.199999999999999,11,1.2,4,6,2.8574999999999999,True,False,jaw_or_rail_rejection,corner|0.80000000000000004|0|100|0|20|1
pocket_scan_00297,corner,-0.80000000000000004,-2.9939999999999998,0,100,0,20,1,13.199999999999999,11,1.2,4,6,2.8574999999999999,True,False,jaw_or_rail_rejection,corner|0.80000000000000004|0|100|0|20|1
pocket_scan_00298,corner,-0.80000000000000004,-2.9939999999999998,0,100,0,-20,-1,13.199999999999999,11,1.2,4,6,2.8574999999999999,True,False,jaw_or_rail_rejection,corner|0.80000000000000004|0|100|0|20|1
pocket_scan_00299,corner,-0.80000000000000004,-2.9939999999999998,0,100,0,-20,1,13.199999999999999,11,1.2,4,6,2.8574999999999999,True,False,jaw_or_rail_rejection,corner|0.80000000000000004|0|100|0|20|1
pocket_scan_00300,corner,-0.80000000000000004,-2.9939999999999998,0,250,0,0,-1,13.199999999999999,11,1.2,4,6,2.8574999999999999,True,False,jaw_or_rail_rejection,corner|0.80000000000000004|0|250|0|0|1
pocket_scan_00301,corner,-0.80000000000000004,-2.9939999999999998,0,250,0,0,1,13.199999999999999,11,1.2,4,6,2.8574999999999999,True,False,jaw_or_rail_rejection,corner|0.80000000000000004|0|250|0|0|1
pocket_scan_00302,corner,-0.80000000000000004,-2.9939999999999998,0,250,20,0,-1,13.199999999999999,11,1.2,4,6,2.8574999999999999,True,False,jaw_or_rail_rejection,corner|0.80000000000000004|0|250|20|0|1
pocket_scan_00303,corner,-0.80000000000000004,-2.9939999999999998,0,250,20,0,1,13.199999999999999,11,1.2,4,6,2.8574999999999999,True,False,jaw_or_rail_rejection,corner|0.80000000000000004|0|250|20|0|1
pocket_scan_00304,corner,-0.80000000000000004,-2.9939999999999998,0,250,-20,0,-1,13.199999999999999,11,1.2,4,6,2.8574999999999999,True,False,jaw_or_rail_rejection,corner|0.80000000000000004|0|250|-20|0|1
pocket_scan_00305,corner,-0.80000000000000004,-2.9939999999999998,0,250,-20,0,1,13.199999999999999,11,1.2,4,6,2.8574999999999999,True,False,jaw_or_rail_rejection,corner|0.80000000000000004|0|250|-20|0|1
pocket_scan_00306,corner,-0.80000000000000004,-2.9939999999999998,0,250,0,20,-1,13.199999999999999,11,1.2,4,6,2.8574999999999999,True,False,jaw_or_rail_rejection,corner|0.80000000000000004|0|250|0|20|1
pocket_scan_00307,corner,-0.80000000000000004,-2.9939999999999998,0,250,0,20,1,13.199999999999999,11,1.2,4,6,2.8574999999999999,True,False,jaw_or_rail_rejection,corner|0.80000000000000004|0|250|0|20|1
pocket_scan_00308,corner,-0.80000000000000004,-2.9939999999999998,0,250,0,-20,-1,13.199999999999999,11,1.2,4,6,2.8574999999999999,True,False,jaw_or_rail_rejection,corner|0.80000000000000004|0|250|0|20|1
pocket_scan_00309,corner,-0.80000000000000004,-2.9939999999999998,0,250,0,-20,1,13.199999999999999,11,1.2,4,6,2.8574999999999999,True,False,jaw_or_rail_rejection,corner|0.80000000000000004|0|250|0|20|1
pocket_scan_00310,corner,-0.80000000000000004,-2.9939999999999998,0,500,0,0,-1,13.199999999999999,11,1.2,4,6,2.8574999999999999,True,False,jaw_or_rail_rejection,corner|0.80000000000000004|0|500|0|0|1
pocket_scan_00311,corner,-0.80000000000000004,-2.9939999999999998,0,500,0,0,1,13.199999999999999,11,1.2,4,6,2.8574999999999999,True,False,jaw_or_rail_rejection,corner|0.80000000000000004|0|500|0|0|1
pocket_scan_00312,corner,-0.80000000000000004,-2.9939999999999998,0,500,20,0,-1,13.199999999999999,11,1.2,4,6,2.8574999999999999,True,False,jaw_or_rail_rejection,corner|0.80000000000000004|0|500|20|0|1
pocket_scan_00313,corner,-0.80000000000000004,-2.9939999999999998,0,500,20,0,1,13.199999999999999,11,1.2,4,6,2.8574999999999999,True,False,jaw_or_rail_rejection,corner|0.80000000000000004|0|500|20|0|1
pocket_scan_00314,corner,-0.80000000000000004,-2.9939999999999998,0,500,-20,0,-1,13.199999999999999,11,1.2,4,6,2.8574999999999999,True,False,jaw_or_rail_rejection,corner|0.80000000000000004|0|500|-20|0|1
pocket_scan_00315,corner,-0.80000000000000004,-2.9939999999999998,0,500,-20,0,1,13.199999999999999,11,1.2,4,6,2.8574999999999999,True,False,jaw_or_rail_rejection,corner|0.80000000000000004|0|500|-20|0|1
pocket_scan_00316,corner,-0.80000000000000004,-2.9939999999999998,0,500,0,20,-1,13.199999999999999,11,1.2,4,6,2.8574999999999999,True,False,jaw_or_rail_rejection,corner|0.80000000000000004|0|500|0|20|1
pocket_scan_00317,corner,-0.80000000000000004,-2.9939999999999998,0,500,0,20,1,13.199999999999999,11,1.2,4,6,2.8574999999999999,True,False,jaw_or_rail_rejection,corner|0.80000000000000004|0|500|0|20|1
pocket_scan_00318,corner,-0.80000000000000004,-2.9939999999999998,0,500,0,-20,-1,13.199999999999999,11,1.2,4,6,2.8574999999999999,True,False,jaw_or_rail_rejection,corner|0.80000000000000004|0|500|0|20|1
pocket_scan_00319,corner,-0.80000000000000004,-2.9939999999999998,0,500,0,-20,1,13.199999999999999,11,1.2,4,6,2.8574999999999999,True,False,jaw_or_rail_rejection,corner|0.80000000000000004|0|500|0|20|1
pocket_scan_00320,corner,-0.80000000000000004,-2.9939999999999998,15,25,0,0,-1,13.199999999999999,11,1.2,4,6,2.8574999999999999,True,False,jaw_or_rail_rejection,corner|0.80000000000000004|15|25|0|0|1
pocket_scan_00321,corner,-0.80000000000000004,-2.9939999999999998,15,25,0,0,1,13.199999999999999,11,1.2,4,6,2.8574999999999999,True,False,jaw_or_rail_rejection,corner|0.80000000000000004|15|25|0|0|1
pocket_scan_00322,corner,-0.80000000000000004,-2.9939999999999998,15,25,20,0,-1,13.199999999999999,11,1.2,4,6,2.8574999999999999,True,False,jaw_or_rail_rejection,corner|0.80000000000000004|15|25|20|0|1
pocket_scan_00323,corner,-0.80000000000000004,-2.9939999999999998,15,25,20,0,1,13.199999999999999,11,1.2,4,6,2.8574999999999999,True,False,jaw_or_rail_rejection,corner|0.80000000000000004|15|25|20|0|1
pocket_scan_00324,corner,-0.80000000000000004,-2.9939999999999998,15,25,-20,0,-1,13.199999999999999,11,1.2,4,6,2.8574999999999999,True,False,jaw_or_rail_rejection,corner|0.80000000000000004|15|25|-20|0|1
pocket_scan_00325,corner,-0.80000000000000004,-2.9939999999999998,15,25,-20,0,1,13.199999999999999,11,1.2,4,6,2.8574999999999999,True,False,jaw_or_rail_rejection,corner|0.80000000000000004|15|25|-20|0|1
pocket_scan_00326,corner,-0.80000000000000004,-2.9939999999999998,15,25,0,20,-1,13.199999999999999,11,1.2,4,6,2.8574999999999999,True,False,jaw_or_rail_rejection,corner|0.80000000000000004|15|25|0|20|1
pocket_scan_00327,corner,-0.80000000000000004,-2.9939999999999998,15,25,0,20,1,13.199999999999999,11,1.2,4,6,2.8574999999999999,True,False,jaw_or_rail_rejection,corner|0.80000000000000004|15|25|0|20|1
pocket_scan_00328,corner,-0.80000000000000004,-2.9939999999999998,15,25,0,-20,-1,13.199999999999999,11,1.2,4,6,2.8574999999999999,True,False,jaw_or_rail_rejection,corner|0.80000000000000004|15|25|0|20|1
pocket_scan_00329,corner,-0.80000000000000004,-2.9939999999999998,15,25,0,-20,1,13.199999999999999,11,1.2,4,6,2.8574999999999999,True,False,jaw_or_rail_rejection,corner|0.80000000000000004|15|25|0|20|1
pocket_scan_00330,corner,-0.80000000000000004,-2.9939999999999998,15,100,0,0,-1,13.199999999999999,11,1.2,4,6,2.8574999999999999,True,False,jaw_or_rail_rejection,corner|0.80000000000000004|15|100|0|0|1
pocket_scan_00331,corner,-0.80000000000000004,-2.9939999999999998,15,100,0,0,1,13.199999999999999,11,1.2,4,6,2.8574999999999999,True,False,jaw_or_rail_rejection,corner|0.80000000000000004|15|100|0|0|1
pocket_scan_00332,corner,-0.80000000000000004,-2.9939999999999998,15,100,20,0,-1,13.199999999999999,11,1.2,4,6,2.8574999999999999,True,False,jaw_or_rail_rejection,corner|0.80000000000000004|15|100|20|0|1
pocket_scan_00333,corner,-0.80000000000000004,-2.9939999999999998,15,100,20,0,1,13.199999999999999,11,1.2,4,6,2.8574999999999999,True,False,jaw_or_rail_rejection,corner|0.80000000000000004|15|100|20|0|1
pocket_scan_00334,corner,-0.80000000000000004,-2.9939999999999998,15,100,-20,0,-1,13.199999999999999,11,1.2,4,6,2.8574999999999999,True,False,jaw_or_rail_rejection,corner|0.80000000000000004|15|100|-20|0|1
pocket_scan_00335,corner,-0.80000000000000004,-2.9939999999999998,15,100,-20,0,1,13.199999999999999,11,1.2,4,6,2.8574999999999999,True,False,jaw_or_rail_rejection,corner|0.80000000000000004|15|100|-20|0|1
pocket_scan_00336,corner,-0.80000000000000004,-2.9939999999999998,15,100,0,20,-1,13.199999999999999,11,1.2,4,6,2.8574999999999999,True,False,jaw_or_rail_rejection,corner|0.80000000000000004|15|100|0|20|1
pocket_scan_00337,corner,-0.80000000000000004,-2.9939999999999998,15,100,0,20,1,13.199999999999999,11,1.2,4,6,2.8574999999999999,True,False,jaw_or_rail_rejection,corner|0.80000000000000004|15|100|0|20|1
pocket_scan_00338,corner,-0.80000000000000004,-2.9939999999999998,15,100,0,-20,-1,13.199999999999999,11,1.2,4,6,2.8574999999999999,True,False,jaw_or_rail_rejection,corner|0.80000000000000004|15|100|0|20|1
pocket_scan_00339,corner,-0.80000000000000004,-2.9939999999999998,15,100,0,-20,1,13.199999999999999,11,1.2,4,6,2.8574999999999999,True,False,jaw_or_rail_rejection,corner|0.80000000000000004|15|100|0|20|1
pocket_scan_00340,corner,-0.80000000000000004,-2.9939999999999998,15,250,0,0,-1,13.199999999999999,11,1.2,4,6,2.8574999999999999,True,False,jaw_or_rail_rejection,corner|0.80000000000000004|15|250|0|0|1
pocket_scan_00341,corner,-0.80000000000000004,-2.9939999999999998,15,250,0,0,1,13.199999999999999,11,1.2,4,6,2.8574999999999999,True,False,jaw_or_rail_rejection,corner|0.80000000000000004|15|250|0|0|1
pocket_scan_00342,corner,-0.80000000000000004,-2.9939999999999998,15,250,20,0,-1,13.199999999999999,11,1.2,4,6,2.8574999999999999,True,False,jaw_or_rail_rejection,corner|0.80000000000000004|15|250|20|0|1
pocket_scan_00343,corner,-0.80000000000000004,-2.9939999999999998,15,250,20,0,1,13.199999999999999,11,1.2,4,6,2.8574999999999999,True,False,jaw_or_rail_rejection,corner|0.80000000000000004|15|250|20|0|1
pocket_scan_00344,corner,-0.80000000000000004,-2.9939999999999998,15,250,-20,0,-1,13.199999999999999,11,1.2,4,6,2.8574999999999999,True,False,jaw_or_rail_rejection,corner|0.80000000000000004|15|250|-20|0|1
pocket_scan_00345,corner,-0.80000000000000004,-2.9939999999999998,15,250,-20,0,1,13.199999999999999,11,1.2,4,6,2.8574999999999999,True,False,jaw_or_rail_rejection,corner|0.80000000000000004|15|250|-20|0|1
pocket_scan_00346,corner,-0.80000000000000004,-2.9939999999999998,15,250,0,20,-1,13.199999999999999,11,1.2,4,6,2.8574999999999999,True,False,jaw_or_rail_rejection,corner|0.80000000000000004|15|250|0|20|1
pocket_scan_00347,corner,-0.80000000000000004,-2.9939999999999998,15,250,0,20,1,13.199999999999999,11,1.2,4,6,2.8574999999999999,True,False,jaw_or_rail_rejection,corner|0.80000000000000004|15|250|0|20|1
pocket_scan_00348,corner,-0.80000000000000004,-2.9939999999999998,15,250,0,-20,-1,13.199999999999999,11,1.2,4,6,2.8574999999999999,True,False,jaw_or_rail_rejection,corner|0.80000000000000004|15|250|0|20|1
pocket_scan_00349,corner,-0.80000000000000004,-2.9939999999999998,15,250,0,-20,1,13.199999999999999,11,1.2,4,6,2.8574999999999999,True,False,jaw_or_rail_rejection,corner|0.80000000000000004|15|250|0|20|1
pocket_scan_00350,corner,-0.80000000000000004,-2.9939999999999998,15,500,0,0,-1,13.199999999999999,11,1.2,4,6,2.8574999999999999,True,False,jaw_or_rail_rejection,corner|0.80000000000000004|15|500|0|0|1
pocket_scan_00351,corner,-0.80000000000000004,-2.9939999999999998,15,500,0,0,1,13.199999999999999,11,1.2,4,6,2.8574999999999999,True,False,jaw_or_rail_rejection,corner|0.80000000000000004|15|500|0|0|1
pocket_scan_00352,corner,-0.80000000000000004,-2.9939999999999998,15,500,20,0,-1,13.199999999999999,11,1.2,4,6,2.8574999999999999,True,False,jaw_or_rail_rejection,corner|0.80000000000000004|15|500|20|0|1
pocket_scan_00353,corner,-0.80000000000000004,-2.9939999999999998,15,500,20,0,1,13.199999999999999,11,1.2,4,6,2.8574999999999999,True,False,jaw_or_rail_rejection,corner|0.80000000000000004|15|500|20|0|1
pocket_scan_00354,corner,-0.80000000000000004,-2.9939999999999998,15,500,-20,0,-1,13.199999999999999,11,1.2,4,6,2.8574999999999999,True,False,jaw_or_rail_rejection,corner|0.80000000000000004|15|500|-20|0|1
pocket_scan_00355,corner,-0.80000000000000004,-2.9939999999999998,15,500,-20,0,1,13.199999999999999,11,1.2,4,6,2.8574999999999999,True,False,jaw_or_rail_rejection,corner|0.80000000000000004|15|500|-20|0|1
pocket_scan_00356,corner,-0.80000000000000004,-2.9939999999999998,15,500,0,20,-1,13.199999999999999,11,1.2,4,6,2.8574999999999999,True,False,jaw_or_rail_rejection,corner|0.80000000000000004|15|500|0|20|1
pocket_scan_00357,corner,-0.80000000000000004,-2.9939999999999998,15,500,0,20,1,13.199999999999999,11,1.2,4,6,2.8574999999999999,True,False,jaw_or_rail_rejection,corner|0.80000000000000004|15|500|0|20|1
pocket_scan_00358,corner,-0.80000000000000004,-2.9939999999999998,15,500,0,-20,-1,13.199999999999999,11,1.2,4,6,2.8574999999999999,True,False,jaw_or_rail_rejection,corner|0.80000000000000004|15|500|0|20|1
pocket_scan_00359,corner,-0.80000000000000004,-2.9939999999999998,15,500,0,-20,1,13.199999999999999,11,1.2,4,6,2.8574999999999999,True,False,jaw_or_rail_rejection,corner|0.80000000000000004|15|500|0|20|1
pocket_scan_00360,corner,-0.80000000000000004,-2.9939999999999998,30,25,0,0,-1,13.199999999999999,11,1.2,4,6,2.8574999999999999,True,False,jaw_or_rail_rejection,corner|0.80000000000000004|30|25|0|0|1
pocket_scan_00361,corner,-0.80000000000000004,-2.9939999999999998,30,25,0,0,1,13.199999999999999,11,1.2,4,6,2.8574999999999999,True,False,jaw_or_rail_rejection,corner|0.80000000000000004|30|25|0|0|1
pocket_scan_00362,corner,-0.80000000000000004,-2.9939999999999998,30,25,20,0,-1,13.199999999999999,11,1.2,4,6,2.8574999999999999,True,False,jaw_or_rail_rejection,corner|0.80000000000000004|30|25|20|0|1
pocket_scan_00363,corner,-0.80000000000000004,-2.9939999999999998,30,25,20,0,1,13.199999999999999,11,1.2,4,6,2.8574999999999999,True,False,jaw_or_rail_rejection,corner|0.80000000000000004|30|25|20|0|1
pocket_scan_00364,corner,-0.80000000000000004,-2.9939999999999998,30,25,-20,0,-1,13.199999999999999,11,1.2,4,6,2.8574999999999999,True,False,jaw_or_rail_rejection,corner|0.80000000000000004|30|25|-20|0|1
pocket_scan_00365,corner,-0.80000000000000004,-2.9939999999999998,30,25,-20,0,1,13.199999999999999,11,1.2,4,6,2.8574999999999999,True,False,jaw_or_rail_rejection,corner|0.80000000000000004|30|25|-20|0|1
pocket_scan_00366,corner,-0.80000000000000004,-2.9939999999999998,30,25,0,20,-1,13.199999999999999,11,1.2,4,6,2.8574999999999999,True,False,jaw_or_rail_rejection,corner|0.80000000000000004|30|25|0|20|1
pocket_scan_00367,corner,-0.80000000000000004,-2.9939999999999998,30,25,0,20,1,13.199999999999999,11,1.2,4,6,2.8574999999999999,True,False,jaw_or_rail_rejection,corner|0.80000000000000004|30|25|0|20|1
pocket_scan_00368,corner,-0.80000000000000004,-2.9939999999999998,30,25,0,-20,-1,13.199999999999999,11,1.2,4,6,2.8574999999999999,True,False,jaw_or_rail_rejection,corner|0.80000000000000004|30|25|0|20|1
pocket_scan_00369,corner,-0.80000000000000004,-2.9939999999999998,30,25,0,-20,1,13.199999999999999,11,1.2,4,6,2.8574999999999999,True,False,jaw_or_rail_rejection,corner|0.80000000000000004|30|25|0|20|1
pocket_scan_00370,corner,-0.80000000000000004,-2.9939999999999998,30,100,0,0,-1,13.199999999999999,11,1.2,4,6,2.8574999999999999,True,False,jaw_or_rail_rejection,corner|0.80000000000000004|30|100|0|0|1
pocket_scan_00371,corner,-0.80000000000000004,-2.9939999999999998,30,100,0,0,1,13.199999999999999,11,1.2,4,6,2.8574999999999999,True,False,jaw_or_rail_rejection,corner|0.80000000000000004|30|100|0|0|1
pocket_scan_00372,corner,-0.80000000000000004,-2.9939999999999998,30,100,20,0,-1,13.199999999999999,11,1.2,4,6,2.8574999999999999,True,False,jaw_or_rail_rejection,corner|0.80000000000000004|30|100|20|0|1
pocket_scan_00373,corner,-0.80000000000000004,-2.9939999999999998,30,100,20,0,1,13.199999999999999,11,1.2,4,6,2.8574999999999999,True,False,jaw_or_rail_rejection,corner|0.80000000000000004|30|100|20|0|1
pocket_scan_00374,corner,-0.80000000000000004,-2.9939999999999998,30,100,-20,0,-1,13.199999999999999,11,1.2,4,6,2.8574999999999999,True,False,jaw_or_rail_rejection,corner|0.80000000000000004|30|100|-20|0|1
pocket_scan_00375,corner,-0.80000000000000004,-2.9939999999999998,30,100,-20,0,1,13.199999999999999,11,1.2,4,6,2.8574999999999999,True,False,jaw_or_rail_rejection,corner|0.80000000000000004|30|100|-20|0|1
pocket_scan_00376,corner,-0.80000000000000004,-2.9939999999999998,30,100,0,20,-1,13.199999999999999,11,1.2,4,6,2.8574999999999999,True,False,jaw_or_rail_rejection,corner|0.80000000000000004|30|100|0|20|1
pocket_scan_00377,corner,-0.80000000000000004,-2.9939999999999998,30,100,0,20,1,13.199999999999999,11,1.2,4,6,2.8574999999999999,True,False,jaw_or_rail_rejection,corner|0.80000000000000004|30|100|0|20|1
pocket_scan_00378,corner,-0.80000000000000004,-2.9939999999999998,30,100,0,-20,-1,13.199999999999999,11,1.2,4,6,2.8574999999999999,True,False,jaw_or_rail_rejection,corner|0.80000000000000004|30|100|0|20|1
pocket_scan_00379,corner,-0.80000000000000004,-2.9939999999999998,30,100,0,-20,1,13.199999999999999,11,1.2,4,6,2.8574999999999999,True,False,jaw_or_rail_rejection,corner|0.80000000000000004|30|100|0|20|1
pocket_scan_00380,corner,-0.80000000000000004,-2.9939999999999998,30,250,0,0,-1,13.199999999999999,11,1.2,4,6,2.8574999999999999,True,False,jaw_or_rail_rejection,corner|0.80000000000000004|30|250|0|0|1
pocket_scan_00381,corner,-0.80000000000000004,-2.9939999999999998,30,250,0,0,1,13.199999999999999,11,1.2,4,6,2.8574999999999999,True,False,jaw_or_rail_rejection,corner|0.80000000000000004|30|250|0|0|1
pocket_scan_00382,corner,-0.80000000000000004,-2.9939999999999998,30,250,20,0,-1,13.199999999999999,11,1.2,4,6,2.8574999999999999,True,False,jaw_or_rail_rejection,corner|0.80000000000000004|30|250|20|0|1
pocket_scan_00383,corner,-0.80000000000000004,-2.9939999999999998,30,250,20,0,1,13.199999999999999,11,1.2,4,6,2.8574999999999999,True,False,jaw_or_rail_rejection,corner|0.80000000000000004|30|250|20|0|1
pocket_scan_00384,corner,-0.80000000000000004,-2.9939999999999998,30,250,-20,0,-1,13.199999999999999,11,1.2,4,6,2.8574999999999999,True,False,jaw_or_rail_rejection,corner|0.80000000000000004|30|250|-20|0|1
pocket_scan_00385,corner,-0.80000000000000004,-2.9939999999999998,30,250,-20,0,1,13.199999999999999,11,1.2,4,6,2.8574999999999999,True,False,jaw_or_rail_rejection,corner|0.80000000000000004|30|250|-20|0|1
pocket_scan_00386,corner,-0.80000000000000004,-2.9939999999999998,30,250,0,20,-1,13.199999999999999,11,1.2,4,6,2.8574999999999999,True,False,jaw_or_rail_rejection,corner|0.80000000000000004|30|250|0|20|1
pocket_scan_00387,corner,-0.80000000000000004,-2.9939999999999998,30,250,0,20,1,13.199999999999999,11,1.2,4,6,2.8574999999999999,True,False,jaw_or_rail_rejection,corner|0.80000000000000004|30|250|0|20|1
pocket_scan_00388,corner,-0.80000000000000004,-2.9939999999999998,30,250,0,-20,-1,13.199999999999999,11,1.2,4,6,2.8574999999999999,True,False,jaw_or_rail_rejection,corner|0.80000000000000004|30|250|0|20|1
pocket_scan_00389,corner,-0.80000000000000004,-2.9939999999999998,30,250,0,-20,1,13.199999999999999,11,1.2,4,6,2.8574999999999999,True,False,jaw_or_rail_rejection,corner|0.80000000000000004|30|250|0|20|1
pocket_scan_00390,corner,-0.80000000000000004,-2.9939999999999998,30,500,0,0,-1,13.199999999999999,11,1.2,4,6,2.8574999999999999,True,False,jaw_or_rail_rejection,corner|0.80000000000000004|30|500|0|0|1
pocket_scan_00391,corner,-0.80000000000000004,-2.9939999999999998,30,500,0,0,1,13.199999999999999,11,1.2,4,6,2.8574999999999999,True,False,jaw_or_rail_rejection,corner|0.80000000000000004|30|500|0|0|1
pocket_scan_00392,corner,-0.80000000000000004,-2.9939999999999998,30,500,20,0,-1,13.199999999999999,11,1.2,4,6,2.8574999999999999,True,False,jaw_or_rail_rejection,corner|0.80000000000000004|30|500|20|0|1
pocket_scan_00393,corner,-0.80000000000000004,-2.9939999999999998,30,500,20,0,1,13.199999999999999,11,1.2,4,6,2.8574999999999999,True,False,jaw_or_rail_rejection,corner|0.80000000000000004|30|500|20|0|1
pocket_scan_00394,corner,-0.80000000000000004,-2.9939999999999998,30,500,-20,0,-1,13.199999999999999,11,1.2,4,6,2.8574999999999999,True,False,jaw_or_rail_rejection,corner|0.80000000000000004|30|500|-20|0|1
pocket_scan_00395,corner,-0.80000000000000004,-2.9939999999999998,30,500,-20,0,1,13.199999999999999,11,1.2,4,6,2.8574999999999999,True,False,jaw_or_rail_rejection,corner|0.80000000000000004|30|500|-20|0|1
pocket_scan_00396,corner,-0.80000000000000004,-2.9939999999999998,30,500,0,20,-1,13.199999999999999,11,1.2,4,6,2.8574999999999999,True,False,jaw_or_rail_rejection,corner|0.80000000000000004|30|500|0|20|1
pocket_scan_00397,corner,-0.80000000000000004,-2.9939999999999998,30,500,0,20,1,13.199999999999999,11,1.2,4,6,2.8574999999999999,True,False,jaw_or_rail_rejection,corner|0.80000000000000004|30|500|0|20|1
pocket_scan_00398,corner,-0.80000000000000004,-2.9939999999999998,30,500,0,-20,-1,13.199999999999999,11,1.2,4,6,2.8574999999999999,True,False,jaw_or_rail_rejection,corner|0.80000000000000004|30|500|0|20|1
pocket_scan_00399,corner,-0.80000000000000004,-2.9939999999999998,30,500,0,-20,1,13.199999999999999,11,1.2,4,6,2.8574999999999999,True,False,jaw_or_rail_rejection,corner|0.80000000000000004|30|500|0|20|1
pocket_scan_00400,corner,-0.40000000000000002,-1.4969999999999999,-30,25,0,0,-1,13.199999999999999,11,1.2,4,6,2.8574999999999999,True,True,capture,corner|0.40000000000000002|30|25|0|0|1
pocket_scan_00401,corner,-0.40000000000000002,-1.4969999999999999,-30,25,0,0,1,13.199999999999999,11,1.2,4,6,2.8574999999999999,True,True,capture,corner|0.40000000000000002|30|25|0|0|1
pocket_scan_00402,corner,-0.40000000000000002,-1.4969999999999999,-30,25,20,0,-1,13.199999999999999,11,1.2,4,6,2.8574999999999999,True,True,capture,corner|0.40000000000000002|30|25|20|0|1
pocket_scan_00403,corner,-0.40000000000000002,-1.4969999999999999,-30,25,20,0,1,13.199999999999999,11,1.2,4,6,2.8574999999999999,True,True,capture,corner|0.40000000000000002|30|25|20|0|1
pocket_scan_00404,corner,-0.40000000000000002,-1.4969999999999999,-30,25,-20,0,-1,13.199999999999999,11,1.2,4,6,2.8574999999999999,True,True,capture,corner|0.40000000000000002|30|25|-20|0|1
pocket_scan_00405,corner,-0.40000000000000002,-1.4969999999999999,-30,25,-20,0,1,13.199999999999999,11,1.2,4,6,2.8574999999999999,True,True,capture,corner|0.40000000000000002|30|25|-20|0|1
pocket_scan_00406,corner,-0.40000000000000002,-1.4969999999999999,-30,25,0,20,-1,13.199999999999999,11,1.2,4,6,2.8574999999999999,True,True,capture,corner|0.40000000000000002|30|25|0|20|1
pocket_scan_00407,corner,-0.40000000000000002,-1.4969999999999999,-30,25,0,20,1,13.199999999999999,11,1.2,4,6,2.8574999999999999,True,True,capture,corner|0.40000000000000002|30|25|0|20|1
pocket_scan_00408,corner,-0.40000000000000002,-1.4969999999999999,-30,25,0,-20,-1,13.199999999999999,11,1.2,4,6,2.8574999999999999,True,True,capture,corner|0.40000000000000002|30|25|0|20|1
pocket_scan_00409,corner,-0.40000000000000002,-1.4969999999999999,-30,25,0,-20,1,13.199999999999999,11,1.2,4,6,2.8574999999999999,True,True,capture,corner|0.40000000000000002|30|25|0|20|1
pocket_scan_00410,corner,-0.40000000000000002,-1.4969999999999999,-30,100,0,0,-1,13.199999999999999,11,1.2,4,6,2.8574999999999999,True,True,capture,corner|0.40000000000000002|30|100|0|0|1
pocket_scan_00411,corner,-0.40000000000000002,-1.4969999999999999,-30,100,0,0,1,13.199999999999999,11,1.2,4,6,2.8574999999999999,True,True,capture,corner|0.40000000000000002|30|100|0|0|1
pocket_scan_00412,corner,-0.40000000000000002,-1.4969999999999999,-30,100,20,0,-1,13.199999999999999,11,1.2,4,6,2.8574999999999999,True,True,capture,corner|0.40000000000000002|30|100|20|0|1
pocket_scan_00413,corner,-0.40000000000000002,-1.4969999999999999,-30,100,20,0,1,13.199999999999999,11,1.2,4,6,2.8574999999999999,True,True,capture,corner|0.40000000000000002|30|100|20|0|1
pocket_scan_00414,corner,-0.40000000000000002,-1.4969999999999999,-30,100,-20,0,-1,13.199999999999999,11,1.2,4,6,2.8574999999999999,True,True,capture,corner|0.40000000000000002|30|100|-20|0|1
pocket_scan_00415,corner,-0.40000000000000002,-1.4969999999999999,-30,100,-20,0,1,13.199999999999999,11,1.2,4,6,2.8574999999999999,True,True,capture,corner|0.40000000000000002|30|100|-20|0|1
pocket_scan_00416,corner,-0.40000000000000002,-1.4969999999999999,-30,100,0,20,-1,13.199999999999999,11,1.2,4,6,2.8574999999999999,True,True,capture,corner|0.40000000000000002|30|100|0|20|1
pocket_scan_00417,corner,-0.40000000000000002,-1.4969999999999999,-30,100,0,20,1,13.199999999999999,11,1.2,4,6,2.8574999999999999,True,True,capture,corner|0.40000000000000002|30|100|0|20|1
pocket_scan_00418,corner,-0.40000000000000002,-1.4969999999999999,-30,100,0,-20,-1,13.199999999999999,11,1.2,4,6,2.8574999999999999,True,True,capture,corner|0.40000000000000002|30|100|0|20|1
pocket_scan_00419,corner,-0.40000000000000002,-1.4969999999999999,-30,100,0,-20,1,13.199999999999999,11,1.2,4,6,2.8574999999999999,True,True,capture,corner|0.40000000000000002|30|100|0|20|1
pocket_scan_00420,corner,-0.40000000000000002,-1.4969999999999999,-30,250,0,0,-1,13.199999999999999,11,1.2,4,6,2.8574999999999999,True,True,capture,corner|0.40000000000000002|30|250|0|0|1
pocket_scan_00421,corner,-0.40000000000000002,-1.4969999999999999,-30,250,0,0,1,13.199999999999999,11,1.2,4,6,2.8574999999999999,True,True,capture,corner|0.40000000000000002|30|250|0|0|1
pocket_scan_00422,corner,-0.40000000000000002,-1.4969999999999999,-30,250,20,0,-1,13.199999999999999,11,1.2,4,6,2.8574999999999999,True,True,capture,corner|0.40000000000000002|30|250|20|0|1
pocket_scan_00423,corner,-0.40000000000000002,-1.4969999999999999,-30,250,20,0,1,13.199999999999999,11,1.2,4,6,2.8574999999999999,True,True,capture,corner|0.40000000000000002|30|250|20|0|1
pocket_scan_00424,corner,-0.40000000000000002,-1.4969999999999999,-30,250,-20,0,-1,13.199999999999999,11,1.2,4,6,2.8574999999999999,True,True,capture,corner|0.40000000000000002|30|250|-20|0|1
pocket_scan_00425,corner,-0.40000000000000002,-1.4969999999999999,-30,250,-20,0,1,13.199999999999999,11,1.2,4,6,2.8574999999999999,True,True,capture,corner|0.40000000000000002|30|250|-20|0|1
pocket_scan_00426,corner,-0.40000000000000002,-1.4969999999999999,-30,250,0,20,-1,13.199999999999999,11,1.2,4,6,2.8574999999999999,True,True,capture,corner|0.40000000000000002|30|250|0|20|1
pocket_scan_00427,corner,-0.40000000000000002,-1.4969999999999999,-30,250,0,20,1,13.199999999999999,11,1.2,4,6,2.8574999999999999,True,True,capture,corner|0.40000000000000002|30|250|0|20|1
pocket_scan_00428,corner,-0.40000000000000002,-1.4969999999999999,-30,250,0,-20,-1,13.199999999999999,11,1.2,4,6,2.8574999999999999,True,True,capture,corner|0.40000000000000002|30|250|0|20|1
pocket_scan_00429,corner,-0.40000000000000002,-1.4969999999999999,-30,250,0,-20,1,13.199999999999999,11,1.2,4,6,2.8574999999999999,True,True,capture,corner|0.40000000000000002|30|250|0|20|1
pocket_scan_00430,corner,-0.40000000000000002,-1.4969999999999999,-30,500,0,0,-1,13.199999999999999,11,1.2,4,6,2.8574999999999999,True,True,capture,corner|0.40000000000000002|30|500|0|0|1
pocket_scan_00431,corner,-0.40000000000000002,-1.4969999999999999,-30,500,0,0,1,13.199999999999999,11,1.2,4,6,2.8574999999999999,True,True,capture,corner|0.40000000000000002|30|500|0|0|1
pocket_scan_00432,corner,-0.40000000000000002,-1.4969999999999999,-30,500,20,0,-1,13.199999999999999,11,1.2,4,6,2.8574999999999999,True,True,capture,corner|0.40000000000000002|30|500|20|0|1
pocket_scan_00433,corner,-0.40000000000000002,-1.4969999999999999,-30,500,20,0,1,13.199999999999999,11,1.2,4,6,2.8574999999999999,True,True,capture,corner|0.40000000000000002|30|500|20|0|1
pocket_scan_00434,corner,-0.40000000000000002,-1.4969999999999999,-30,500,-20,0,-1,13.199999999999999,11,1.2,4,6,2.8574999999999999,True,True,capture,corner|0.40000000000000002|30|500|-20|0|1
pocket_scan_00435,corner,-0.40000000000000002,-1.4969999999999999,-30,500,-20,0,1,13.199999999999999,11,1.2,4,6,2.8574999999999999,True,True,capture,corner|0.40000000000000002|30|500|-20|0|1
pocket_scan_00436,corner,-0.40000000000000002,-1.4969999999999999,-30,500,0,20,-1,13.199999999999999,11,1.2,4,6,2.8574999999999999,True,True,capture,corner|0.40000000000000002|30|500|0|20|1
pocket_scan_00437,corner,-0.40000000000000002,-1.4969999999999999,-30,500,0,20,1,13.199999999999999,11,1.2,4,6,2.8574999999999999,True,True,capture,corner|0.40000000000000002|30|500|0|20|1
pocket_scan_00438,corner,-0.40000000000000002,-1.4969999999999999,-30,500,0,-20,-1,13.199999999999999,11,1.2,4,6,2.8574999999999999,True,True,capture,corner|0.40000000000000002|30|500|0|20|1
pocket_scan_00439,corner,-0.40000000000000002,-1.4969999999999999,-30,500,0,-20,1,13.199999999999999,11,1.2,4,6,2.8574999999999999,True,True,capture,corner|0.40000000000000002|30|500|0|20|1
pocket_scan_00440,corner,-0.40000000000000002,-1.4969999999999999,-15,25,0,0,-1,13.199999999999999,11,1.2,4,6,2.8574999999999999,True,True,capture,corner|0.40000000000000002|15|25|0|0|1
pocket_scan_00441,corner,-0.40000000000000002,-1.4969999999999999,-15,25,0,0,1,13.199999999999999,11,1.2,4,6,2.8574999999999999,True,True,capture,corner|0.40000000000000002|15|25|0|0|1
pocket_scan_00442,corner,-0.40000000000000002,-1.4969999999999999,-15,25,20,0,-1,13.199999999999999,11,1.2,4,6,2.8574999999999999,True,True,capture,corner|0.40000000000000002|15|25|20|0|1
pocket_scan_00443,corner,-0.40000000000000002,-1.4969999999999999,-15,25,20,0,1,13.199999999999999,11,1.2,4,6,2.8574999999999999,True,True,capture,corner|0.40000000000000002|15|25|20|0|1
pocket_scan_00444,corner,-0.40000000000000002,-1.4969999999999999,-15,25,-20,0,-1,13.199999999999999,11,1.2,4,6,2.8574999999999999,True,True,capture,corner|0.40000000000000002|15|25|-20|0|1
pocket_scan_00445,corner,-0.40000000000000002,-1.4969999999999999,-15,25,-20,0,1,13.199999999999999,11,1.2,4,6,2.8574999999999999,True,True,capture,corner|0.40000000000000002|15|25|-20|0|1
pocket_scan_00446,corner,-0.40000000000000002,-1.4969999999999999,-15,25,0,20,-1,13.199999999999999,11,1.2,4,6,2.8574999999999999,True,True,capture,corner|0.40000000000000002|15|25|0|20|1
pocket_scan_00447,corner,-0.40000000000000002,-1.4969999999999999,-15,25,0,20,1,13.199999999999999,11,1.2,4,6,2.8574999999999999,True,True,capture,corner|0.40000000000000002|15|25|0|20|1
pocket_scan_00448,corner,-0.40000000000000002,-1.4969999999999999,-15,25,0,-20,-1,13.199999999999999,11,1.2,4,6,2.8574999999999999,True,True,capture,corner|0.40000000000000002|15|25|0|20|1
pocket_scan_00449,corner,-0.40000000000000002,-1.4969999999999999,-15,25,0,-20,1,13.199999999999999,11,1.2,4,6,2.8574999999999999,True,True,capture,corner|0.40000000000000002|15|25|0|20|1
pocket_scan_00450,corner,-0.40000000000000002,-1.4969999999999999,-15,100,0,0,-1,13.199999999999999,11,1.2,4,6,2.8574999999999999,True,True,capture,corner|0.40000000000000002|15|100|0|0|1
pocket_scan_00451,corner,-0.40000000000000002,-1.4969999999999999,-15,100,0,0,1,13.199999999999999,11,1.2,4,6,2.8574999999999999,True,True,capture,corner|0.40000000000000002|15|100|0|0|1
pocket_scan_00452,corner,-0.40000000000000002,-1.4969999999999999,-15,100,20,0,-1,13.199999999999999,11,1.2,4,6,2.8574999999999999,True,True,capture,corner|0.40000000000000002|15|100|20|0|1
pocket_scan_00453,corner,-0.40000000000000002,-1.4969999999999999,-15,100,20,0,1,13.199999999999999,11,1.2,4,6,2.8574999999999999,True,True,capture,corner|0.40000000000000002|15|100|20|0|1
pocket_scan_00454,corner,-0.40000000000000002,-1.4969999999999999,-15,100,-20,0,-1,13.199999999999999,11,1.2,4,6,2.8574999999999999,True,True,capture,corner|0.40000000000000002|15|100|-20|0|1
pocket_scan_00455,corner,-0.40000000000000002,-1.4969999999999999,-15,100,-20,0,1,13.199999999999999,11,1.2,4,6,2.8574999999999999,True,True,capture,corner|0.40000000000000002|15|100|-20|0|1
pocket_scan_00456,corner,-0.40000000000000002,-1.4969999999999999,-15,100,0,20,-1,13.199999999999999,11,1.2,4,6,2.8574999999999999,True,True,capture,corner|0.40000000000000002|15|100|0|20|1
pocket_scan_00457,corner,-0.40000000000000002,-1.4969999999999999,-15,100,0,20,1,13.199999999999999,11,1.2,4,6,2.8574999999999999,True,True,capture,corner|0.40000000000000002|15|100|0|20|1
pocket_scan_00458,corner,-0.40000000000000002,-1.4969999999999999,-15,100,0,-20,-1,13.199999999999999,11,1.2,4,6,2.8574999999999999,True,True,capture,corner|0.40000000000000002|15|100|0|20|1
pocket_scan_00459,corner,-0.40000000000000002,-1.4969999999999999,-15,100,0,-20,1,13.199999999999999,11,1.2,4,6,2.8574999999999999,True,True,capture,corner|0.40000000000000002|15|100|0|20|1
pocket_scan_00460,corner,-0.40000000000000002,-1.4969999999999999,-15,250,0,0,-1,13.199999999999999,11,1.2,4,6,2.8574999999999999,True,True,capture,corner|0.40000000000000002|15|250|0|0|1
pocket_scan_00461,corner,-0.40000000000000002,-1.4969999999999999,-15,250,0,0,1,13.199999999999999,11,1.2,4,6,2.8574999999999999,True,True,capture,corner|0.40000000000000002|15|250|0|0|1
pocket_scan_00462,corner,-0.40000000000000002,-1.4969999999999999,-15,250,20,0,-1,13.199999999999999,11,1.2,4,6,2.8574999999999999,True,True,capture,corner|0.40000000000000002|15|250|20|0|1
pocket_scan_00463,corner,-0.40000000000000002,-1.4969999999999999,-15,250,20,0,1,13.199999999999999,11,1.2,4,6,2.8574999999999999,True,True,capture,corner|0.40000000000000002|15|250|20|0|1
pocket_scan_00464,corner,-0.40000000000000002,-1.4969999999999999,-15,250,-20,0,-1,13.199999999999999,11,1.2,4,6,2.8574999999999999,True,True,capture,corner|0.40000000000000002|15|250|-20|0|1
pocket_scan_00465,corner,-0.40000000000000002,-1.4969999999999999,-15,250,-20,0,1,13.199999999999999,11,1.2,4,6,2.8574999999999999,True,True,capture,corner|0.40000000000000002|15|250|-20|0|1
pocket_scan_00466,corner,-0.40000000000000002,-1.4969999999999999,-15,250,0,20,-1,13.199999999999999,11,1.2,4,6,2.8574999999999999,True,True,capture,corner|0.40000000000000002|15|250|0|20|1
pocket_scan_00467,corner,-0.40000000000000002,-1.4969999999999999,-15,250,0,20,1,13.199999999999999,11,1.2,4,6,2.8574999999999999,True,True,capture,corner|0.40000000000000002|15|250|0|20|1
pocket_scan_00468,corner,-0.40000000000000002,-1.4969999999999999,-15,250,0,-20,-1,13.199999999999999,11,1.2,4,6,2.8574999999999999,True,True,capture,corner|0.40000000000000002|15|250|0|20|1
pocket_scan_00469,corner,-0.40000000000000002,-1.4969999999999999,-15,250,0,-20,1,13.199999999999999,11,1.2,4,6,2.8574999999999999,True,True,capture,corner|0.40000000000000002|15|250|0|20|1
pocket_scan_00470,corner,-0.40000000000000002,-1.4969999999999999,-15,500,0,0,-1,13.199999999999999,11,1.2,4,6,2.8574999999999999,True,True,capture,corner|0.40000000000000002|15|500|0|0|1
pocket_scan_00471,corner,-0.40000000000000002,-1.4969999999999999,-15,500,0,0,1,13.199999999999999,11,1.2,4,6,2.8574999999999999,True,True,capture,corner|0.40000000000000002|15|500|0|0|1
pocket_scan_00472,corner,-0.40000000000000002,-1.4969999999999999,-15,500,20,0,-1,13.199999999999999,11,1.2,4,6,2.8574999999999999,True,True,capture,corner|0.40000000000000002|15|500|20|0|1
pocket_scan_00473,corner,-0.40000000000000002,-1.4969999999999999,-15,500,20,0,1,13.199999999999999,11,1.2,4,6,2.8574999999999999,True,True,capture,corner|0.40000000000000002|15|500|20|0|1
pocket_scan_00474,corner,-0.40000000000000002,-1.4969999999999999,-15,500,-20,0,-1,13.199999999999999,11,1.2,4,6,2.8574999999999999,True,True,capture,corner|0.40000000000000002|15|500|-20|0|1
pocket_scan_00475,corner,-0.40000000000000002,-1.4969999999999999,-15,500,-20,0,1,13.199999999999999,11,1.2,4,6,2.8574999999999999,True,True,capture,corner|0.40000000000000002|15|500|-20|0|1
pocket_scan_00476,corner,-0.40000000000000002,-1.4969999999999999,-15,500,0,20,-1,13.199999999999999,11,1.2,4,6,2.8574999999999999,True,True,capture,corner|0.40000000000000002|15|500|0|20|1
pocket_scan_00477,corner,-0.40000000000000002,-1.4969999999999999,-15,500,0,20,1,13.199999999999999,11,1.2,4,6,2.8574999999999999,True,True,capture,corner|0.40000000000000002|15|500|0|20|1
pocket_scan_00478,corner,-0.40000000000000002,-1.4969999999999999,-15,500,0,-20,-1,13.199999999999999,11,1.2,4,6,2.8574999999999999,True,True,capture,corner|0.40000000000000002|15|500|0|20|1
pocket_scan_00479,corner,-0.40000000000000002,-1.4969999999999999,-15,500,0,-20,1,13.199999999999999,11,1.2,4,6,2.8574999999999999,True,True,capture,corner|0.40000000000000002|15|500|0|20|1
pocket_scan_00480,corner,-0.40000000000000002,-1.4969999999999999,0,25,0,0,-1,13.199999999999999,11,1.2,4,6,2.8574999999999999,True,True,capture,corner|0.40000000000000002|0|25|0|0|1
pocket_scan_00481,corner,-0.40000000000000002,-1.4969999999999999,0,25,0,0,1,13.199999999999999,11,1.2,4,6,2.8574999999999999,True,True,capture,corner|0.40000000000000002|0|25|0|0|1
pocket_scan_00482,corner,-0.40000000000000002,-1.4969999999999999,0,25,20,0,-1,13.199999999999999,11,1.2,4,6,2.8574999999999999,True,True,capture,corner|0.40000000000000002|0|25|20|0|1
pocket_scan_00483,corner,-0.40000000000000002,-1.4969999999999999,0,25,20,0,1,13.199999999999999,11,1.2,4,6,2.8574999999999999,True,True,capture,corner|0.40000000000000002|0|25|20|0|1
pocket_scan_00484,corner,-0.40000000000000002,-1.4969999999999999,0,25,-20,0,-1,13.199999999999999,11,1.2,4,6,2.8574999999999999,True,True,capture,corner|0.40000000000000002|0|25|-20|0|1
pocket_scan_00485,corner,-0.40000000000000002,-1.4969999999999999,0,25,-20,0,1,13.199999999999999,11,1.2,4,6,2.8574999999999999,True,True,capture,corner|0.40000000000000002|0|25|-20|0|1
pocket_scan_00486,corner,-0.40000000000000002,-1.4969999999999999,0,25,0,20,-1,13.199999999999999,11,1.2,4,6,2.8574999999999999,True,True,capture,corner|0.40000000000000002|0|25|0|20|1
pocket_scan_00487,corner,-0.40000000000000002,-1.4969999999999999,0,25,0,20,1,13.199999999999999,11,1.2,4,6,2.8574999999999999,True,True,capture,corner|0.40000000000000002|0|25|0|20|1
pocket_scan_00488,corner,-0.40000000000000002,-1.4969999999999999,0,25,0,-20,-1,13.199999999999999,11,1.2,4,6,2.8574999999999999,True,True,capture,corner|0.40000000000000002|0|25|0|20|1
pocket_scan_00489,corner,-0.40000000000000002,-1.4969999999999999,0,25,0,-20,1,13.199999999999999,11,1.2,4,6,2.8574999999999999,True,True,capture,corner|0.40000000000000002|0|25|0|20|1
pocket_scan_00490,corner,-0.40000000000000002,-1.4969999999999999,0,100,0,0,-1,13.199999999999999,11,1.2,4,6,2.8574999999999999,True,True,capture,corner|0.40000000000000002|0|100|0|0|1
pocket_scan_00491,corner,-0.40000000000000002,-1.4969999999999999,0,100,0,0,1,13.199999999999999,11,1.2,4,6,2.8574999999999999,True,True,capture,corner|0.40000000000000002|0|100|0|0|1
pocket_scan_00492,corner,-0.40000000000000002,-1.4969999999999999,0,100,20,0,-1,13.199999999999999,11,1.2,4,6,2.8574999999999999,True,True,capture,corner|0.40000000000000002|0|100|20|0|1
pocket_scan_00493,corner,-0.40000000000000002,-1.4969999999999999,0,100,20,0,1,13.199999999999999,11,1.2,4,6,2.8574999999999999,True,True,capture,corner|0.40000000000000002|0|100|20|0|1
pocket_scan_00494,corner,-0.40000000000000002,-1.4969999999999999,0,100,-20,0,-1,13.199999999999999,11,1.2,4,6,2.8574999999999999,True,True,capture,corner|0.40000000000000002|0|100|-20|0|1
pocket_scan_00495,corner,-0.40000000000000002,-1.4969999999999999,0,100,-20,0,1,13.199999999999999,11,1.2,4,6,2.8574999999999999,True,True,capture,corner|0.40000000000000002|0|100|-20|0|1
pocket_scan_00496,corner,-0.40000000000000002,-1.4969999999999999,0,100,0,20,-1,13.199999999999999,11,1.2,4,6,2.8574999999999999,True,True,capture,corner|0.40000000000000002|0|100|0|20|1
pocket_scan_00497,corner,-0.40000000000000002,-1.4969999999999999,0,100,0,20,1,13.199999999999999,11,1.2,4,6,2.8574999999999999,True,True,capture,corner|0.40000000000000002|0|100|0|20|1
pocket_scan_00498,corner,-0.40000000000000002,-1.4969999999999999,0,100,0,-20,-1,13.199999999999999,11,1.2,4,6,2.8574999999999999,True,True,capture,corner|0.40000000000000002|0|100|0|20|1
pocket_scan_00499,corner,-0.40000000000000002,-1.4969999999999999,0,100,0,-20,1,13.199999999999999,11,1.2,4,6,2.8574999999999999,True,True,capture,corner|0.40000000000000002|0|100|0|20|1
pocket_scan_00500,corner,-0.40000000000000002,-1.4969999999999999,0,250,0,0,-1,13.199999999999999,11,1.2,4,6,2.8574999999999999,True,True,capture,corner|0.40000000000000002|0|250|0|0|1
pocket_scan_00501,corner,-0.40000000000000002,-1.4969999999999999,0,250,0,0,1,13.199999999999999,11,1.2,4,6,2.8574999999999999,True,True,capture,corner|0.40000000000000002|0|250|0|0|1
pocket_scan_00502,corner,-0.40000000000000002,-1.4969999999999999,0,250,20,0,-1,13.199999999999999,11,1.2,4,6,2.8574999999999999,True,True,capture,corner|0.40000000000000002|0|250|20|0|1
pocket_scan_00503,corner,-0.40000000000000002,-1.4969999999999999,0,250,20,0,1,13.199999999999999,11,1.2,4,6,2.8574999999999999,True,True,capture,corner|0.40000000000000002|0|250|20|0|1
pocket_scan_00504,corner,-0.40000000000000002,-1.4969999999999999,0,250,-20,0,-1,13.199999999999999,11,1.2,4,6,2.8574999999999999,True,True,capture,corner|0.40000000000000002|0|250|-20|0|1
pocket_scan_00505,corner,-0.40000000000000002,-1.4969999999999999,0,250,-20,0,1,13.199999999999999,11,1.2,4,6,2.8574999999999999,True,True,capture,corner|0.40000000000000002|0|250|-20|0|1
pocket_scan_00506,corner,-0.40000000000000002,-1.4969999999999999,0,250,0,20,-1,13.199999999999999,11,1.2,4,6,2.8574999999999999,True,True,capture,corner|0.40000000000000002|0|250|0|20|1
pocket_scan_00507,corner,-0.40000000000000002,-1.4969999999999999,0,250,0,20,1,13.199999999999999,11,1.2,4,6,2.8574999999999999,True,True,capture,corner|0.40000000000000002|0|250|0|20|1
pocket_scan_00508,corner,-0.40000000000000002,-1.4969999999999999,0,250,0,-20,-1,13.199999999999999,11,1.2,4,6,2.8574999999999999,True,True,capture,corner|0.40000000000000002|0|250|0|20|1
pocket_scan_00509,corner,-0.40000000000000002,-1.4969999999999999,0,250,0,-20,1,13.199999999999999,11,1.2,4,6,2.8574999999999999,True,True,capture,corner|0.40000000000000002|0|250|0|20|1
pocket_scan_00510,corner,-0.40000000000000002,-1.4969999999999999,0,500,0,0,-1,13.199999999999999,11,1.2,4,6,2.8574999999999999,True,True,capture,corner|0.40000000000000002|0|500|0|0|1
pocket_scan_00511,corner,-0.40000000000000002,-1.4969999999999999,0,500,0,0,1,13.199999999999999,11,1.2,4,6,2.8574999999999999,True,True,capture,corner|0.40000000000000002|0|500|0|0|1
pocket_scan_00512,corner,-0.40000000000000002,-1.4969999999999999,0,500,20,0,-1,13.199999999999999,11,1.2,4,6,2.8574999999999999,True,True,capture,corner|0.40000000000000002|0|500|20|0|1
pocket_scan_00513,corner,-0.40000000000000002,-1.4969999999999999,0,500,20,0,1,13.199999999999999,11,1.2,4,6,2.8574999999999999,True,True,capture,corner|0.40000000000000002|0|500|20|0|1
pocket_scan_00514,corner,-0.40000000000000002,-1.4969999999999999,0,500,-20,0,-1,13.199999999999999,11,1.2,4,6,2.8574999999999999,True,True,capture,corner|0.40000000000000002|0|500|-20|0|1
pocket_scan_00515,corner,-0.40000000000000002,-1.4969999999999999,0,500,-20,0,1,13.199999999999999,11,1.2,4,6,2.8574999999999999,True,True,capture,corner|0.40000000000000002|0|500|-20|0|1
pocket_scan_00516,corner,-0.40000000000000002,-1.4969999999999999,0,500,0,20,-1,13.199999999999999,11,1.2,4,6,2.8574999999999999,True,True,capture,corner|0.40000000000000002|0|500|0|20|1
pocket_scan_00517,corner,-0.40000000000000002,-1.4969999999999999,0,500,0,20,1,13.199999999999999,11,1.2,4,6,2.8574999999999999,True,True,capture,corner|0.40000000000000002|0|500|0|20|1
pocket_scan_00518,corner,-0.40000000000000002,-1.4969999999999999,0,500,0,-20,-1,13.199999999999999,11,1.2,4,6,2.8574999999999999,True,True,capture,corner|0.40000000000000002|0|500|0|20|1
pocket_scan_00519,corner,-0.40000000000000002,-1.4969999999999999,0,500,0,-20,1,13.199999999999999,11,1.2,4,6,2.8574999999999999,True,True,capture,corner|0.40000000000000002|0|500|0|20|1
pocket_scan_00520,corner,-0.40000000000000002,-1.4969999999999999,15,25,0,0,-1,13.199999999999999,11,1.2,4,6,2.8574999999999999,True,True,capture,corner|0.40000000000000002|15|25|0|0|1
pocket_scan_00521,corner,-0.40000000000000002,-1.4969999999999999,15,25,0,0,1,13.199999999999999,11,1.2,4,6,2.8574999999999999,True,True,capture,corner|0.40000000000000002|15|25|0|0|1
pocket_scan_00522,corner,-0.40000000000000002,-1.4969999999999999,15,25,20,0,-1,13.199999999999999,11,1.2,4,6,2.8574999999999999,True,True,capture,corner|0.40000000000000002|15|25|20|0|1
pocket_scan_00523,corner,-0.40000000000000002,-1.4969999999999999,15,25,20,0,1,13.199999999999999,11,1.2,4,6,2.8574999999999999,True,True,capture,corner|0.40000000000000002|15|25|20|0|1
pocket_scan_00524,corner,-0.40000000000000002,-1.4969999999999999,15,25,-20,0,-1,13.199999999999999,11,1.2,4,6,2.8574999999999999,True,True,capture,corner|0.40000000000000002|15|25|-20|0|1
pocket_scan_00525,corner,-0.40000000000000002,-1.4969999999999999,15,25,-20,0,1,13.199999999999999,11,1.2,4,6,2.8574999999999999,True,True,capture,corner|0.40000000000000002|15|25|-20|0|1
pocket_scan_00526,corner,-0.40000000000000002,-1.4969999999999999,15,25,0,20,-1,13.199999999999999,11,1.2,4,6,2.8574999999999999,True,True,capture,corner|0.40000000000000002|15|25|0|20|1
pocket_scan_00527,corner,-0.40000000000000002,-1.4969999999999999,15,25,0,20,1,13.199999999999999,11,1.2,4,6,2.8574999999999999,True,True,capture,corner|0.40000000000000002|15|25|0|20|1
pocket_scan_00528,corner,-0.40000000000000002,-1.4969999999999999,15,25,0,-20,-1,13.199999999999999,11,1.2,4,6,2.8574999999999999,True,True,capture,corner|0.40000000000000002|15|25|0|20|1
pocket_scan_00529,corner,-0.40000000000000002,-1.4969999999999999,15,25,0,-20,1,13.199999999999999,11,1.2,4,6,2.8574999999999999,True,True,capture,corner|0.40000000000000002|15|25|0|20|1
pocket_scan_00530,corner,-0.40000000000000002,-1.4969999999999999,15,100,0,0,-1,13.199999999999999,11,1.2,4,6,2.8574999999999999,True,True,capture,corner|0.40000000000000002|15|100|0|0|1
pocket_scan_00531,corner,-0.40000000000000002,-1.4969999999999999,15,100,0,0,1,13.199999999999999,11,1.2,4,6,2.8574999999999999,True,True,capture,corner|0.40000000000000002|15|100|0|0|1
pocket_scan_00532,corner,-0.40000000000000002,-1.4969999999999999,15,100,20,0,-1,13.199999999999999,11,1.2,4,6,2.8574999999999999,True,True,capture,corner|0.40000000000000002|15|100|20|0|1
pocket_scan_00533,corner,-0.40000000000000002,-1.4969999999999999,15,100,20,0,1,13.199999999999999,11,1.2,4,6,2.8574999999999999,True,True,capture,corner|0.40000000000000002|15|100|20|0|1
pocket_scan_00534,corner,-0.40000000000000002,-1.4969999999999999,15,100,-20,0,-1,13.199999999999999,11,1.2,4,6,2.8574999999999999,True,True,capture,corner|0.40000000000000002|15|100|-20|0|1
pocket_scan_00535,corner,-0.40000000000000002,-1.4969999999999999,15,100,-20,0,1,13.199999999999999,11,1.2,4,6,2.8574999999999999,True,True,capture,corner|0.40000000000000002|15|100|-20|0|1
pocket_scan_00536,corner,-0.40000000000000002,-1.4969999999999999,15,100,0,20,-1,13.199999999999999,11,1.2,4,6,2.8574999999999999,True,True,capture,corner|0.40000000000000002|15|100|0|20|1
pocket_scan_00537,corner,-0.40000000000000002,-1.4969999999999999,15,100,0,20,1,13.199999999999999,11,1.2,4,6,2.8574999999999999,True,True,capture,corner|0.40000000000000002|15|100|0|20|1
pocket_scan_00538,corner,-0.40000000000000002,-1.4969999999999999,15,100,0,-20,-1,13.199999999999999,11,1.2,4,6,2.8574999999999999,True,True,capture,corner|0.40000000000000002|15|100|0|20|1
pocket_scan_00539,corner,-0.40000000000000002,-1.4969999999999999,15,100,0,-20,1,13.199999999999999,11,1.2,4,6,2.8574999999999999,True,True,capture,corner|0.40000000000000002|15|100|0|20|1
pocket_scan_00540,corner,-0.40000000000000002,-1.4969999999999999,15,250,0,0,-1,13.199999999999999,11,1.2,4,6,2.8574999999999999,True,True,capture,corner|0.40000000000000002|15|250|0|0|1
pocket_scan_00541,corner,-0.40000000000000002,-1.4969999999999999,15,250,0,0,1,13.199999999999999,11,1.2,4,6,2.8574999999999999,True,True,capture,corner|0.40000000000000002|15|250|0|0|1
pocket_scan_00542,corner,-0.40000000000000002,-1.4969999999999999,15,250,20,0,-1,13.199999999999999,11,1.2,4,6,2.8574999999999999,True,True,capture,corner|0.40000000000000002|15|250|20|0|1
pocket_scan_00543,corner,-0.40000000000000002,-1.4969999999999999,15,250,20,0,1,13.199999999999999,11,1.2,4,6,2.8574999999999999,True,True,capture,corner|0.40000000000000002|15|250|20|0|1
pocket_scan_00544,corner,-0.40000000000000002,-1.4969999999999999,15,250,-20,0,-1,13.199999999999999,11,1.2,4,6,2.8574999999999999,True,True,capture,corner|0.40000000000000002|15|250|-20|0|1
pocket_scan_00545,corner,-0.40000000000000002,-1.4969999999999999,15,250,-20,0,1,13.199999999999999,11,1.2,4,6,2.8574999999999999,True,True,capture,corner|0.40000000000000002|15|250|-20|0|1
pocket_scan_00546,corner,-0.40000000000000002,-1.4969999999999999,15,250,0,20,-1,13.199999999999999,11,1.2,4,6,2.8574999999999999,True,True,capture,corner|0.40000000000000002|15|250|0|20|1
pocket_scan_00547,corner,-0.40000000000000002,-1.4969999999999999,15,250,0,20,1,13.199999999999999,11,1.2,4,6,2.8574999999999999,True,True,capture,corner|0.40000000000000002|15|250|0|20|1
pocket_scan_00548,corner,-0.40000000000000002,-1.4969999999999999,15,250,0,-20,-1,13.199999999999999,11,1.2,4,6,2.8574999999999999,True,True,capture,corner|0.40000000000000002|15|250|0|20|1
pocket_scan_00549,corner,-0.40000000000000002,-1.4969999999999999,15,250,0,-20,1,13.199999999999999,11,1.2,4,6,2.8574999999999999,True,True,capture,corner|0.40000000000000002|15|250|0|20|1
pocket_scan_00550,corner,-0.40000000000000002,-1.4969999999999999,15,500,0,0,-1,13.199999999999999,11,1.2,4,6,2.8574999999999999,True,True,capture,corner|0.40000000000000002|15|500|0|0|1
pocket_scan_00551,corner,-0.40000000000000002,-1.4969999999999999,15,500,0,0,1,13.199999999999999,11,1.2,4,6,2.8574999999999999,True,True,capture,corner|0.40000000000000002|15|500|0|0|1
pocket_scan_00552,corner,-0.40000000000000002,-1.4969999999999999,15,500,20,0,-1,13.199999999999999,11,1.2,4,6,2.8574999999999999,True,True,capture,corner|0.40000000000000002|15|500|20|0|1
pocket_scan_00553,corner,-0.40000000000000002,-1.4969999999999999,15,500,20,0,1,13.199999999999999,11,1.2,4,6,2.8574999999999999,True,True,capture,corner|0.40000000000000002|15|500|20|0|1
pocket_scan_00554,corner,-0.40000000000000002,-1.4969999999999999,15,500,-20,0,-1,13.199999999999999,11,1.2,4,6,2.8574999999999999,True,True,capture,corner|0.40000000000000002|15|500|-20|0|1
pocket_scan_00555,corner,-0.40000000000000002,-1.4969999999999999,15,500,-20,0,1,13.199999999999999,11,1.2,4,6,2.8574999999999999,True,True,capture,corner|0.40000000000000002|15|500|-20|0|1
pocket_scan_00556,corner,-0.40000000000000002,-1.4969999999999999,15,500,0,20,-1,13.199999999999999,11,1.2,4,6,2.8574999999999999,True,True,capture,corner|0.40000000000000002|15|500|0|20|1
pocket_scan_00557,corner,-0.40000000000000002,-1.4969999999999999,15,500,0,20,1,13.199999999999999,11,1.2,4,6,2.8574999999999999,True,True,capture,corner|0.40000000000000002|15|500|0|20|1
pocket_scan_00558,corner,-0.40000000000000002,-1.4969999999999999,15,500,0,-20,-1,13.199999999999999,11,1.2,4,6,2.8574999999999999,True,True,capture,corner|0.40000000000000002|15|500|0|20|1
pocket_scan_00559,corner,-0.40000000000000002,-1.4969999999999999,15,500,0,-20,1,13.199999999999999,11,1.2,4,6,2.8574999999999999,True,True,capture,corner|0.40000000000000002|15|500|0|20|1
pocket_scan_00560,corner,-0.40000000000000002,-1.4969999999999999,30,25,0,0,-1,13.199999999999999,11,1.2,4,6,2.8574999999999999,True,True,capture,corner|0.40000000000000002|30|25|0|0|1
pocket_scan_00561,corner,-0.40000000000000002,-1.4969999999999999,30,25,0,0,1,13.199999999999999,11,1.2,4,6,2.8574999999999999,True,True,capture,corner|0.40000000000000002|30|25|0|0|1
pocket_scan_00562,corner,-0.40000000000000002,-1.4969999999999999,30,25,20,0,-1,13.199999999999999,11,1.2,4,6,2.8574999999999999,True,True,capture,corner|0.40000000000000002|30|25|20|0|1
pocket_scan_00563,corner,-0.40000000000000002,-1.4969999999999999,30,25,20,0,1,13.199999999999999,11,1.2,4,6,2.8574999999999999,True,True,capture,corner|0.40000000000000002|30|25|20|0|1
pocket_scan_00564,corner,-0.40000000000000002,-1.4969999999999999,30,25,-20,0,-1,13.199999999999999,11,1.2,4,6,2.8574999999999999,True,True,capture,corner|0.40000000000000002|30|25|-20|0|1
pocket_scan_00565,corner,-0.40000000000000002,-1.4969999999999999,30,25,-20,0,1,13.199999999999999,11,1.2,4,6,2.8574999999999999,True,True,capture,corner|0.40000000000000002|30|25|-20|0|1
pocket_scan_00566,corner,-0.40000000000000002,-1.4969999999999999,30,25,0,20,-1,13.199999999999999,11,1.2,4,6,2.8574999999999999,True,True,capture,corner|0.40000000000000002|30|25|0|20|1
pocket_scan_00567,corner,-0.40000000000000002,-1.4969999999999999,30,25,0,20,1,13.199999999999999,11,1.2,4,6,2.8574999999999999,True,True,capture,corner|0.40000000000000002|30|25|0|20|1
pocket_scan_00568,corner,-0.40000000000000002,-1.4969999999999999,30,25,0,-20,-1,13.199999999999999,11,1.2,4,6,2.8574999999999999,True,True,capture,corner|0.40000000000000002|30|25|0|20|1
pocket_scan_00569,corner,-0.40000000000000002,-1.4969999999999999,30,25,0,-20,1,13.199999999999999,11,1.2,4,6,2.8574999999999999,True,True,capture,corner|0.40000000000000002|30|25|0|20|1
pocket_scan_00570,corner,-0.40000000000000002,-1.4969999999999999,30,100,0,0,-1,13.199999999999999,11,1.2,4,6,2.8574999999999999,True,True,capture,corner|0.40000000000000002|30|100|0|0|1
pocket_scan_00571,corner,-0.40000000000000002,-1.4969999999999999,30,100,0,0,1,13.199999999999999,11,1.2,4,6,2.8574999999999999,True,True,capture,corner|0.40000000000000002|30|100|0|0|1
pocket_scan_00572,corner,-0.40000000000000002,-1.4969999999999999,30,100,20,0,-1,13.199999999999999,11,1.2,4,6,2.8574999999999999,True,True,capture,corner|0.40000000000000002|30|100|20|0|1
pocket_scan_00573,corner,-0.40000000000000002,-1.4969999999999999,30,100,20,0,1,13.199999999999999,11,1.2,4,6,2.8574999999999999,True,True,capture,corner|0.40000000000000002|30|100|20|0|1
pocket_scan_00574,corner,-0.40000000000000002,-1.4969999999999999,30,100,-20,0,-1,13.199999999999999,11,1.2,4,6,2.8574999999999999,True,True,capture,corner|0.40000000000000002|30|100|-20|0|1
pocket_scan_00575,corner,-0.40000000000000002,-1.4969999999999999,30,100,-20,0,1,13.199999999999999,11,1.2,4,6,2.8574999999999999,True,True,capture,corner|0.40000000000000002|30|100|-20|0|1
pocket_scan_00576,corner,-0.40000000000000002,-1.4969999999999999,30,100,0,20,-1,13.199999999999999,11,1.2,4,6,2.8574999999999999,True,True,capture,corner|0.40000000000000002|30|100|0|20|1
pocket_scan_00577,corner,-0.40000000000000002,-1.4969999999999999,30,100,0,20,1,13.199999999999999,11,1.2,4,6,2.8574999999999999,True,True,capture,corner|0.40000000000000002|30|100|0|20|1
pocket_scan_00578,corner,-0.40000000000000002,-1.4969999999999999,30,100,0,-20,-1,13.199999999999999,11,1.2,4,6,2.8574999999999999,True,True,capture,corner|0.40000000000000002|30|100|0|20|1
pocket_scan_00579,corner,-0.40000000000000002,-1.4969999999999999,30,100,0,-20,1,13.199999999999999,11,1.2,4,6,2.8574999999999999,True,True,capture,corner|0.40000000000000002|30|100|0|20|1
pocket_scan_00580,corner,-0.40000000000000002,-1.4969999999999999,30,250,0,0,-1,13.199999999999999,11,1.2,4,6,2.8574999999999999,True,True,capture,corner|0.40000000000000002|30|250|0|0|1
pocket_scan_00581,corner,-0.40000000000000002,-1.4969999999999999,30,250,0,0,1,13.199999999999999,11,1.2,4,6,2.8574999999999999,True,True,capture,corner|0.40000000000000002|30|250|0|0|1
pocket_scan_00582,corner,-0.40000000000000002,-1.4969999999999999,30,250,20,0,-1,13.199999999999999,11,1.2,4,6,2.8574999999999999,True,True,capture,corner|0.40000000000000002|30|250|20|0|1
pocket_scan_00583,corner,-0.40000000000000002,-1.4969999999999999,30,250,20,0,1,13.199999999999999,11,1.2,4,6,2.8574999999999999,True,True,capture,corner|0.40000000000000002|30|250|20|0|1
pocket_scan_00584,corner,-0.40000000000000002,-1.4969999999999999,30,250,-20,0,-1,13.199999999999999,11,1.2,4,6,2.8574999999999999,True,True,capture,corner|0.40000000000000002|30|250|-20|0|1
pocket_scan_00585,corner,-0.40000000000000002,-1.4969999999999999,30,250,-20,0,1,13.199999999999999,11,1.2,4,6,2.8574999999999999,True,True,capture,corner|0.40000000000000002|30|250|-20|0|1
pocket_scan_00586,corner,-0.40000000000000002,-1.4969999999999999,30,250,0,20,-1,13.199999999999999,11,1.2,4,6,2.8574999999999999,True,True,capture,corner|0.40000000000000002|30|250|0|20|1
pocket_scan_00587,corner,-0.40000000000000002,-1.4969999999999999,30,250,0,20,1,13.199999999999999,11,1.2,4,6,2.8574999999999999,True,True,capture,corner|0.40000000000000002|30|250|0|20|1
pocket_scan_00588,corner,-0.40000000000000002,-1.4969999999999999,30,250,0,-20,-1,13.199999999999999,11,1.2,4,6,2.8574999999999999,True,True,capture,corner|0.40000000000000002|30|250|0|20|1
pocket_scan_00589,corner,-0.40000000000000002,-1.4969999999999999,30,250,0,-20,1,13.199999999999999,11,1.2,4,6,2.8574999999999999,True,True,capture,corner|0.40000000000000002|30|250|0|20|1
pocket_scan_00590,corner,-0.40000000000000002,-1.4969999999999999,30,500,0,0,-1,13.199999999999999,11,1.2,4,6,2.8574999999999999,True,True,capture,corner|0.40000000000000002|30|500|0|0|1
pocket_scan_00591,corner,-0.40000000000000002,-1.4969999999999999,30,500,0,0,1,13.199999999999999,11,1.2,4,6,2.8574999999999999,True,True,capture,corner|0.40000000000000002|30|500|0|0|1
pocket_scan_00592,corner,-0.40000000000000002,-1.4969999999999999,30,500,20,0,-1,13.199999999999999,11,1.2,4,6,2.8574999999999999,True,True,capture,corner|0.40000000000000002|30|500|20|0|1
pocket_scan_00593,corner,-0.40000000000000002,-1.4969999999999999,30,500,20,0,1,13.199999999999999,11,1.2,4,6,2.8574999999999999,True,True,capture,corner|0.40000000000000002|30|500|20|0|1
pocket_scan_00594,corner,-0.40000000000000002,-1.4969999999999999,30,500,-20,0,-1,13.199999999999999,11,1.2,4,6,2.8574999999999999,True,True,capture,corner|0.40000000000000002|30|500|-20|0|1
pocket_scan_00595,corner,-0.40000000000000002,-1.4969999999999999,30,500,-20,0,1,13.199999999999999,11,1.2,4,6,2.8574999999999999,True,True,capture,corner|0.40000000000000002|30|500|-20|0|1
pocket_scan_00596,corner,-0.40000000000000002,-1.4969999999999999,30,500,0,20,-1,13.199999999999999,11,1.2,4,6,2.8574999999999999,True,True,capture,corner|0.40000000000000002|30|500|0|20|1
pocket_scan_00597,corner,-0.40000000000000002,-1.4969999999999999,30,500,0,20,1,13.199999999999999,11,1.2,4,6,2.8574999999999999,True,True,capture,corner|0.40000000000000002|30|500|0|20|1
pocket_scan_00598,corner,-0.40000000000000002,-1.4969999999999999,30,500,0,-20,-1,13.199999999999999,11,1.2,4,6,2.8574999999999999,True,True,capture,corner|0.40000000000000002|30|500|0|20|1
pocket_scan_00599,corner,-0.40000000000000002,-1.4969999999999999,30,500,0,-20,1,13.199999999999999,11,1.2,4,6,2.8574999999999999,True,True,capture,corner|0.40000000000000002|30|500|0|20|1
pocket_scan_00600,corner,0,0,-30,25,0,0,-1,13.199999999999999,11,1.2,4,6,2.8574999999999999,True,True,capture,corner|0|30|25|0|0|1
pocket_scan_00601,corner,0,0,-30,25,0,0,1,13.199999999999999,11,1.2,4,6,2.8574999999999999,True,True,capture,corner|0|30|25|0|0|1
pocket_scan_00602,corner,0,0,-30,25,20,0,-1,13.199999999999999,11,1.2,4,6,2.8574999999999999,True,True,capture,corner|0|30|25|20|0|1
pocket_scan_00603,corner,0,0,-30,25,20,0,1,13.199999999999999,11,1.2,4,6,2.8574999999999999,True,True,capture,corner|0|30|25|20|0|1
pocket_scan_00604,corner,0,0,-30,25,-20,0,-1,13.199999999999999,11,1.2,4,6,2.8574999999999999,True,True,capture,corner|0|30|25|-20|0|1
pocket_scan_00605,corner,0,0,-30,25,-20,0,1,13.199999999999999,11,1.2,4,6,2.8574999999999999,True,True,capture,corner|0|30|25|-20|0|1
pocket_scan_00606,corner,0,0,-30,25,0,20,-1,13.199999999999999,11,1.2,4,6,2.8574999999999999,True,True,capture,corner|0|30|25|0|20|1
pocket_scan_00607,corner,0,0,-30,25,0,20,1,13.199999999999999,11,1.2,4,6,2.8574999999999999,True,True,capture,corner|0|30|25|0|20|1
pocket_scan_00608,corner,0,0,-30,25,0,-20,-1,13.199999999999999,11,1.2,4,6,2.8574999999999999,True,True,capture,corner|0|30|25|0|20|1
pocket_scan_00609,corner,0,0,-30,25,0,-20,1,13.199999999999999,11,1.2,4,6,2.8574999999999999,True,True,capture,corner|0|30|25|0|20|1
pocket_scan_00610,corner,0,0,-30,100,0,0,-1,13.199999999999999,11,1.2,4,6,2.8574999999999999,True,True,capture,corner|0|30|100|0|0|1
pocket_scan_00611,corner,0,0,-30,100,0,0,1,13.199999999999999,11,1.2,4,6,2.8574999999999999,True,True,capture,corner|0|30|100|0|0|1
pocket_scan_00612,corner,0,0,-30,100,20,0,-1,13.199999999999999,11,1.2,4,6,2.8574999999999999,True,True,capture,corner|0|30|100|20|0|1
pocket_scan_00613,corner,0,0,-30,100,20,0,1,13.199999999999999,11,1.2,4,6,2.8574999999999999,True,True,capture,corner|0|30|100|20|0|1
pocket_scan_00614,corner,0,0,-30,100,-20,0,-1,13.199999999999999,11,1.2,4,6,2.8574999999999999,True,True,capture,corner|0|30|100|-20|0|1
pocket_scan_00615,corner,0,0,-30,100,-20,0,1,13.199999999999999,11,1.2,4,6,2.8574999999999999,True,True,capture,corner|0|30|100|-20|0|1
pocket_scan_00616,corner,0,0,-30,100,0,20,-1,13.199999999999999,11,1.2,4,6,2.8574999999999999,True,True,capture,corner|0|30|100|0|20|1
pocket_scan_00617,corner,0,0,-30,100,0,20,1,13.199999999999999,11,1.2,4,6,2.8574999999999999,True,True,capture,corner|0|30|100|0|20|1
pocket_scan_00618,corner,0,0,-30,100,0,-20,-1,13.199999999999999,11,1.2,4,6,2.8574999999999999,True,True,capture,corner|0|30|100|0|20|1
pocket_scan_00619,corner,0,0,-30,100,0,-20,1,13.199999999999999,11,1.2,4,6,2.8574999999999999,True,True,capture,corner|0|30|100|0|20|1
pocket_scan_00620,corner,0,0,-30,250,0,0,-1,13.199999999999999,11,1.2,4,6,2.8574999999999999,True,True,capture,corner|0|30|250|0|0|1
pocket_scan_00621,corner,0,0,-30,250,0,0,1,13.199999999999999,11,1.2,4,6,2.8574999999999999,True,True,capture,corner|0|30|250|0|0|1
pocket_scan_00622,corner,0,0,-30,250,20,0,-1,13.199999999999999,11,1.2,4,6,2.8574999999999999,True,True,capture,corner|0|30|250|20|0|1
pocket_scan_00623,corner,0,0,-30,250,20,0,1,13.199999999999999,11,1.2,4,6,2.8574999999999999,True,True,capture,corner|0|30|250|20|0|1
pocket_scan_00624,corner,0,0,-30,250,-20,0,-1,13.199999999999999,11,1.2,4,6,2.8574999999999999,True,True,capture,corner|0|30|250|-20|0|1
pocket_scan_00625,corner,0,0,-30,250,-20,0,1,13.199999999999999,11,1.2,4,6,2.8574999999999999,True,True,capture,corner|0|30|250|-20|0|1
pocket_scan_00626,corner,0,0,-30,250,0,20,-1,13.199999999999999,11,1.2,4,6,2.8574999999999999,True,True,capture,corner|0|30|250|0|20|1
pocket_scan_00627,corner,0,0,-30,250,0,20,1,13.199999999999999,11,1.2,4,6,2.8574999999999999,True,True,capture,corner|0|30|250|0|20|1
pocket_scan_00628,corner,0,0,-30,250,0,-20,-1,13.199999999999999,11,1.2,4,6,2.8574999999999999,True,True,capture,corner|0|30|250|0|20|1
pocket_scan_00629,corner,0,0,-30,250,0,-20,1,13.199999999999999,11,1.2,4,6,2.8574999999999999,True,True,capture,corner|0|30|250|0|20|1
pocket_scan_00630,corner,0,0,-30,500,0,0,-1,13.199999999999999,11,1.2,4,6,2.8574999999999999,True,True,capture,corner|0|30|500|0|0|1
pocket_scan_00631,corner,0,0,-30,500,0,0,1,13.199999999999999,11,1.2,4,6,2.8574999999999999,True,True,capture,corner|0|30|500|0|0|1
pocket_scan_00632,corner,0,0,-30,500,20,0,-1,13.199999999999999,11,1.2,4,6,2.8574999999999999,True,True,capture,corner|0|30|500|20|0|1
pocket_scan_00633,corner,0,0,-30,500,20,0,1,13.199999999999999,11,1.2,4,6,2.8574999999999999,True,True,capture,corner|0|30|500|20|0|1
pocket_scan_00634,corner,0,0,-30,500,-20,0,-1,13.199999999999999,11,1.2,4,6,2.8574999999999999,True,True,capture,corner|0|30|500|-20|0|1
pocket_scan_00635,corner,0,0,-30,500,-20,0,1,13.199999999999999,11,1.2,4,6,2.8574999999999999,True,True,capture,corner|0|30|500|-20|0|1
pocket_scan_00636,corner,0,0,-30,500,0,20,-1,13.199999999999999,11,1.2,4,6,2.8574999999999999,True,True,capture,corner|0|30|500|0|20|1
pocket_scan_00637,corner,0,0,-30,500,0,20,1,13.199999999999999,11,1.2,4,6,2.8574999999999999,True,True,capture,corner|0|30|500|0|20|1
pocket_scan_00638,corner,0,0,-30,500,0,-20,-1,13.199999999999999,11,1.2,4,6,2.8574999999999999,True,True,capture,corner|0|30|500|0|20|1
pocket_scan_00639,corner,0,0,-30,500,0,-20,1,13.199999999999999,11,1.2,4,6,2.8574999999999999,True,True,capture,corner|0|30|500|0|20|1
pocket_scan_00640,corner,0,0,-15,25,0,0,-1,13.199999999999999,11,1.2,4,6,2.8574999999999999,True,True,capture,corner|0|15|25|0|0|1
pocket_scan_00641,corner,0,0,-15,25,0,0,1,13.199999999999999,11,1.2,4,6,2.8574999999999999,True,True,capture,corner|0|15|25|0|0|1
pocket_scan_00642,corner,0,0,-15,25,20,0,-1,13.199999999999999,11,1.2,4,6,2.8574999999999999,True,True,capture,corner|0|15|25|20|0|1
pocket_scan_00643,corner,0,0,-15,25,20,0,1,13.199999999999999,11,1.2,4,6,2.8574999999999999,True,True,capture,corner|0|15|25|20|0|1
pocket_scan_00644,corner,0,0,-15,25,-20,0,-1,13.199999999999999,11,1.2,4,6,2.8574999999999999,True,True,capture,corner|0|15|25|-20|0|1
pocket_scan_00645,corner,0,0,-15,25,-20,0,1,13.199999999999999,11,1.2,4,6,2.8574999999999999,True,True,capture,corner|0|15|25|-20|0|1
pocket_scan_00646,corner,0,0,-15,25,0,20,-1,13.199999999999999,11,1.2,4,6,2.8574999999999999,True,True,capture,corner|0|15|25|0|20|1
pocket_scan_00647,corner,0,0,-15,25,0,20,1,13.199999999999999,11,1.2,4,6,2.8574999999999999,True,True,capture,corner|0|15|25|0|20|1
pocket_scan_00648,corner,0,0,-15,25,0,-20,-1,13.199999999999999,11,1.2,4,6,2.8574999999999999,True,True,capture,corner|0|15|25|0|20|1
pocket_scan_00649,corner,0,0,-15,25,0,-20,1,13.199999999999999,11,1.2,4,6,2.8574999999999999,True,True,capture,corner|0|15|25|0|20|1
pocket_scan_00650,corner,0,0,-15,100,0,0,-1,13.199999999999999,11,1.2,4,6,2.8574999999999999,True,True,capture,corner|0|15|100|0|0|1
pocket_scan_00651,corner,0,0,-15,100,0,0,1,13.199999999999999,11,1.2,4,6,2.8574999999999999,True,True,capture,corner|0|15|100|0|0|1
pocket_scan_00652,corner,0,0,-15,100,20,0,-1,13.199999999999999,11,1.2,4,6,2.8574999999999999,True,True,capture,corner|0|15|100|20|0|1
pocket_scan_00653,corner,0,0,-15,100,20,0,1,13.199999999999999,11,1.2,4,6,2.8574999999999999,True,True,capture,corner|0|15|100|20|0|1
pocket_scan_00654,corner,0,0,-15,100,-20,0,-1,13.199999999999999,11,1.2,4,6,2.8574999999999999,True,True,capture,corner|0|15|100|-20|0|1
pocket_scan_00655,corner,0,0,-15,100,-20,0,1,13.199999999999999,11,1.2,4,6,2.8574999999999999,True,True,capture,corner|0|15|100|-20|0|1
pocket_scan_00656,corner,0,0,-15,100,0,20,-1,13.199999999999999,11,1.2,4,6,2.8574999999999999,True,True,capture,corner|0|15|100|0|20|1
pocket_scan_00657,corner,0,0,-15,100,0,20,1,13.199999999999999,11,1.2,4,6,2.8574999999999999,True,True,capture,corner|0|15|100|0|20|1
pocket_scan_00658,corner,0,0,-15,100,0,-20,-1,13.199999999999999,11,1.2,4,6,2.8574999999999999,True,True,capture,corner|0|15|100|0|20|1
pocket_scan_00659,corner,0,0,-15,100,0,-20,1,13.199999999999999,11,1.2,4,6,2.8574999999999999,True,True,capture,corner|0|15|100|0|20|1
pocket_scan_00660,corner,0,0,-15,250,0,0,-1,13.199999999999999,11,1.2,4,6,2.8574999999999999,True,True,capture,corner|0|15|250|0|0|1
pocket_scan_00661,corner,0,0,-15,250,0,0,1,13.199999999999999,11,1.2,4,6,2.8574999999999999,True,True,capture,corner|0|15|250|0|0|1
pocket_scan_00662,corner,0,0,-15,250,20,0,-1,13.199999999999999,11,1.2,4,6,2.8574999999999999,True,True,capture,corner|0|15|250|20|0|1
pocket_scan_00663,corner,0,0,-15,250,20,0,1,13.199999999999999,11,1.2,4,6,2.8574999999999999,True,True,capture,corner|0|15|250|20|0|1
pocket_scan_00664,corner,0,0,-15,250,-20,0,-1,13.199999999999999,11,1.2,4,6,2.8574999999999999,True,True,capture,corner|0|15|250|-20|0|1
pocket_scan_00665,corner,0,0,-15,250,-20,0,1,13.199999999999999,11,1.2,4,6,2.8574999999999999,True,True,capture,corner|0|15|250|-20|0|1
pocket_scan_00666,corner,0,0,-15,250,0,20,-1,13.199999999999999,11,1.2,4,6,2.8574999999999999,True,True,capture,corner|0|15|250|0|20|1
pocket_scan_00667,corner,0,0,-15,250,0,20,1,13.199999999999999,11,1.2,4,6,2.8574999999999999,True,True,capture,corner|0|15|250|0|20|1
pocket_scan_00668,corner,0,0,-15,250,0,-20,-1,13.199999999999999,11,1.2,4,6,2.8574999999999999,True,True,capture,corner|0|15|250|0|20|1
pocket_scan_00669,corner,0,0,-15,250,0,-20,1,13.199999999999999,11,1.2,4,6,2.8574999999999999,True,True,capture,corner|0|15|250|0|20|1
pocket_scan_00670,corner,0,0,-15,500,0,0,-1,13.199999999999999,11,1.2,4,6,2.8574999999999999,True,True,capture,corner|0|15|500|0|0|1
pocket_scan_00671,corner,0,0,-15,500,0,0,1,13.199999999999999,11,1.2,4,6,2.8574999999999999,True,True,capture,corner|0|15|500|0|0|1
pocket_scan_00672,corner,0,0,-15,500,20,0,-1,13.199999999999999,11,1.2,4,6,2.8574999999999999,True,True,capture,corner|0|15|500|20|0|1
pocket_scan_00673,corner,0,0,-15,500,20,0,1,13.199999999999999,11,1.2,4,6,2.8574999999999999,True,True,capture,corner|0|15|500|20|0|1
pocket_scan_00674,corner,0,0,-15,500,-20,0,-1,13.199999999999999,11,1.2,4,6,2.8574999999999999,True,True,capture,corner|0|15|500|-20|0|1
pocket_scan_00675,corner,0,0,-15,500,-20,0,1,13.199999999999999,11,1.2,4,6,2.8574999999999999,True,True,capture,corner|0|15|500|-20|0|1
pocket_scan_00676,corner,0,0,-15,500,0,20,-1,13.199999999999999,11,1.2,4,6,2.8574999999999999,True,True,capture,corner|0|15|500|0|20|1
pocket_scan_00677,corner,0,0,-15,500,0,20,1,13.199999999999999,11,1.2,4,6,2.8574999999999999,True,True,capture,corner|0|15|500|0|20|1
pocket_scan_00678,corner,0,0,-15,500,0,-20,-1,13.199999999999999,11,1.2,4,6,2.8574999999999999,True,True,capture,corner|0|15|500|0|20|1
pocket_scan_00679,corner,0,0,-15,500,0,-20,1,13.199999999999999,11,1.2,4,6,2.8574999999999999,True,True,capture,corner|0|15|500|0|20|1
pocket_scan_00680,corner,0,0,0,25,0,0,-1,13.199999999999999,11,1.2,4,6,2.8574999999999999,True,True,capture,corner|0|0|25|0|0|1
pocket_scan_00681,corner,0,0,0,25,0,0,1,13.199999999999999,11,1.2,4,6,2.8574999999999999,True,True,capture,corner|0|0|25|0|0|1
pocket_scan_00682,corner,0,0,0,25,20,0,-1,13.199999999999999,11,1.2,4,6,2.8574999999999999,True,True,capture,corner|0|0|25|20|0|1
pocket_scan_00683,corner,0,0,0,25,20,0,1,13.199999999999999,11,1.2,4,6,2.8574999999999999,True,True,capture,corner|0|0|25|20|0|1
pocket_scan_00684,corner,0,0,0,25,-20,0,-1,13.199999999999999,11,1.2,4,6,2.8574999999999999,True,True,capture,corner|0|0|25|-20|0|1
pocket_scan_00685,corner,0,0,0,25,-20,0,1,13.199999999999999,11,1.2,4,6,2.8574999999999999,True,True,capture,corner|0|0|25|-20|0|1
pocket_scan_00686,corner,0,0,0,25,0,20,-1,13.199999999999999,11,1.2,4,6,2.8574999999999999,True,True,capture,corner|0|0|25|0|20|1
pocket_scan_00687,corner,0,0,0,25,0,20,1,13.199999999999999,11,1.2,4,6,2.8574999999999999,True,True,capture,corner|0|0|25|0|20|1
pocket_scan_00688,corner,0,0,0,25,0,-20,-1,13.199999999999999,11,1.2,4,6,2.8574999999999999,True,True,capture,corner|0|0|25|0|20|1
pocket_scan_00689,corner,0,0,0,25,0,-20,1,13.199999999999999,11,1.2,4,6,2.8574999999999999,True,True,capture,corner|0|0|25|0|20|1
pocket_scan_00690,corner,0,0,0,100,0,0,-1,13.199999999999999,11,1.2,4,6,2.8574999999999999,True,True,capture,corner|0|0|100|0|0|1
pocket_scan_00691,corner,0,0,0,100,0,0,1,13.199999999999999,11,1.2,4,6,2.8574999999999999,True,True,capture,corner|0|0|100|0|0|1
pocket_scan_00692,corner,0,0,0,100,20,0,-1,13.199999999999999,11,1.2,4,6,2.8574999999999999,True,True,capture,corner|0|0|100|20|0|1
pocket_scan_00693,corner,0,0,0,100,20,0,1,13.199999999999999,11,1.2,4,6,2.8574999999999999,True,True,capture,corner|0|0|100|20|0|1
pocket_scan_00694,corner,0,0,0,100,-20,0,-1,13.199999999999999,11,1.2,4,6,2.8574999999999999,True,True,capture,corner|0|0|100|-20|0|1
pocket_scan_00695,corner,0,0,0,100,-20,0,1,13.199999999999999,11,1.2,4,6,2.8574999999999999,True,True,capture,corner|0|0|100|-20|0|1
pocket_scan_00696,corner,0,0,0,100,0,20,-1,13.199999999999999,11,1.2,4,6,2.8574999999999999,True,True,capture,corner|0|0|100|0|20|1
pocket_scan_00697,corner,0,0,0,100,0,20,1,13.199999999999999,11,1.2,4,6,2.8574999999999999,True,True,capture,corner|0|0|100|0|20|1
pocket_scan_00698,corner,0,0,0,100,0,-20,-1,13.199999999999999,11,1.2,4,6,2.8574999999999999,True,True,capture,corner|0|0|100|0|20|1
pocket_scan_00699,corner,0,0,0,100,0,-20,1,13.199999999999999,11,1.2,4,6,2.8574999999999999,True,True,capture,corner|0|0|100|0|20|1
pocket_scan_00700,corner,0,0,0,250,0,0,-1,13.199999999999999,11,1.2,4,6,2.8574999999999999,True,True,capture,corner|0|0|250|0|0|1
pocket_scan_00701,corner,0,0,0,250,0,0,1,13.199999999999999,11,1.2,4,6,2.8574999999999999,True,True,capture,corner|0|0|250|0|0|1
pocket_scan_00702,corner,0,0,0,250,20,0,-1,13.199999999999999,11,1.2,4,6,2.8574999999999999,True,True,capture,corner|0|0|250|20|0|1
pocket_scan_00703,corner,0,0,0,250,20,0,1,13.199999999999999,11,1.2,4,6,2.8574999999999999,True,True,capture,corner|0|0|250|20|0|1
pocket_scan_00704,corner,0,0,0,250,-20,0,-1,13.199999999999999,11,1.2,4,6,2.8574999999999999,True,True,capture,corner|0|0|250|-20|0|1
pocket_scan_00705,corner,0,0,0,250,-20,0,1,13.199999999999999,11,1.2,4,6,2.8574999999999999,True,True,capture,corner|0|0|250|-20|0|1
pocket_scan_00706,corner,0,0,0,250,0,20,-1,13.199999999999999,11,1.2,4,6,2.8574999999999999,True,True,capture,corner|0|0|250|0|20|1
pocket_scan_00707,corner,0,0,0,250,0,20,1,13.199999999999999,11,1.2,4,6,2.8574999999999999,True,True,capture,corner|0|0|250|0|20|1
pocket_scan_00708,corner,0,0,0,250,0,-20,-1,13.199999999999999,11,1.2,4,6,2.8574999999999999,True,True,capture,corner|0|0|250|0|20|1
pocket_scan_00709,corner,0,0,0,250,0,-20,1,13.199999999999999,11,1.2,4,6,2.8574999999999999,True,True,capture,corner|0|0|250|0|20|1
pocket_scan_00710,corner,0,0,0,500,0,0,-1,13.199999999999999,11,1.2,4,6,2.8574999999999999,True,True,capture,corner|0|0|500|0|0|1
pocket_scan_00711,corner,0,0,0,500,0,0,1,13.199999999999999,11,1.2,4,6,2.8574999999999999,True,True,capture,corner|0|0|500|0|0|1
pocket_scan_00712,corner,0,0,0,500,20,0,-1,13.199999999999999,11,1.2,4,6,2.8574999999999999,True,True,capture,corner|0|0|500|20|0|1
pocket_scan_00713,corner,0,0,0,500,20,0,1,13.199999999999999,11,1.2,4,6,2.8574999999999999,True,True,capture,corner|0|0|500|20|0|1
pocket_scan_00714,corner,0,0,0,500,-20,0,-1,13.199999999999999,11,1.2,4,6,2.8574999999999999,True,True,capture,corner|0|0|500|-20|0|1
pocket_scan_00715,corner,0,0,0,500,-20,0,1,13.199999999999999,11,1.2,4,6,2.8574999999999999,True,True,capture,corner|0|0|500|-20|0|1
pocket_scan_00716,corner,0,0,0,500,0,20,-1,13.199999999999999,11,1.2,4,6,2.8574999999999999,True,True,capture,corner|0|0|500|0|20|1
pocket_scan_00717,corner,0,0,0,500,0,20,1,13.199999999999999,11,1.2,4,6,2.8574999999999999,True,True,capture,corner|0|0|500|0|20|1
pocket_scan_00718,corner,0,0,0,500,0,-20,-1,13.199999999999999,11,1.2,4,6,2.8574999999999999,True,True,capture,corner|0|0|500|0|20|1
pocket_scan_00719,corner,0,0,0,500,0,-20,1,13.199999999999999,11,1.2,4,6,2.8574999999999999,True,True,capture,corner|0|0|500|0|20|1
pocket_scan_00720,corner,0,0,15,25,0,0,-1,13.199999999999999,11,1.2,4,6,2.8574999999999999,True,True,capture,corner|0|15|25|0|0|1
pocket_scan_00721,corner,0,0,15,25,0,0,1,13.199999999999999,11,1.2,4,6,2.8574999999999999,True,True,capture,corner|0|15|25|0|0|1
pocket_scan_00722,corner,0,0,15,25,20,0,-1,13.199999999999999,11,1.2,4,6,2.8574999999999999,True,True,capture,corner|0|15|25|20|0|1
pocket_scan_00723,corner,0,0,15,25,20,0,1,13.199999999999999,11,1.2,4,6,2.8574999999999999,True,True,capture,corner|0|15|25|20|0|1
pocket_scan_00724,corner,0,0,15,25,-20,0,-1,13.199999999999999,11,1.2,4,6,2.8574999999999999,True,True,capture,corner|0|15|25|-20|0|1
pocket_scan_00725,corner,0,0,15,25,-20,0,1,13.199999999999999,11,1.2,4,6,2.8574999999999999,True,True,capture,corner|0|15|25|-20|0|1
pocket_scan_00726,corner,0,0,15,25,0,20,-1,13.199999999999999,11,1.2,4,6,2.8574999999999999,True,True,capture,corner|0|15|25|0|20|1
pocket_scan_00727,corner,0,0,15,25,0,20,1,13.199999999999999,11,1.2,4,6,2.8574999999999999,True,True,capture,corner|0|15|25|0|20|1
pocket_scan_00728,corner,0,0,15,25,0,-20,-1,13.199999999999999,11,1.2,4,6,2.8574999999999999,True,True,capture,corner|0|15|25|0|20|1
pocket_scan_00729,corner,0,0,15,25,0,-20,1,13.199999999999999,11,1.2,4,6,2.8574999999999999,True,True,capture,corner|0|15|25|0|20|1
pocket_scan_00730,corner,0,0,15,100,0,0,-1,13.199999999999999,11,1.2,4,6,2.8574999999999999,True,True,capture,corner|0|15|100|0|0|1
pocket_scan_00731,corner,0,0,15,100,0,0,1,13.199999999999999,11,1.2,4,6,2.8574999999999999,True,True,capture,corner|0|15|100|0|0|1
pocket_scan_00732,corner,0,0,15,100,20,0,-1,13.199999999999999,11,1.2,4,6,2.8574999999999999,True,True,capture,corner|0|15|100|20|0|1
pocket_scan_00733,corner,0,0,15,100,20,0,1,13.199999999999999,11,1.2,4,6,2.8574999999999999,True,True,capture,corner|0|15|100|20|0|1
pocket_scan_00734,corner,0,0,15,100,-20,0,-1,13.199999999999999,11,1.2,4,6,2.8574999999999999,True,True,capture,corner|0|15|100|-20|0|1
pocket_scan_00735,corner,0,0,15,100,-20,0,1,13.199999999999999,11,1.2,4,6,2.8574999999999999,True,True,capture,corner|0|15|100|-20|0|1
pocket_scan_00736,corner,0,0,15,100,0,20,-1,13.199999999999999,11,1.2,4,6,2.8574999999999999,True,True,capture,corner|0|15|100|0|20|1
pocket_scan_00737,corner,0,0,15,100,0,20,1,13.199999999999999,11,1.2,4,6,2.8574999999999999,True,True,capture,corner|0|15|100|0|20|1
pocket_scan_00738,corner,0,0,15,100,0,-20,-1,13.199999999999999,11,1.2,4,6,2.8574999999999999,True,True,capture,corner|0|15|100|0|20|1
pocket_scan_00739,corner,0,0,15,100,0,-20,1,13.199999999999999,11,1.2,4,6,2.8574999999999999,True,True,capture,corner|0|15|100|0|20|1
pocket_scan_00740,corner,0,0,15,250,0,0,-1,13.199999999999999,11,1.2,4,6,2.8574999999999999,True,True,capture,corner|0|15|250|0|0|1
pocket_scan_00741,corner,0,0,15,250,0,0,1,13.199999999999999,11,1.2,4,6,2.8574999999999999,True,True,capture,corner|0|15|250|0|0|1
pocket_scan_00742,corner,0,0,15,250,20,0,-1,13.199999999999999,11,1.2,4,6,2.8574999999999999,True,True,capture,corner|0|15|250|20|0|1
pocket_scan_00743,corner,0,0,15,250,20,0,1,13.199999999999999,11,1.2,4,6,2.8574999999999999,True,True,capture,corner|0|15|250|20|0|1
pocket_scan_00744,corner,0,0,15,250,-20,0,-1,13.199999999999999,11,1.2,4,6,2.8574999999999999,True,True,capture,corner|0|15|250|-20|0|1
pocket_scan_00745,corner,0,0,15,250,-20,0,1,13.199999999999999,11,1.2,4,6,2.8574999999999999,True,True,capture,corner|0|15|250|-20|0|1
pocket_scan_00746,corner,0,0,15,250,0,20,-1,13.199999999999999,11,1.2,4,6,2.8574999999999999,True,True,capture,corner|0|15|250|0|20|1
pocket_scan_00747,corner,0,0,15,250,0,20,1,13.199999999999999,11,1.2,4,6,2.8574999999999999,True,True,capture,corner|0|15|250|0|20|1
pocket_scan_00748,corner,0,0,15,250,0,-20,-1,13.199999999999999,11,1.2,4,6,2.8574999999999999,True,True,capture,corner|0|15|250|0|20|1
pocket_scan_00749,corner,0,0,15,250,0,-20,1,13.199999999999999,11,1.2,4,6,2.8574999999999999,True,True,capture,corner|0|15|250|0|20|1
pocket_scan_00750,corner,0,0,15,500,0,0,-1,13.199999999999999,11,1.2,4,6,2.8574999999999999,True,True,capture,corner|0|15|500|0|0|1
pocket_scan_00751,corner,0,0,15,500,0,0,1,13.199999999999999,11,1.2,4,6,2.8574999999999999,True,True,capture,corner|0|15|500|0|0|1
pocket_scan_00752,corner,0,0,15,500,20,0,-1,13.199999999999999,11,1.2,4,6,2.8574999999999999,True,True,capture,corner|0|15|500|20|0|1
pocket_scan_00753,corner,0,0,15,500,20,0,1,13.199999999999999,11,1.2,4,6,2.8574999999999999,True,True,capture,corner|0|15|500|20|0|1
pocket_scan_00754,corner,0,0,15,500,-20,0,-1,13.199999999999999,11,1.2,4,6,2.8574999999999999,True,True,capture,corner|0|15|500|-20|0|1
pocket_scan_00755,corner,0,0,15,500,-20,0,1,13.199999999999999,11,1.2,4,6,2.8574999999999999,True,True,capture,corner|0|15|500|-20|0|1
pocket_scan_00756,corner,0,0,15,500,0,20,-1,13.199999999999999,11,1.2,4,6,2.8574999999999999,True,True,capture,corner|0|15|500|0|20|1
pocket_scan_00757,corner,0,0,15,500,0,20,1,13.199999999999999,11,1.2,4,6,2.8574999999999999,True,True,capture,corner|0|15|500|0|20|1
pocket_scan_00758,corner,0,0,15,500,0,-20,-1,13.199999999999999,11,1.2,4,6,2.8574999999999999,True,True,capture,corner|0|15|500|0|20|1
pocket_scan_00759,corner,0,0,15,500,0,-20,1,13.199999999999999,11,1.2,4,6,2.8574999999999999,True,True,capture,corner|0|15|500|0|20|1
pocket_scan_00760,corner,0,0,30,25,0,0,-1,13.199999999999999,11,1.2,4,6,2.8574999999999999,True,True,capture,corner|0|30|25|0|0|1
pocket_scan_00761,corner,0,0,30,25,0,0,1,13.199999999999999,11,1.2,4,6,2.8574999999999999,True,True,capture,corner|0|30|25|0|0|1
pocket_scan_00762,corner,0,0,30,25,20,0,-1,13.199999999999999,11,1.2,4,6,2.8574999999999999,True,True,capture,corner|0|30|25|20|0|1
pocket_scan_00763,corner,0,0,30,25,20,0,1,13.199999999999999,11,1.2,4,6,2.8574999999999999,True,True,capture,corner|0|30|25|20|0|1
pocket_scan_00764,corner,0,0,30,25,-20,0,-1,13.199999999999999,11,1.2,4,6,2.8574999999999999,True,True,capture,corner|0|30|25|-20|0|1
pocket_scan_00765,corner,0,0,30,25,-20,0,1,13.199999999999999,11,1.2,4,6,2.8574999999999999,True,True,capture,corner|0|30|25|-20|0|1
pocket_scan_00766,corner,0,0,30,25,0,20,-1,13.199999999999999,11,1.2,4,6,2.8574999999999999,True,True,capture,corner|0|30|25|0|20|1
pocket_scan_00767,corner,0,0,30,25,0,20,1,13.199999999999999,11,1.2,4,6,2.8574999999999999,True,True,capture,corner|0|30|25|0|20|1
pocket_scan_00768,corner,0,0,30,25,0,-20,-1,13.199999999999999,11,1.2,4,6,2.8574999999999999,True,True,capture,corner|0|30|25|0|20|1
pocket_scan_00769,corner,0,0,30,25,0,-20,1,13.199999999999999,11,1.2,4,6,2.8574999999999999,True,True,capture,corner|0|30|25|0|20|1
pocket_scan_00770,corner,0,0,30,100,0,0,-1,13.199999999999999,11,1.2,4,6,2.8574999999999999,True,True,capture,corner|0|30|100|0|0|1
pocket_scan_00771,corner,0,0,30,100,0,0,1,13.199999999999999,11,1.2,4,6,2.8574999999999999,True,True,capture,corner|0|30|100|0|0|1
pocket_scan_00772,corner,0,0,30,100,20,0,-1,13.199999999999999,11,1.2,4,6,2.8574999999999999,True,True,capture,corner|0|30|100|20|0|1
pocket_scan_00773,corner,0,0,30,100,20,0,1,13.199999999999999,11,1.2,4,6,2.8574999999999999,True,True,capture,corner|0|30|100|20|0|1
pocket_scan_00774,corner,0,0,30,100,-20,0,-1,13.199999999999999,11,1.2,4,6,2.8574999999999999,True,True,capture,corner|0|30|100|-20|0|1
pocket_scan_00775,corner,0,0,30,100,-20,0,1,13.199999999999999,11,1.2,4,6,2.8574999999999999,True,True,capture,corner|0|30|100|-20|0|1
pocket_scan_00776,corner,0,0,30,100,0,20,-1,13.199999999999999,11,1.2,4,6,2.8574999999999999,True,True,capture,corner|0|30|100|0|20|1
pocket_scan_00777,corner,0,0,30,100,0,20,1,13.199999999999999,11,1.2,4,6,2.8574999999999999,True,True,capture,corner|0|30|100|0|20|1
pocket_scan_00778,corner,0,0,30,100,0,-20,-1,13.199999999999999,11,1.2,4,6,2.8574999999999999,True,True,capture,corner|0|30|100|0|20|1
pocket_scan_00779,corner,0,0,30,100,0,-20,1,13.199999999999999,11,1.2,4,6,2.8574999999999999,True,True,capture,corner|0|30|100|0|20|1
pocket_scan_00780,corner,0,0,30,250,0,0,-1,13.199999999999999,11,1.2,4,6,2.8574999999999999,True,True,capture,corner|0|30|250|0|0|1
pocket_scan_00781,corner,0,0,30,250,0,0,1,13.199999999999999,11,1.2,4,6,2.8574999999999999,True,True,capture,corner|0|30|250|0|0|1
pocket_scan_00782,corner,0,0,30,250,20,0,-1,13.199999999999999,11,1.2,4,6,2.8574999999999999,True,True,capture,corner|0|30|250|20|0|1
pocket_scan_00783,corner,0,0,30,250,20,0,1,13.199999999999999,11,1.2,4,6,2.8574999999999999,True,True,capture,corner|0|30|250|20|0|1
pocket_scan_00784,corner,0,0,30,250,-20,0,-1,13.199999999999999,11,1.2,4,6,2.8574999999999999,True,True,capture,corner|0|30|250|-20|0|1
pocket_scan_00785,corner,0,0,30,250,-20,0,1,13.199999999999999,11,1.2,4,6,2.8574999999999999,True,True,capture,corner|0|30|250|-20|0|1
pocket_scan_00786,corner,0,0,30,250,0,20,-1,13.199999999999999,11,1.2,4,6,2.8574999999999999,True,True,capture,corner|0|30|250|0|20|1
pocket_scan_00787,corner,0,0,30,250,0,20,1,13.199999999999999,11,1.2,4,6,2.8574999999999999,True,True,capture,corner|0|30|250|0|20|1
pocket_scan_00788,corner,0,0,30,250,0,-20,-1,13.199999999999999,11,1.2,4,6,2.8574999999999999,True,True,capture,corner|0|30|250|0|20|1
pocket_scan_00789,corner,0,0,30,250,0,-20,1,13.199999999999999,11,1.2,4,6,2.8574999999999999,True,True,capture,corner|0|30|250|0|20|1
pocket_scan_00790,corner,0,0,30,500,0,0,-1,13.199999999999999,11,1.2,4,6,2.8574999999999999,True,True,capture,corner|0|30|500|0|0|1
pocket_scan_00791,corner,0,0,30,500,0,0,1,13.199999999999999,11,1.2,4,6,2.8574999999999999,True,True,capture,corner|0|30|500|0|0|1
pocket_scan_00792,corner,0,0,30,500,20,0,-1,13.199999999999999,11,1.2,4,6,2.8574999999999999,True,True,capture,corner|0|30|500|20|0|1
pocket_scan_00793,corner,0,0,30,500,20,0,1,13.199999999999999,11,1.2,4,6,2.8574999999999999,True,True,capture,corner|0|30|500|20|0|1
pocket_scan_00794,corner,0,0,30,500,-20,0,-1,13.199999999999999,11,1.2,4,6,2.8574999999999999,True,True,capture,corner|0|30|500|-20|0|1
pocket_scan_00795,corner,0,0,30,500,-20,0,1,13.199999999999999,11,1.2,4,6,2.8574999999999999,True,True,capture,corner|0|30|500|-20|0|1
pocket_scan_00796,corner,0,0,30,500,0,20,-1,13.199999999999999,11,1.2,4,6,2.8574999999999999,True,True,capture,corner|0|30|500|0|20|1
pocket_scan_00797,corner,0,0,30,500,0,20,1,13.199999999999999,11,1.2,4,6,2.8574999999999999,True,True,capture,corner|0|30|500|0|20|1
pocket_scan_00798,corner,0,0,30,500,0,-20,-1,13.199999999999999,11,1.2,4,6,2.8574999999999999,True,True,capture,corner|0|30|500|0|20|1
pocket_scan_00799,corner,0,0,30,500,0,-20,1,13.199999999999999,11,1.2,4,6,2.8574999999999999,True,True,capture,corner|0|30|500|0|20|1
pocket_scan_00800,corner,0.40000000000000002,1.4969999999999999,-30,25,0,0,-1,13.199999999999999,11,1.2,4,6,2.8574999999999999,True,True,capture,corner|0.40000000000000002|30|25|0|0|1
pocket_scan_00801,corner,0.40000000000000002,1.4969999999999999,-30,25,0,0,1,13.199999999999999,11,1.2,4,6,2.8574999999999999,True,True,capture,corner|0.40000000000000002|30|25|0|0|1
pocket_scan_00802,corner,0.40000000000000002,1.4969999999999999,-30,25,20,0,-1,13.199999999999999,11,1.2,4,6,2.8574999999999999,True,True,capture,corner|0.40000000000000002|30|25|20|0|1
pocket_scan_00803,corner,0.40000000000000002,1.4969999999999999,-30,25,20,0,1,13.199999999999999,11,1.2,4,6,2.8574999999999999,True,True,capture,corner|0.40000000000000002|30|25|20|0|1
pocket_scan_00804,corner,0.40000000000000002,1.4969999999999999,-30,25,-20,0,-1,13.199999999999999,11,1.2,4,6,2.8574999999999999,True,True,capture,corner|0.40000000000000002|30|25|-20|0|1
pocket_scan_00805,corner,0.40000000000000002,1.4969999999999999,-30,25,-20,0,1,13.199999999999999,11,1.2,4,6,2.8574999999999999,True,True,capture,corner|0.40000000000000002|30|25|-20|0|1
pocket_scan_00806,corner,0.40000000000000002,1.4969999999999999,-30,25,0,20,-1,13.199999999999999,11,1.2,4,6,2.8574999999999999,True,True,capture,corner|0.40000000000000002|30|25|0|20|1
pocket_scan_00807,corner,0.40000000000000002,1.4969999999999999,-30,25,0,20,1,13.199999999999999,11,1.2,4,6,2.8574999999999999,True,True,capture,corner|0.40000000000000002|30|25|0|20|1
pocket_scan_00808,corner,0.40000000000000002,1.4969999999999999,-30,25,0,-20,-1,13.199999999999999,11,1.2,4,6,2.8574999999999999,True,True,capture,corner|0.40000000000000002|30|25|0|20|1
pocket_scan_00809,corner,0.40000000000000002,1.4969999999999999,-30,25,0,-20,1,13.199999999999999,11,1.2,4,6,2.8574999999999999,True,True,capture,corner|0.40000000000000002|30|25|0|20|1
pocket_scan_00810,corner,0.40000000000000002,1.4969999999999999,-30,100,0,0,-1,13.199999999999999,11,1.2,4,6,2.8574999999999999,True,True,capture,corner|0.40000000000000002|30|100|0|0|1
pocket_scan_00811,corner,0.40000000000000002,1.4969999999999999,-30,100,0,0,1,13.199999999999999,11,1.2,4,6,2.8574999999999999,True,True,capture,corner|0.40000000000000002|30|100|0|0|1
pocket_scan_00812,corner,0.40000000000000002,1.4969999999999999,-30,100,20,0,-1,13.199999999999999,11,1.2,4,6,2.8574999999999999,True,True,capture,corner|0.40000000000000002|30|100|20|0|1
pocket_scan_00813,corner,0.40000000000000002,1.4969999999999999,-30,100,20,0,1,13.199999999999999,11,1.2,4,6,2.8574999999999999,True,True,capture,corner|0.40000000000000002|30|100|20|0|1
pocket_scan_00814,corner,0.40000000000000002,1.4969999999999999,-30,100,-20,0,-1,13.199999999999999,11,1.2,4,6,2.8574999999999999,True,True,capture,corner|0.40000000000000002|30|100|-20|0|1
pocket_scan_00815,corner,0.40000000000000002,1.4969999999999999,-30,100,-20,0,1,13.199999999999999,11,1.2,4,6,2.8574999999999999,True,True,capture,corner|0.40000000000000002|30|100|-20|0|1
pocket_scan_00816,corner,0.40000000000000002,1.4969999999999999,-30,100,0,20,-1,13.199999999999999,11,1.2,4,6,2.8574999999999999,True,True,capture,corner|0.40000000000000002|30|100|0|20|1
pocket_scan_00817,corner,0.40000000000000002,1.4969999999999999,-30,100,0,20,1,13.199999999999999,11,1.2,4,6,2.8574999999999999,True,True,capture,corner|0.40000000000000002|30|100|0|20|1
pocket_scan_00818,corner,0.40000000000000002,1.4969999999999999,-30,100,0,-20,-1,13.199999999999999,11,1.2,4,6,2.8574999999999999,True,True,capture,corner|0.40000000000000002|30|100|0|20|1
pocket_scan_00819,corner,0.40000000000000002,1.4969999999999999,-30,100,0,-20,1,13.199999999999999,11,1.2,4,6,2.8574999999999999,True,True,capture,corner|0.40000000000000002|30|100|0|20|1
pocket_scan_00820,corner,0.40000000000000002,1.4969999999999999,-30,250,0,0,-1,13.199999999999999,11,1.2,4,6,2.8574999999999999,True,True,capture,corner|0.40000000000000002|30|250|0|0|1
pocket_scan_00821,corner,0.40000000000000002,1.4969999999999999,-30,250,0,0,1,13.199999999999999,11,1.2,4,6,2.8574999999999999,True,True,capture,corner|0.40000000000000002|30|250|0|0|1
pocket_scan_00822,corner,0.40000000000000002,1.4969999999999999,-30,250,20,0,-1,13.199999999999999,11,1.2,4,6,2.8574999999999999,True,True,capture,corner|0.40000000000000002|30|250|20|0|1
pocket_scan_00823,corner,0.40000000000000002,1.4969999999999999,-30,250,20,0,1,13.199999999999999,11,1.2,4,6,2.8574999999999999,True,True,capture,corner|0.40000000000000002|30|250|20|0|1
pocket_scan_00824,corner,0.40000000000000002,1.4969999999999999,-30,250,-20,0,-1,13.199999999999999,11,1.2,4,6,2.8574999999999999,True,True,capture,corner|0.40000000000000002|30|250|-20|0|1
pocket_scan_00825,corner,0.40000000000000002,1.4969999999999999,-30,250,-20,0,1,13.199999999999999,11,1.2,4,6,2.8574999999999999,True,True,capture,corner|0.40000000000000002|30|250|-20|0|1
pocket_scan_00826,corner,0.40000000000000002,1.4969999999999999,-30,250,0,20,-1,13.199999999999999,11,1.2,4,6,2.8574999999999999,True,True,capture,corner|0.40000000000000002|30|250|0|20|1
pocket_scan_00827,corner,0.40000000000000002,1.4969999999999999,-30,250,0,20,1,13.199999999999999,11,1.2,4,6,2.8574999999999999,True,True,capture,corner|0.40000000000000002|30|250|0|20|1
pocket_scan_00828,corner,0.40000000000000002,1.4969999999999999,-30,250,0,-20,-1,13.199999999999999,11,1.2,4,6,2.8574999999999999,True,True,capture,corner|0.40000000000000002|30|250|0|20|1
pocket_scan_00829,corner,0.40000000000000002,1.4969999999999999,-30,250,0,-20,1,13.199999999999999,11,1.2,4,6,2.8574999999999999,True,True,capture,corner|0.40000000000000002|30|250|0|20|1
pocket_scan_00830,corner,0.40000000000000002,1.4969999999999999,-30,500,0,0,-1,13.199999999999999,11,1.2,4,6,2.8574999999999999,True,True,capture,corner|0.40000000000000002|30|500|0|0|1
pocket_scan_00831,corner,0.40000000000000002,1.4969999999999999,-30,500,0,0,1,13.199999999999999,11,1.2,4,6,2.8574999999999999,True,True,capture,corner|0.40000000000000002|30|500|0|0|1
pocket_scan_00832,corner,0.40000000000000002,1.4969999999999999,-30,500,20,0,-1,13.199999999999999,11,1.2,4,6,2.8574999999999999,True,True,capture,corner|0.40000000000000002|30|500|20|0|1
pocket_scan_00833,corner,0.40000000000000002,1.4969999999999999,-30,500,20,0,1,13.199999999999999,11,1.2,4,6,2.8574999999999999,True,True,capture,corner|0.40000000000000002|30|500|20|0|1
pocket_scan_00834,corner,0.40000000000000002,1.4969999999999999,-30,500,-20,0,-1,13.199999999999999,11,1.2,4,6,2.8574999999999999,True,True,capture,corner|0.40000000000000002|30|500|-20|0|1
pocket_scan_00835,corner,0.40000000000000002,1.4969999999999999,-30,500,-20,0,1,13.199999999999999,11,1.2,4,6,2.8574999999999999,True,True,capture,corner|0.40000000000000002|30|500|-20|0|1
pocket_scan_00836,corner,0.40000000000000002,1.4969999999999999,-30,500,0,20,-1,13.199999999999999,11,1.2,4,6,2.8574999999999999,True,True,capture,corner|0.40000000000000002|30|500|0|20|1
pocket_scan_00837,corner,0.40000000000000002,1.4969999999999999,-30,500,0,20,1,13.199999999999999,11,1.2,4,6,2.8574999999999999,True,True,capture,corner|0.40000000000000002|30|500|0|20|1
pocket_scan_00838,corner,0.40000000000000002,1.4969999999999999,-30,500,0,-20,-1,13.199999999999999,11,1.2,4,6,2.8574999999999999,True,True,capture,corner|0.40000000000000002|30|500|0|20|1
pocket_scan_00839,corner,0.40000000000000002,1.4969999999999999,-30,500,0,-20,1,13.199999999999999,11,1.2,4,6,2.8574999999999999,True,True,capture,corner|0.40000000000000002|30|500|0|20|1
pocket_scan_00840,corner,0.40000000000000002,1.4969999999999999,-15,25,0,0,-1,13.199999999999999,11,1.2,4,6,2.8574999999999999,True,True,capture,corner|0.40000000000000002|15|25|0|0|1
pocket_scan_00841,corner,0.40000000000000002,1.4969999999999999,-15,25,0,0,1,13.199999999999999,11,1.2,4,6,2.8574999999999999,True,True,capture,corner|0.40000000000000002|15|25|0|0|1
pocket_scan_00842,corner,0.40000000000000002,1.4969999999999999,-15,25,20,0,-1,13.199999999999999,11,1.2,4,6,2.8574999999999999,True,True,capture,corner|0.40000000000000002|15|25|20|0|1
pocket_scan_00843,corner,0.40000000000000002,1.4969999999999999,-15,25,20,0,1,13.199999999999999,11,1.2,4,6,2.8574999999999999,True,True,capture,corner|0.40000000000000002|15|25|20|0|1
pocket_scan_00844,corner,0.40000000000000002,1.4969999999999999,-15,25,-20,0,-1,13.199999999999999,11,1.2,4,6,2.8574999999999999,True,True,capture,corner|0.40000000000000002|15|25|-20|0|1
pocket_scan_00845,corner,0.40000000000000002,1.4969999999999999,-15,25,-20,0,1,13.199999999999999,11,1.2,4,6,2.8574999999999999,True,True,capture,corner|0.40000000000000002|15|25|-20|0|1
pocket_scan_00846,corner,0.40000000000000002,1.4969999999999999,-15,25,0,20,-1,13.199999999999999,11,1.2,4,6,2.8574999999999999,True,True,capture,corner|0.40000000000000002|15|25|0|20|1
pocket_scan_00847,corner,0.40000000000000002,1.4969999999999999,-15,25,0,20,1,13.199999999999999,11,1.2,4,6,2.8574999999999999,True,True,capture,corner|0.40000000000000002|15|25|0|20|1
pocket_scan_00848,corner,0.40000000000000002,1.4969999999999999,-15,25,0,-20,-1,13.199999999999999,11,1.2,4,6,2.8574999999999999,True,True,capture,corner|0.40000000000000002|15|25|0|20|1
pocket_scan_00849,corner,0.40000000000000002,1.4969999999999999,-15,25,0,-20,1,13.199999999999999,11,1.2,4,6,2.8574999999999999,True,True,capture,corner|0.40000000000000002|15|25|0|20|1
pocket_scan_00850,corner,0.40000000000000002,1.4969999999999999,-15,100,0,0,-1,13.199999999999999,11,1.2,4,6,2.8574999999999999,True,True,capture,corner|0.40000000000000002|15|100|0|0|1
pocket_scan_00851,corner,0.40000000000000002,1.4969999999999999,-15,100,0,0,1,13.199999999999999,11,1.2,4,6,2.8574999999999999,True,True,capture,corner|0.40000000000000002|15|100|0|0|1
pocket_scan_00852,corner,0.40000000000000002,1.4969999999999999,-15,100,20,0,-1,13.199999999999999,11,1.2,4,6,2.8574999999999999,True,True,capture,corner|0.40000000000000002|15|100|20|0|1
pocket_scan_00853,corner,0.40000000000000002,1.4969999999999999,-15,100,20,0,1,13.199999999999999,11,1.2,4,6,2.8574999999999999,True,True,capture,corner|0.40000000000000002|15|100|20|0|1
pocket_scan_00854,corner,0.40000000000000002,1.4969999999999999,-15,100,-20,0,-1,13.199999999999999,11,1.2,4,6,2.8574999999999999,True,True,capture,corner|0.40000000000000002|15|100|-20|0|1
pocket_scan_00855,corner,0.40000000000000002,1.4969999999999999,-15,100,-20,0,1,13.199999999999999,11,1.2,4,6,2.8574999999999999,True,True,capture,corner|0.40000000000000002|15|100|-20|0|1
pocket_scan_00856,corner,0.40000000000000002,1.4969999999999999,-15,100,0,20,-1,13.199999999999999,11,1.2,4,6,2.8574999999999999,True,True,capture,corner|0.40000000000000002|15|100|0|20|1
pocket_scan_00857,corner,0.40000000000000002,1.4969999999999999,-15,100,0,20,1,13.199999999999999,11,1.2,4,6,2.8574999999999999,True,True,capture,corner|0.40000000000000002|15|100|0|20|1
pocket_scan_00858,corner,0.40000000000000002,1.4969999999999999,-15,100,0,-20,-1,13.199999999999999,11,1.2,4,6,2.8574999999999999,True,True,capture,corner|0.40000000000000002|15|100|0|20|1
pocket_scan_00859,corner,0.40000000000000002,1.4969999999999999,-15,100,0,-20,1,13.199999999999999,11,1.2,4,6,2.8574999999999999,True,True,capture,corner|0.40000000000000002|15|100|0|20|1
pocket_scan_00860,corner,0.40000000000000002,1.4969999999999999,-15,250,0,0,-1,13.199999999999999,11,1.2,4,6,2.8574999999999999,True,True,capture,corner|0.40000000000000002|15|250|0|0|1
pocket_scan_00861,corner,0.40000000000000002,1.4969999999999999,-15,250,0,0,1,13.199999999999999,11,1.2,4,6,2.8574999999999999,True,True,capture,corner|0.40000000000000002|15|250|0|0|1
pocket_scan_00862,corner,0.40000000000000002,1.4969999999999999,-15,250,20,0,-1,13.199999999999999,11,1.2,4,6,2.8574999999999999,True,True,capture,corner|0.40000000000000002|15|250|20|0|1
pocket_scan_00863,corner,0.40000000000000002,1.4969999999999999,-15,250,20,0,1,13.199999999999999,11,1.2,4,6,2.8574999999999999,True,True,capture,corner|0.40000000000000002|15|250|20|0|1
pocket_scan_00864,corner,0.40000000000000002,1.4969999999999999,-15,250,-20,0,-1,13.199999999999999,11,1.2,4,6,2.8574999999999999,True,True,capture,corner|0.40000000000000002|15|250|-20|0|1
pocket_scan_00865,corner,0.40000000000000002,1.4969999999999999,-15,250,-20,0,1,13.199999999999999,11,1.2,4,6,2.8574999999999999,True,True,capture,corner|0.40000000000000002|15|250|-20|0|1
pocket_scan_00866,corner,0.40000000000000002,1.4969999999999999,-15,250,0,20,-1,13.199999999999999,11,1.2,4,6,2.8574999999999999,True,True,capture,corner|0.40000000000000002|15|250|0|20|1
pocket_scan_00867,corner,0.40000000000000002,1.4969999999999999,-15,250,0,20,1,13.199999999999999,11,1.2,4,6,2.8574999999999999,True,True,capture,corner|0.40000000000000002|15|250|0|20|1
pocket_scan_00868,corner,0.40000000000000002,1.4969999999999999,-15,250,0,-20,-1,13.199999999999999,11,1.2,4,6,2.8574999999999999,True,True,capture,corner|0.40000000000000002|15|250|0|20|1
pocket_scan_00869,corner,0.40000000000000002,1.4969999999999999,-15,250,0,-20,1,13.199999999999999,11,1.2,4,6,2.8574999999999999,True,True,capture,corner|0.40000000000000002|15|250|0|20|1
pocket_scan_00870,corner,0.40000000000000002,1.4969999999999999,-15,500,0,0,-1,13.199999999999999,11,1.2,4,6,2.8574999999999999,True,True,capture,corner|0.40000000000000002|15|500|0|0|1
pocket_scan_00871,corner,0.40000000000000002,1.4969999999999999,-15,500,0,0,1,13.199999999999999,11,1.2,4,6,2.8574999999999999,True,True,capture,corner|0.40000000000000002|15|500|0|0|1
pocket_scan_00872,corner,0.40000000000000002,1.4969999999999999,-15,500,20,0,-1,13.199999999999999,11,1.2,4,6,2.8574999999999999,True,True,capture,corner|0.40000000000000002|15|500|20|0|1
pocket_scan_00873,corner,0.40000000000000002,1.4969999999999999,-15,500,20,0,1,13.199999999999999,11,1.2,4,6,2.8574999999999999,True,True,capture,corner|0.40000000000000002|15|500|20|0|1
pocket_scan_00874,corner,0.40000000000000002,1.4969999999999999,-15,500,-20,0,-1,13.199999999999999,11,1.2,4,6,2.8574999999999999,True,True,capture,corner|0.40000000000000002|15|500|-20|0|1
pocket_scan_00875,corner,0.40000000000000002,1.4969999999999999,-15,500,-20,0,1,13.199999999999999,11,1.2,4,6,2.8574999999999999,True,True,capture,corner|0.40000000000000002|15|500|-20|0|1
pocket_scan_00876,corner,0.40000000000000002,1.4969999999999999,-15,500,0,20,-1,13.199999999999999,11,1.2,4,6,2.8574999999999999,True,True,capture,corner|0.40000000000000002|15|500|0|20|1
pocket_scan_00877,corner,0.40000000000000002,1.4969999999999999,-15,500,0,20,1,13.199999999999999,11,1.2,4,6,2.8574999999999999,True,True,capture,corner|0.40000000000000002|15|500|0|20|1
pocket_scan_00878,corner,0.40000000000000002,1.4969999999999999,-15,500,0,-20,-1,13.199999999999999,11,1.2,4,6,2.8574999999999999,True,True,capture,corner|0.40000000000000002|15|500|0|20|1
pocket_scan_00879,corner,0.40000000000000002,1.4969999999999999,-15,500,0,-20,1,13.199999999999999,11,1.2,4,6,2.8574999999999999,True,True,capture,corner|0.40000000000000002|15|500|0|20|1
pocket_scan_00880,corner,0.40000000000000002,1.4969999999999999,0,25,0,0,-1,13.199999999999999,11,1.2,4,6,2.8574999999999999,True,True,capture,corner|0.40000000000000002|0|25|0|0|1
pocket_scan_00881,corner,0.40000000000000002,1.4969999999999999,0,25,0,0,1,13.199999999999999,11,1.2,4,6,2.8574999999999999,True,True,capture,corner|0.40000000000000002|0|25|0|0|1
pocket_scan_00882,corner,0.40000000000000002,1.4969999999999999,0,25,20,0,-1,13.199999999999999,11,1.2,4,6,2.8574999999999999,True,True,capture,corner|0.40000000000000002|0|25|20|0|1
pocket_scan_00883,corner,0.40000000000000002,1.4969999999999999,0,25,20,0,1,13.199999999999999,11,1.2,4,6,2.8574999999999999,True,True,capture,corner|0.40000000000000002|0|25|20|0|1
pocket_scan_00884,corner,0.40000000000000002,1.4969999999999999,0,25,-20,0,-1,13.199999999999999,11,1.2,4,6,2.8574999999999999,True,True,capture,corner|0.40000000000000002|0|25|-20|0|1
pocket_scan_00885,corner,0.40000000000000002,1.4969999999999999,0,25,-20,0,1,13.199999999999999,11,1.2,4,6,2.8574999999999999,True,True,capture,corner|0.40000000000000002|0|25|-20|0|1
pocket_scan_00886,corner,0.40000000000000002,1.4969999999999999,0,25,0,20,-1,13.199999999999999,11,1.2,4,6,2.8574999999999999,True,True,capture,corner|0.40000000000000002|0|25|0|20|1
pocket_scan_00887,corner,0.40000000000000002,1.4969999999999999,0,25,0,20,1,13.199999999999999,11,1.2,4,6,2.8574999999999999,True,True,capture,corner|0.40000000000000002|0|25|0|20|1
pocket_scan_00888,corner,0.40000000000000002,1.4969999999999999,0,25,0,-20,-1,13.199999999999999,11,1.2,4,6,2.8574999999999999,True,True,capture,corner|0.40000000000000002|0|25|0|20|1
pocket_scan_00889,corner,0.40000000000000002,1.4969999999999999,0,25,0,-20,1,13.199999999999999,11,1.2,4,6,2.8574999999999999,True,True,capture,corner|0.40000000000000002|0|25|0|20|1
pocket_scan_00890,corner,0.40000000000000002,1.4969999999999999,0,100,0,0,-1,13.199999999999999,11,1.2,4,6,2.8574999999999999,True,True,capture,corner|0.40000000000000002|0|100|0|0|1
pocket_scan_00891,corner,0.40000000000000002,1.4969999999999999,0,100,0,0,1,13.199999999999999,11,1.2,4,6,2.8574999999999999,True,True,capture,corner|0.40000000000000002|0|100|0|0|1
pocket_scan_00892,corner,0.40000000000000002,1.4969999999999999,0,100,20,0,-1,13.199999999999999,11,1.2,4,6,2.8574999999999999,True,True,capture,corner|0.40000000000000002|0|100|20|0|1
pocket_scan_00893,corner,0.40000000000000002,1.4969999999999999,0,100,20,0,1,13.199999999999999,11,1.2,4,6,2.8574999999999999,True,True,capture,corner|0.40000000000000002|0|100|20|0|1
pocket_scan_00894,corner,0.40000000000000002,1.4969999999999999,0,100,-20,0,-1,13.199999999999999,11,1.2,4,6,2.8574999999999999,True,True,capture,corner|0.40000000000000002|0|100|-20|0|1
pocket_scan_00895,corner,0.40000000000000002,1.4969999999999999,0,100,-20,0,1,13.199999999999999,11,1.2,4,6,2.8574999999999999,True,True,capture,corner|0.40000000000000002|0|100|-20|0|1
pocket_scan_00896,corner,0.40000000000000002,1.4969999999999999,0,100,0,20,-1,13.199999999999999,11,1.2,4,6,2.8574999999999999,True,True,capture,corner|0.40000000000000002|0|100|0|20|1
pocket_scan_00897,corner,0.40000000000000002,1.4969999999999999,0,100,0,20,1,13.199999999999999,11,1.2,4,6,2.8574999999999999,True,True,capture,corner|0.40000000000000002|0|100|0|20|1
pocket_scan_00898,corner,0.40000000000000002,1.4969999999999999,0,100,0,-20,-1,13.199999999999999,11,1.2,4,6,2.8574999999999999,True,True,capture,corner|0.40000000000000002|0|100|0|20|1
pocket_scan_00899,corner,0.40000000000000002,1.4969999999999999,0,100,0,-20,1,13.199999999999999,11,1.2,4,6,2.8574999999999999,True,True,capture,corner|0.40000000000000002|0|100|0|20|1
pocket_scan_00900,corner,0.40000000000000002,1.4969999999999999,0,250,0,0,-1,13.199999999999999,11,1.2,4,6,2.8574999999999999,True,True,capture,corner|0.40000000000000002|0|250|0|0|1
pocket_scan_00901,corner,0.40000000000000002,1.4969999999999999,0,250,0,0,1,13.199999999999999,11,1.2,4,6,2.8574999999999999,True,True,capture,corner|0.40000000000000002|0|250|0|0|1
pocket_scan_00902,corner,0.40000000000000002,1.4969999999999999,0,250,20,0,-1,13.199999999999999,11,1.2,4,6,2.8574999999999999,True,True,capture,corner|0.40000000000000002|0|250|20|0|1
pocket_scan_00903,corner,0.40000000000000002,1.4969999999999999,0,250,20,0,1,13.199999999999999,11,1.2,4,6,2.8574999999999999,True,True,capture,corner|0.40000000000000002|0|250|20|0|1
pocket_scan_00904,corner,0.40000000000000002,1.4969999999999999,0,250,-20,0,-1,13.199999999999999,11,1.2,4,6,2.8574999999999999,True,True,capture,corner|0.40000000000000002|0|250|-20|0|1
pocket_scan_00905,corner,0.40000000000000002,1.4969999999999999,0,250,-20,0,1,13.199999999999999,11,1.2,4,6,2.8574999999999999,True,True,capture,corner|0.40000000000000002|0|250|-20|0|1
pocket_scan_00906,corner,0.40000000000000002,1.4969999999999999,0,250,0,20,-1,13.199999999999999,11,1.2,4,6,2.8574999999999999,True,True,capture,corner|0.40000000000000002|0|250|0|20|1
pocket_scan_00907,corner,0.40000000000000002,1.4969999999999999,0,250,0,20,1,13.199999999999999,11,1.2,4,6,2.8574999999999999,True,True,capture,corner|0.40000000000000002|0|250|0|20|1
pocket_scan_00908,corner,0.40000000000000002,1.4969999999999999,0,250,0,-20,-1,13.199999999999999,11,1.2,4,6,2.8574999999999999,True,True,capture,corner|0.40000000000000002|0|250|0|20|1
pocket_scan_00909,corner,0.40000000000000002,1.4969999999999999,0,250,0,-20,1,13.199999999999999,11,1.2,4,6,2.8574999999999999,True,True,capture,corner|0.40000000000000002|0|250|0|20|1
pocket_scan_00910,corner,0.40000000000000002,1.4969999999999999,0,500,0,0,-1,13.199999999999999,11,1.2,4,6,2.8574999999999999,True,True,capture,corner|0.40000000000000002|0|500|0|0|1
pocket_scan_00911,corner,0.40000000000000002,1.4969999999999999,0,500,0,0,1,13.199999999999999,11,1.2,4,6,2.8574999999999999,True,True,capture,corner|0.40000000000000002|0|500|0|0|1
pocket_scan_00912,corner,0.40000000000000002,1.4969999999999999,0,500,20,0,-1,13.199999999999999,11,1.2,4,6,2.8574999999999999,True,True,capture,corner|0.40000000000000002|0|500|20|0|1
pocket_scan_00913,corner,0.40000000000000002,1.4969999999999999,0,500,20,0,1,13.199999999999999,11,1.2,4,6,2.8574999999999999,True,True,capture,corner|0.40000000000000002|0|500|20|0|1
pocket_scan_00914,corner,0.40000000000000002,1.4969999999999999,0,500,-20,0,-1,13.199999999999999,11,1.2,4,6,2.8574999999999999,True,True,capture,corner|0.40000000000000002|0|500|-20|0|1
pocket_scan_00915,corner,0.40000000000000002,1.4969999999999999,0,500,-20,0,1,13.199999999999999,11,1.2,4,6,2.8574999999999999,True,True,capture,corner|0.40000000000000002|0|500|-20|0|1
pocket_scan_00916,corner,0.40000000000000002,1.4969999999999999,0,500,0,20,-1,13.199999999999999,11,1.2,4,6,2.8574999999999999,True,True,capture,corner|0.40000000000000002|0|500|0|20|1
pocket_scan_00917,corner,0.40000000000000002,1.4969999999999999,0,500,0,20,1,13.199999999999999,11,1.2,4,6,2.8574999999999999,True,True,capture,corner|0.40000000000000002|0|500|0|20|1
pocket_scan_00918,corner,0.40000000000000002,1.4969999999999999,0,500,0,-20,-1,13.199999999999999,11,1.2,4,6,2.8574999999999999,True,True,capture,corner|0.40000000000000002|0|500|0|20|1
pocket_scan_00919,corner,0.40000000000000002,1.4969999999999999,0,500,0,-20,1,13.199999999999999,11,1.2,4,6,2.8574999999999999,True,True,capture,corner|0.40000000000000002|0|500|0|20|1
pocket_scan_00920,corner,0.40000000000000002,1.4969999999999999,15,25,0,0,-1,13.199999999999999,11,1.2,4,6,2.8574999999999999,True,True,capture,corner|0.40000000000000002|15|25|0|0|1
pocket_scan_00921,corner,0.40000000000000002,1.4969999999999999,15,25,0,0,1,13.199999999999999,11,1.2,4,6,2.8574999999999999,True,True,capture,corner|0.40000000000000002|15|25|0|0|1
pocket_scan_00922,corner,0.40000000000000002,1.4969999999999999,15,25,20,0,-1,13.199999999999999,11,1.2,4,6,2.8574999999999999,True,True,capture,corner|0.40000000000000002|15|25|20|0|1
pocket_scan_00923,corner,0.40000000000000002,1.4969999999999999,15,25,20,0,1,13.199999999999999,11,1.2,4,6,2.8574999999999999,True,True,capture,corner|0.40000000000000002|15|25|20|0|1
pocket_scan_00924,corner,0.40000000000000002,1.4969999999999999,15,25,-20,0,-1,13.199999999999999,11,1.2,4,6,2.8574999999999999,True,True,capture,corner|0.40000000000000002|15|25|-20|0|1
pocket_scan_00925,corner,0.40000000000000002,1.4969999999999999,15,25,-20,0,1,13.199999999999999,11,1.2,4,6,2.8574999999999999,True,True,capture,corner|0.40000000000000002|15|25|-20|0|1
pocket_scan_00926,corner,0.40000000000000002,1.4969999999999999,15,25,0,20,-1,13.199999999999999,11,1.2,4,6,2.8574999999999999,True,True,capture,corner|0.40000000000000002|15|25|0|20|1
pocket_scan_00927,corner,0.40000000000000002,1.4969999999999999,15,25,0,20,1,13.199999999999999,11,1.2,4,6,2.8574999999999999,True,True,capture,corner|0.40000000000000002|15|25|0|20|1
pocket_scan_00928,corner,0.40000000000000002,1.4969999999999999,15,25,0,-20,-1,13.199999999999999,11,1.2,4,6,2.8574999999999999,True,True,capture,corner|0.40000000000000002|15|25|0|20|1
pocket_scan_00929,corner,0.40000000000000002,1.4969999999999999,15,25,0,-20,1,13.199999999999999,11,1.2,4,6,2.8574999999999999,True,True,capture,corner|0.40000000000000002|15|25|0|20|1
pocket_scan_00930,corner,0.40000000000000002,1.4969999999999999,15,100,0,0,-1,13.199999999999999,11,1.2,4,6,2.8574999999999999,True,True,capture,corner|0.40000000000000002|15|100|0|0|1
pocket_scan_00931,corner,0.40000000000000002,1.4969999999999999,15,100,0,0,1,13.199999999999999,11,1.2,4,6,2.8574999999999999,True,True,capture,corner|0.40000000000000002|15|100|0|0|1
pocket_scan_00932,corner,0.40000000000000002,1.4969999999999999,15,100,20,0,-1,13.199999999999999,11,1.2,4,6,2.8574999999999999,True,True,capture,corner|0.40000000000000002|15|100|20|0|1
pocket_scan_00933,corner,0.40000000000000002,1.4969999999999999,15,100,20,0,1,13.199999999999999,11,1.2,4,6,2.8574999999999999,True,True,capture,corner|0.40000000000000002|15|100|20|0|1
pocket_scan_00934,corner,0.40000000000000002,1.4969999999999999,15,100,-20,0,-1,13.199999999999999,11,1.2,4,6,2.8574999999999999,True,True,capture,corner|0.40000000000000002|15|100|-20|0|1
pocket_scan_00935,corner,0.40000000000000002,1.4969999999999999,15,100,-20,0,1,13.199999999999999,11,1.2,4,6,2.8574999999999999,True,True,capture,corner|0.40000000000000002|15|100|-20|0|1
pocket_scan_00936,corner,0.40000000000000002,1.4969999999999999,15,100,0,20,-1,13.199999999999999,11,1.2,4,6,2.8574999999999999,True,True,capture,corner|0.40000000000000002|15|100|0|20|1
pocket_scan_00937,corner,0.40000000000000002,1.4969999999999999,15,100,0,20,1,13.199999999999999,11,1.2,4,6,2.8574999999999999,True,True,capture,corner|0.40000000000000002|15|100|0|20|1
pocket_scan_00938,corner,0.40000000000000002,1.4969999999999999,15,100,0,-20,-1,13.199999999999999,11,1.2,4,6,2.8574999999999999,True,True,capture,corner|0.40000000000000002|15|100|0|20|1
pocket_scan_00939,corner,0.40000000000000002,1.4969999999999999,15,100,0,-20,1,13.199999999999999,11,1.2,4,6,2.8574999999999999,True,True,capture,corner|0.40000000000000002|15|100|0|20|1
pocket_scan_00940,corner,0.40000000000000002,1.4969999999999999,15,250,0,0,-1,13.199999999999999,11,1.2,4,6,2.8574999999999999,True,True,capture,corner|0.40000000000000002|15|250|0|0|1
pocket_scan_00941,corner,0.40000000000000002,1.4969999999999999,15,250,0,0,1,13.199999999999999,11,1.2,4,6,2.8574999999999999,True,True,capture,corner|0.40000000000000002|15|250|0|0|1
pocket_scan_00942,corner,0.40000000000000002,1.4969999999999999,15,250,20,0,-1,13.199999999999999,11,1.2,4,6,2.8574999999999999,True,True,capture,corner|0.40000000000000002|15|250|20|0|1
pocket_scan_00943,corner,0.40000000000000002,1.4969999999999999,15,250,20,0,1,13.199999999999999,11,1.2,4,6,2.8574999999999999,True,True,capture,corner|0.40000000000000002|15|250|20|0|1
pocket_scan_00944,corner,0.40000000000000002,1.4969999999999999,15,250,-20,0,-1,13.199999999999999,11,1.2,4,6,2.8574999999999999,True,True,capture,corner|0.40000000000000002|15|250|-20|0|1
pocket_scan_00945,corner,0.40000000000000002,1.4969999999999999,15,250,-20,0,1,13.199999999999999,11,1.2,4,6,2.8574999999999999,True,True,capture,corner|0.40000000000000002|15|250|-20|0|1
pocket_scan_00946,corner,0.40000000000000002,1.4969999999999999,15,250,0,20,-1,13.199999999999999,11,1.2,4,6,2.8574999999999999,True,True,capture,corner|0.40000000000000002|15|250|0|20|1
pocket_scan_00947,corner,0.40000000000000002,1.4969999999999999,15,250,0,20,1,13.199999999999999,11,1.2,4,6,2.8574999999999999,True,True,capture,corner|0.40000000000000002|15|250|0|20|1
pocket_scan_00948,corner,0.40000000000000002,1.4969999999999999,15,250,0,-20,-1,13.199999999999999,11,1.2,4,6,2.8574999999999999,True,True,capture,corner|0.40000000000000002|15|250|0|20|1
pocket_scan_00949,corner,0.40000000000000002,1.4969999999999999,15,250,0,-20,1,13.199999999999999,11,1.2,4,6,2.8574999999999999,True,True,capture,corner|0.40000000000000002|15|250|0|20|1
pocket_scan_00950,corner,0.40000000000000002,1.4969999999999999,15,500,0,0,-1,13.199999999999999,11,1.2,4,6,2.8574999999999999,True,True,capture,corner|0.40000000000000002|15|500|0|0|1
pocket_scan_00951,corner,0.40000000000000002,1.4969999999999999,15,500,0,0,1,13.199999999999999,11,1.2,4,6,2.8574999999999999,True,True,capture,corner|0.40000000000000002|15|500|0|0|1
pocket_scan_00952,corner,0.40000000000000002,1.4969999999999999,15,500,20,0,-1,13.199999999999999,11,1.2,4,6,2.8574999999999999,True,True,capture,corner|0.40000000000000002|15|500|20|0|1
pocket_scan_00953,corner,0.40000000000000002,1.4969999999999999,15,500,20,0,1,13.199999999999999,11,1.2,4,6,2.8574999999999999,True,True,capture,corner|0.40000000000000002|15|500|20|0|1
pocket_scan_00954,corner,0.40000000000000002,1.4969999999999999,15,500,-20,0,-1,13.199999999999999,11,1.2,4,6,2.8574999999999999,True,True,capture,corner|0.40000000000000002|15|500|-20|0|1
pocket_scan_00955,corner,0.40000000000000002,1.4969999999999999,15,500,-20,0,1,13.199999999999999,11,1.2,4,6,2.8574999999999999,True,True,capture,corner|0.40000000000000002|15|500|-20|0|1
pocket_scan_00956,corner,0.40000000000000002,1.4969999999999999,15,500,0,20,-1,13.199999999999999,11,1.2,4,6,2.8574999999999999,True,True,capture,corner|0.40000000000000002|15|500|0|20|1
pocket_scan_00957,corner,0.40000000000000002,1.4969999999999999,15,500,0,20,1,13.199999999999999,11,1.2,4,6,2.8574999999999999,True,True,capture,corner|0.40000000000000002|15|500|0|20|1
pocket_scan_00958,corner,0.40000000000000002,1.4969999999999999,15,500,0,-20,-1,13.199999999999999,11,1.2,4,6,2.8574999999999999,True,True,capture,corner|0.40000000000000002|15|500|0|20|1
pocket_scan_00959,corner,0.40000000000000002,1.4969999999999999,15,500,0,-20,1,13.199999999999999,11,1.2,4,6,2.8574999999999999,True,True,capture,corner|0.40000000000000002|15|500|0|20|1
pocket_scan_00960,corner,0.40000000000000002,1.4969999999999999,30,25,0,0,-1,13.199999999999999,11,1.2,4,6,2.8574999999999999,True,True,capture,corner|0.40000000000000002|30|25|0|0|1
pocket_scan_00961,corner,0.40000000000000002,1.4969999999999999,30,25,0,0,1,13.199999999999999,11,1.2,4,6,2.8574999999999999,True,True,capture,corner|0.40000000000000002|30|25|0|0|1
pocket_scan_00962,corner,0.40000000000000002,1.4969999999999999,30,25,20,0,-1,13.199999999999999,11,1.2,4,6,2.8574999999999999,True,True,capture,corner|0.40000000000000002|30|25|20|0|1
pocket_scan_00963,corner,0.40000000000000002,1.4969999999999999,30,25,20,0,1,13.199999999999999,11,1.2,4,6,2.8574999999999999,True,True,capture,corner|0.40000000000000002|30|25|20|0|1
pocket_scan_00964,corner,0.40000000000000002,1.4969999999999999,30,25,-20,0,-1,13.199999999999999,11,1.2,4,6,2.8574999999999999,True,True,capture,corner|0.40000000000000002|30|25|-20|0|1
pocket_scan_00965,corner,0.40000000000000002,1.4969999999999999,30,25,-20,0,1,13.199999999999999,11,1.2,4,6,2.8574999999999999,True,True,capture,corner|0.40000000000000002|30|25|-20|0|1
pocket_scan_00966,corner,0.40000000000000002,1.4969999999999999,30,25,0,20,-1,13.199999999999999,11,1.2,4,6,2.8574999999999999,True,True,capture,corner|0.40000000000000002|30|25|0|20|1
pocket_scan_00967,corner,0.40000000000000002,1.4969999999999999,30,25,0,20,1,13.199999999999999,11,1.2,4,6,2.8574999999999999,True,True,capture,corner|0.40000000000000002|30|25|0|20|1
pocket_scan_00968,corner,0.40000000000000002,1.4969999999999999,30,25,0,-20,-1,13.199999999999999,11,1.2,4,6,2.8574999999999999,True,True,capture,corner|0.40000000000000002|30|25|0|20|1
pocket_scan_00969,corner,0.40000000000000002,1.4969999999999999,30,25,0,-20,1,13.199999999999999,11,1.2,4,6,2.8574999999999999,True,True,capture,corner|0.40000000000000002|30|25|0|20|1
pocket_scan_00970,corner,0.40000000000000002,1.4969999999999999,30,100,0,0,-1,13.199999999999999,11,1.2,4,6,2.8574999999999999,True,True,capture,corner|0.40000000000000002|30|100|0|0|1
pocket_scan_00971,corner,0.40000000000000002,1.4969999999999999,30,100,0,0,1,13.199999999999999,11,1.2,4,6,2.8574999999999999,True,True,capture,corner|0.40000000000000002|30|100|0|0|1
pocket_scan_00972,corner,0.40000000000000002,1.4969999999999999,30,100,20,0,-1,13.199999999999999,11,1.2,4,6,2.8574999999999999,True,True,capture,corner|0.40000000000000002|30|100|20|0|1
pocket_scan_00973,corner,0.40000000000000002,1.4969999999999999,30,100,20,0,1,13.199999999999999,11,1.2,4,6,2.8574999999999999,True,True,capture,corner|0.40000000000000002|30|100|20|0|1
pocket_scan_00974,corner,0.40000000000000002,1.4969999999999999,30,100,-20,0,-1,13.199999999999999,11,1.2,4,6,2.8574999999999999,True,True,capture,corner|0.40000000000000002|30|100|-20|0|1
pocket_scan_00975,corner,0.40000000000000002,1.4969999999999999,30,100,-20,0,1,13.199999999999999,11,1.2,4,6,2.8574999999999999,True,True,capture,corner|0.40000000000000002|30|100|-20|0|1
pocket_scan_00976,corner,0.40000000000000002,1.4969999999999999,30,100,0,20,-1,13.199999999999999,11,1.2,4,6,2.8574999999999999,True,True,capture,corner|0.40000000000000002|30|100|0|20|1
pocket_scan_00977,corner,0.40000000000000002,1.4969999999999999,30,100,0,20,1,13.199999999999999,11,1.2,4,6,2.8574999999999999,True,True,capture,corner|0.40000000000000002|30|100|0|20|1
pocket_scan_00978,corner,0.40000000000000002,1.4969999999999999,30,100,0,-20,-1,13.199999999999999,11,1.2,4,6,2.8574999999999999,True,True,capture,corner|0.40000000000000002|30|100|0|20|1
pocket_scan_00979,corner,0.40000000000000002,1.4969999999999999,30,100,0,-20,1,13.199999999999999,11,1.2,4,6,2.8574999999999999,True,True,capture,corner|0.40000000000000002|30|100|0|20|1
pocket_scan_00980,corner,0.40000000000000002,1.4969999999999999,30,250,0,0,-1,13.199999999999999,11,1.2,4,6,2.8574999999999999,True,True,capture,corner|0.40000000000000002|30|250|0|0|1
pocket_scan_00981,corner,0.40000000000000002,1.4969999999999999,30,250,0,0,1,13.199999999999999,11,1.2,4,6,2.8574999999999999,True,True,capture,corner|0.40000000000000002|30|250|0|0|1
pocket_scan_00982,corner,0.40000000000000002,1.4969999999999999,30,250,20,0,-1,13.199999999999999,11,1.2,4,6,2.8574999999999999,True,True,capture,corner|0.40000000000000002|30|250|20|0|1
pocket_scan_00983,corner,0.40000000000000002,1.4969999999999999,30,250,20,0,1,13.199999999999999,11,1.2,4,6,2.8574999999999999,True,True,capture,corner|0.40000000000000002|30|250|20|0|1
pocket_scan_00984,corner,0.40000000000000002,1.4969999999999999,30,250,-20,0,-1,13.199999999999999,11,1.2,4,6,2.8574999999999999,True,True,capture,corner|0.40000000000000002|30|250|-20|0|1
pocket_scan_00985,corner,0.40000000000000002,1.4969999999999999,30,250,-20,0,1,13.199999999999999,11,1.2,4,6,2.8574999999999999,True,True,capture,corner|0.40000000000000002|30|250|-20|0|1
pocket_scan_00986,corner,0.40000000000000002,1.4969999999999999,30,250,0,20,-1,13.199999999999999,11,1.2,4,6,2.8574999999999999,True,True,capture,corner|0.40000000000000002|30|250|0|20|1
pocket_scan_00987,corner,0.40000000000000002,1.4969999999999999,30,250,0,20,1,13.199999999999999,11,1.2,4,6,2.8574999999999999,True,True,capture,corner|0.40000000000000002|30|250|0|20|1
pocket_scan_00988,corner,0.40000000000000002,1.4969999999999999,30,250,0,-20,-1,13.199999999999999,11,1.2,4,6,2.8574999999999999,True,True,capture,corner|0.40000000000000002|30|250|0|20|1
pocket_scan_00989,corner,0.40000000000000002,1.4969999999999999,30,250,0,-20,1,13.199999999999999,11,1.2,4,6,2.8574999999999999,True,True,capture,corner|0.40000000000000002|30|250|0|20|1
pocket_scan_00990,corner,0.40000000000000002,1.4969999999999999,30,500,0,0,-1,13.199999999999999,11,1.2,4,6,2.8574999999999999,True,True,capture,corner|0.40000000000000002|30|500|0|0|1
pocket_scan_00991,corner,0.40000000000000002,1.4969999999999999,30,500,0,0,1,13.199999999999999,11,1.2,4,6,2.8574999999999999,True,True,capture,corner|0.40000000000000002|30|500|0|0|1
pocket_scan_00992,corner,0.40000000000000002,1.4969999999999999,30,500,20,0,-1,13.199999999999999,11,1.2,4,6,2.8574999999999999,True,True,capture,corner|0.40000000000000002|30|500|20|0|1
pocket_scan_00993,corner,0.40000000000000002,1.4969999999999999,30,500,20,0,1,13.199999999999999,11,1.2,4,6,2.8574999999999999,True,True,capture,corner|0.40000000000000002|30|500|20|0|1
pocket_scan_00994,corner,0.40000000000000002,1.4969999999999999,30,500,-20,0,-1,13.199999999999999,11,1.2,4,6,2.8574999999999999,True,True,capture,corner|0.40000000000000002|30|500|-20|0|1
pocket_scan_00995,corner,0.40000000000000002,1.4969999999999999,30,500,-20,0,1,13.199999999999999,11,1.2,4,6,2.8574999999999999,True,True,capture,corner|0.40000000000000002|30|500|-20|0|1
pocket_scan_00996,corner,0.40000000000000002,1.4969999999999999,30,500,0,20,-1,13.199999999999999,11,1.2,4,6,2.8574999999999999,True,True,capture,corner|0.40000000000000002|30|500|0|20|1
pocket_scan_00997,corner,0.40000000000000002,1.4969999999999999,30,500,0,20,1,13.199999999999999,11,1.2,4,6,2.8574999999999999,True,True,capture,corner|0.40000000000000002|30|500|0|20|1
pocket_scan_00998,corner,0.40000000000000002,1.4969999999999999,30,500,0,-20,-1,13.199999999999999,11,1.2,4,6,2.8574999999999999,True,True,capture,corner|0.40000000000000002|30|500|0|20|1
pocket_scan_00999,corner,0.40000000000000002,1.4969999999999999,30,500,0,-20,1,13.199999999999999,11,1.2,4,6,2.8574999999999999,True,True,capture,corner|0.40000000000000002|30|500|0|20|1
pocket_scan_01000,corner,0.80000000000000004,2.9939999999999998,-30,25,0,0,-1,13.199999999999999,11,1.2,4,6,2.8574999999999999,True,False,jaw_or_rail_rejection,corner|0.80000000000000004|30|25|0|0|1
pocket_scan_01001,corner,0.80000000000000004,2.9939999999999998,-30,25,0,0,1,13.199999999999999,11,1.2,4,6,2.8574999999999999,True,False,jaw_or_rail_rejection,corner|0.80000000000000004|30|25|0|0|1
pocket_scan_01002,corner,0.80000000000000004,2.9939999999999998,-30,25,20,0,-1,13.199999999999999,11,1.2,4,6,2.8574999999999999,True,False,jaw_or_rail_rejection,corner|0.80000000000000004|30|25|20|0|1
pocket_scan_01003,corner,0.80000000000000004,2.9939999999999998,-30,25,20,0,1,13.199999999999999,11,1.2,4,6,2.8574999999999999,True,False,jaw_or_rail_rejection,corner|0.80000000000000004|30|25|20|0|1
pocket_scan_01004,corner,0.80000000000000004,2.9939999999999998,-30,25,-20,0,-1,13.199999999999999,11,1.2,4,6,2.8574999999999999,True,False,jaw_or_rail_rejection,corner|0.80000000000000004|30|25|-20|0|1
pocket_scan_01005,corner,0.80000000000000004,2.9939999999999998,-30,25,-20,0,1,13.199999999999999,11,1.2,4,6,2.8574999999999999,True,False,jaw_or_rail_rejection,corner|0.80000000000000004|30|25|-20|0|1
pocket_scan_01006,corner,0.80000000000000004,2.9939999999999998,-30,25,0,20,-1,13.199999999999999,11,1.2,4,6,2.8574999999999999,True,False,jaw_or_rail_rejection,corner|0.80000000000000004|30|25|0|20|1
pocket_scan_01007,corner,0.80000000000000004,2.9939999999999998,-30,25,0,20,1,13.199999999999999,11,1.2,4,6,2.8574999999999999,True,False,jaw_or_rail_rejection,corner|0.80000000000000004|30|25|0|20|1
pocket_scan_01008,corner,0.80000000000000004,2.9939999999999998,-30,25,0,-20,-1,13.199999999999999,11,1.2,4,6,2.8574999999999999,True,False,jaw_or_rail_rejection,corner|0.80000000000000004|30|25|0|20|1
pocket_scan_01009,corner,0.80000000000000004,2.9939999999999998,-30,25,0,-20,1,13.199999999999999,11,1.2,4,6,2.8574999999999999,True,False,jaw_or_rail_rejection,corner|0.80000000000000004|30|25|0|20|1
pocket_scan_01010,corner,0.80000000000000004,2.9939999999999998,-30,100,0,0,-1,13.199999999999999,11,1.2,4,6,2.8574999999999999,True,False,jaw_or_rail_rejection,corner|0.80000000000000004|30|100|0|0|1
pocket_scan_01011,corner,0.80000000000000004,2.9939999999999998,-30,100,0,0,1,13.199999999999999,11,1.2,4,6,2.8574999999999999,True,False,jaw_or_rail_rejection,corner|0.80000000000000004|30|100|0|0|1
pocket_scan_01012,corner,0.80000000000000004,2.9939999999999998,-30,100,20,0,-1,13.199999999999999,11,1.2,4,6,2.8574999999999999,True,False,jaw_or_rail_rejection,corner|0.80000000000000004|30|100|20|0|1
pocket_scan_01013,corner,0.80000000000000004,2.9939999999999998,-30,100,20,0,1,13.199999999999999,11,1.2,4,6,2.8574999999999999,True,False,jaw_or_rail_rejection,corner|0.80000000000000004|30|100|20|0|1
pocket_scan_01014,corner,0.80000000000000004,2.9939999999999998,-30,100,-20,0,-1,13.199999999999999,11,1.2,4,6,2.8574999999999999,True,False,jaw_or_rail_rejection,corner|0.80000000000000004|30|100|-20|0|1
pocket_scan_01015,corner,0.80000000000000004,2.9939999999999998,-30,100,-20,0,1,13.199999999999999,11,1.2,4,6,2.8574999999999999,True,False,jaw_or_rail_rejection,corner|0.80000000000000004|30|100|-20|0|1
pocket_scan_01016,corner,0.80000000000000004,2.9939999999999998,-30,100,0,20,-1,13.199999999999999,11,1.2,4,6,2.8574999999999999,True,False,jaw_or_rail_rejection,corner|0.80000000000000004|30|100|0|20|1
pocket_scan_01017,corner,0.80000000000000004,2.9939999999999998,-30,100,0,20,1,13.199999999999999,11,1.2,4,6,2.8574999999999999,True,False,jaw_or_rail_rejection,corner|0.80000000000000004|30|100|0|20|1
pocket_scan_01018,corner,0.80000000000000004,2.9939999999999998,-30,100,0,-20,-1,13.199999999999999,11,1.2,4,6,2.8574999999999999,True,False,jaw_or_rail_rejection,corner|0.80000000000000004|30|100|0|20|1
pocket_scan_01019,corner,0.80000000000000004,2.9939999999999998,-30,100,0,-20,1,13.199999999999999,11,1.2,4,6,2.8574999999999999,True,False,jaw_or_rail_rejection,corner|0.80000000000000004|30|100|0|20|1
pocket_scan_01020,corner,0.80000000000000004,2.9939999999999998,-30,250,0,0,-1,13.199999999999999,11,1.2,4,6,2.8574999999999999,True,False,jaw_or_rail_rejection,corner|0.80000000000000004|30|250|0|0|1
pocket_scan_01021,corner,0.80000000000000004,2.9939999999999998,-30,250,0,0,1,13.199999999999999,11,1.2,4,6,2.8574999999999999,True,False,jaw_or_rail_rejection,corner|0.80000000000000004|30|250|0|0|1
pocket_scan_01022,corner,0.80000000000000004,2.9939999999999998,-30,250,20,0,-1,13.199999999999999,11,1.2,4,6,2.8574999999999999,True,False,jaw_or_rail_rejection,corner|0.80000000000000004|30|250|20|0|1
pocket_scan_01023,corner,0.80000000000000004,2.9939999999999998,-30,250,20,0,1,13.199999999999999,11,1.2,4,6,2.8574999999999999,True,False,jaw_or_rail_rejection,corner|0.80000000000000004|30|250|20|0|1
pocket_scan_01024,corner,0.80000000000000004,2.9939999999999998,-30,250,-20,0,-1,13.199999999999999,11,1.2,4,6,2.8574999999999999,True,False,jaw_or_rail_rejection,corner|0.80000000000000004|30|250|-20|0|1
pocket_scan_01025,corner,0.80000000000000004,2.9939999999999998,-30,250,-20,0,1,13.199999999999999,11,1.2,4,6,2.8574999999999999,True,False,jaw_or_rail_rejection,corner|0.80000000000000004|30|250|-20|0|1
pocket_scan_01026,corner,0.80000000000000004,2.9939999999999998,-30,250,0,20,-1,13.199999999999999,11,1.2,4,6,2.8574999999999999,True,False,jaw_or_rail_rejection,corner|0.80000000000000004|30|250|0|20|1
pocket_scan_01027,corner,0.80000000000000004,2.9939999999999998,-30,250,0,20,1,13.199999999999999,11,1.2,4,6,2.8574999999999999,True,False,jaw_or_rail_rejection,corner|0.80000000000000004|30|250|0|20|1
pocket_scan_01028,corner,0.80000000000000004,2.9939999999999998,-30,250,0,-20,-1,13.199999999999999,11,1.2,4,6,2.8574999999999999,True,False,jaw_or_rail_rejection,corner|0.80000000000000004|30|250|0|20|1
pocket_scan_01029,corner,0.80000000000000004,2.9939999999999998,-30,250,0,-20,1,13.199999999999999,11,1.2,4,6,2.8574999999999999,True,False,jaw_or_rail_rejection,corner|0.80000000000000004|30|250|0|20|1
pocket_scan_01030,corner,0.80000000000000004,2.9939999999999998,-30,500,0,0,-1,13.199999999999999,11,1.2,4,6,2.8574999999999999,True,False,jaw_or_rail_rejection,corner|0.80000000000000004|30|500|0|0|1
pocket_scan_01031,corner,0.80000000000000004,2.9939999999999998,-30,500,0,0,1,13.199999999999999,11,1.2,4,6,2.8574999999999999,True,False,jaw_or_rail_rejection,corner|0.80000000000000004|30|500|0|0|1
pocket_scan_01032,corner,0.80000000000000004,2.9939999999999998,-30,500,20,0,-1,13.199999999999999,11,1.2,4,6,2.8574999999999999,True,False,jaw_or_rail_rejection,corner|0.80000000000000004|30|500|20|0|1
pocket_scan_01033,corner,0.80000000000000004,2.9939999999999998,-30,500,20,0,1,13.199999999999999,11,1.2,4,6,2.8574999999999999,True,False,jaw_or_rail_rejection,corner|0.80000000000000004|30|500|20|0|1
pocket_scan_01034,corner,0.80000000000000004,2.9939999999999998,-30,500,-20,0,-1,13.199999999999999,11,1.2,4,6,2.8574999999999999,True,False,jaw_or_rail_rejection,corner|0.80000000000000004|30|500|-20|0|1
pocket_scan_01035,corner,0.80000000000000004,2.9939999999999998,-30,500,-20,0,1,13.199999999999999,11,1.2,4,6,2.8574999999999999,True,False,jaw_or_rail_rejection,corner|0.80000000000000004|30|500|-20|0|1
pocket_scan_01036,corner,0.80000000000000004,2.9939999999999998,-30,500,0,20,-1,13.199999999999999,11,1.2,4,6,2.8574999999999999,True,False,jaw_or_rail_rejection,corner|0.80000000000000004|30|500|0|20|1
pocket_scan_01037,corner,0.80000000000000004,2.9939999999999998,-30,500,0,20,1,13.199999999999999,11,1.2,4,6,2.8574999999999999,True,False,jaw_or_rail_rejection,corner|0.80000000000000004|30|500|0|20|1
pocket_scan_01038,corner,0.80000000000000004,2.9939999999999998,-30,500,0,-20,-1,13.199999999999999,11,1.2,4,6,2.8574999999999999,True,False,jaw_or_rail_rejection,corner|0.80000000000000004|30|500|0|20|1
pocket_scan_01039,corner,0.80000000000000004,2.9939999999999998,-30,500,0,-20,1,13.199999999999999,11,1.2,4,6,2.8574999999999999,True,False,jaw_or_rail_rejection,corner|0.80000000000000004|30|500|0|20|1
pocket_scan_01040,corner,0.80000000000000004,2.9939999999999998,-15,25,0,0,-1,13.199999999999999,11,1.2,4,6,2.8574999999999999,True,False,jaw_or_rail_rejection,corner|0.80000000000000004|15|25|0|0|1
pocket_scan_01041,corner,0.80000000000000004,2.9939999999999998,-15,25,0,0,1,13.199999999999999,11,1.2,4,6,2.8574999999999999,True,False,jaw_or_rail_rejection,corner|0.80000000000000004|15|25|0|0|1
pocket_scan_01042,corner,0.80000000000000004,2.9939999999999998,-15,25,20,0,-1,13.199999999999999,11,1.2,4,6,2.8574999999999999,True,False,jaw_or_rail_rejection,corner|0.80000000000000004|15|25|20|0|1
pocket_scan_01043,corner,0.80000000000000004,2.9939999999999998,-15,25,20,0,1,13.199999999999999,11,1.2,4,6,2.8574999999999999,True,False,jaw_or_rail_rejection,corner|0.80000000000000004|15|25|20|0|1
pocket_scan_01044,corner,0.80000000000000004,2.9939999999999998,-15,25,-20,0,-1,13.199999999999999,11,1.2,4,6,2.8574999999999999,True,False,jaw_or_rail_rejection,corner|0.80000000000000004|15|25|-20|0|1
pocket_scan_01045,corner,0.80000000000000004,2.9939999999999998,-15,25,-20,0,1,13.199999999999999,11,1.2,4,6,2.8574999999999999,True,False,jaw_or_rail_rejection,corner|0.80000000000000004|15|25|-20|0|1
pocket_scan_01046,corner,0.80000000000000004,2.9939999999999998,-15,25,0,20,-1,13.199999999999999,11,1.2,4,6,2.8574999999999999,True,False,jaw_or_rail_rejection,corner|0.80000000000000004|15|25|0|20|1
pocket_scan_01047,corner,0.80000000000000004,2.9939999999999998,-15,25,0,20,1,13.199999999999999,11,1.2,4,6,2.8574999999999999,True,False,jaw_or_rail_rejection,corner|0.80000000000000004|15|25|0|20|1
pocket_scan_01048,corner,0.80000000000000004,2.9939999999999998,-15,25,0,-20,-1,13.199999999999999,11,1.2,4,6,2.8574999999999999,True,False,jaw_or_rail_rejection,corner|0.80000000000000004|15|25|0|20|1
pocket_scan_01049,corner,0.80000000000000004,2.9939999999999998,-15,25,0,-20,1,13.199999999999999,11,1.2,4,6,2.8574999999999999,True,False,jaw_or_rail_rejection,corner|0.80000000000000004|15|25|0|20|1
pocket_scan_01050,corner,0.80000000000000004,2.9939999999999998,-15,100,0,0,-1,13.199999999999999,11,1.2,4,6,2.8574999999999999,True,False,jaw_or_rail_rejection,corner|0.80000000000000004|15|100|0|0|1
pocket_scan_01051,corner,0.80000000000000004,2.9939999999999998,-15,100,0,0,1,13.199999999999999,11,1.2,4,6,2.8574999999999999,True,False,jaw_or_rail_rejection,corner|0.80000000000000004|15|100|0|0|1
pocket_scan_01052,corner,0.80000000000000004,2.9939999999999998,-15,100,20,0,-1,13.199999999999999,11,1.2,4,6,2.8574999999999999,True,False,jaw_or_rail_rejection,corner|0.80000000000000004|15|100|20|0|1
pocket_scan_01053,corner,0.80000000000000004,2.9939999999999998,-15,100,20,0,1,13.199999999999999,11,1.2,4,6,2.8574999999999999,True,False,jaw_or_rail_rejection,corner|0.80000000000000004|15|100|20|0|1
pocket_scan_01054,corner,0.80000000000000004,2.9939999999999998,-15,100,-20,0,-1,13.199999999999999,11,1.2,4,6,2.8574999999999999,True,False,jaw_or_rail_rejection,corner|0.80000000000000004|15|100|-20|0|1
pocket_scan_01055,corner,0.80000000000000004,2.9939999999999998,-15,100,-20,0,1,13.199999999999999,11,1.2,4,6,2.8574999999999999,True,False,jaw_or_rail_rejection,corner|0.80000000000000004|15|100|-20|0|1
pocket_scan_01056,corner,0.80000000000000004,2.9939999999999998,-15,100,0,20,-1,13.199999999999999,11,1.2,4,6,2.8574999999999999,True,False,jaw_or_rail_rejection,corner|0.80000000000000004|15|100|0|20|1
pocket_scan_01057,corner,0.80000000000000004,2.9939999999999998,-15,100,0,20,1,13.199999999999999,11,1.2,4,6,2.8574999999999999,True,False,jaw_or_rail_rejection,corner|0.80000000000000004|15|100|0|20|1
pocket_scan_01058,corner,0.80000000000000004,2.9939999999999998,-15,100,0,-20,-1,13.199999999999999,11,1.2,4,6,2.8574999999999999,True,False,jaw_or_rail_rejection,corner|0.80000000000000004|15|100|0|20|1
pocket_scan_01059,corner,0.80000000000000004,2.9939999999999998,-15,100,0,-20,1,13.199999999999999,11,1.2,4,6,2.8574999999999999,True,False,jaw_or_rail_rejection,corner|0.80000000000000004|15|100|0|20|1
pocket_scan_01060,corner,0.80000000000000004,2.9939999999999998,-15,250,0,0,-1,13.199999999999999,11,1.2,4,6,2.8574999999999999,True,False,jaw_or_rail_rejection,corner|0.80000000000000004|15|250|0|0|1
pocket_scan_01061,corner,0.80000000000000004,2.9939999999999998,-15,250,0,0,1,13.199999999999999,11,1.2,4,6,2.8574999999999999,True,False,jaw_or_rail_rejection,corner|0.80000000000000004|15|250|0|0|1
pocket_scan_01062,corner,0.80000000000000004,2.9939999999999998,-15,250,20,0,-1,13.199999999999999,11,1.2,4,6,2.8574999999999999,True,False,jaw_or_rail_rejection,corner|0.80000000000000004|15|250|20|0|1
pocket_scan_01063,corner,0.80000000000000004,2.9939999999999998,-15,250,20,0,1,13.199999999999999,11,1.2,4,6,2.8574999999999999,True,False,jaw_or_rail_rejection,corner|0.80000000000000004|15|250|20|0|1
pocket_scan_01064,corner,0.80000000000000004,2.9939999999999998,-15,250,-20,0,-1,13.199999999999999,11,1.2,4,6,2.8574999999999999,True,False,jaw_or_rail_rejection,corner|0.80000000000000004|15|250|-20|0|1
pocket_scan_01065,corner,0.80000000000000004,2.9939999999999998,-15,250,-20,0,1,13.199999999999999,11,1.2,4,6,2.8574999999999999,True,False,jaw_or_rail_rejection,corner|0.80000000000000004|15|250|-20|0|1
pocket_scan_01066,corner,0.80000000000000004,2.9939999999999998,-15,250,0,20,-1,13.199999999999999,11,1.2,4,6,2.8574999999999999,True,False,jaw_or_rail_rejection,corner|0.80000000000000004|15|250|0|20|1
pocket_scan_01067,corner,0.80000000000000004,2.9939999999999998,-15,250,0,20,1,13.199999999999999,11,1.2,4,6,2.8574999999999999,True,False,jaw_or_rail_rejection,corner|0.80000000000000004|15|250|0|20|1
pocket_scan_01068,corner,0.80000000000000004,2.9939999999999998,-15,250,0,-20,-1,13.199999999999999,11,1.2,4,6,2.8574999999999999,True,False,jaw_or_rail_rejection,corner|0.80000000000000004|15|250|0|20|1
pocket_scan_01069,corner,0.80000000000000004,2.9939999999999998,-15,250,0,-20,1,13.199999999999999,11,1.2,4,6,2.8574999999999999,True,False,jaw_or_rail_rejection,corner|0.80000000000000004|15|250|0|20|1
pocket_scan_01070,corner,0.80000000000000004,2.9939999999999998,-15,500,0,0,-1,13.199999999999999,11,1.2,4,6,2.8574999999999999,True,False,jaw_or_rail_rejection,corner|0.80000000000000004|15|500|0|0|1
pocket_scan_01071,corner,0.80000000000000004,2.9939999999999998,-15,500,0,0,1,13.199999999999999,11,1.2,4,6,2.8574999999999999,True,False,jaw_or_rail_rejection,corner|0.80000000000000004|15|500|0|0|1
pocket_scan_01072,corner,0.80000000000000004,2.9939999999999998,-15,500,20,0,-1,13.199999999999999,11,1.2,4,6,2.8574999999999999,True,False,jaw_or_rail_rejection,corner|0.80000000000000004|15|500|20|0|1
pocket_scan_01073,corner,0.80000000000000004,2.9939999999999998,-15,500,20,0,1,13.199999999999999,11,1.2,4,6,2.8574999999999999,True,False,jaw_or_rail_rejection,corner|0.80000000000000004|15|500|20|0|1
pocket_scan_01074,corner,0.80000000000000004,2.9939999999999998,-15,500,-20,0,-1,13.199999999999999,11,1.2,4,6,2.8574999999999999,True,False,jaw_or_rail_rejection,corner|0.80000000000000004|15|500|-20|0|1
pocket_scan_01075,corner,0.80000000000000004,2.9939999999999998,-15,500,-20,0,1,13.199999999999999,11,1.2,4,6,2.8574999999999999,True,False,jaw_or_rail_rejection,corner|0.80000000000000004|15|500|-20|0|1
pocket_scan_01076,corner,0.80000000000000004,2.9939999999999998,-15,500,0,20,-1,13.199999999999999,11,1.2,4,6,2.8574999999999999,True,False,jaw_or_rail_rejection,corner|0.80000000000000004|15|500|0|20|1
pocket_scan_01077,corner,0.80000000000000004,2.9939999999999998,-15,500,0,20,1,13.199999999999999,11,1.2,4,6,2.8574999999999999,True,False,jaw_or_rail_rejection,corner|0.80000000000000004|15|500|0|20|1
pocket_scan_01078,corner,0.80000000000000004,2.9939999999999998,-15,500,0,-20,-1,13.199999999999999,11,1.2,4,6,2.8574999999999999,True,False,jaw_or_rail_rejection,corner|0.80000000000000004|15|500|0|20|1
pocket_scan_01079,corner,0.80000000000000004,2.9939999999999998,-15,500,0,-20,1,13.199999999999999,11,1.2,4,6,2.8574999999999999,True,False,jaw_or_rail_rejection,corner|0.80000000000000004|15|500|0|20|1
pocket_scan_01080,corner,0.80000000000000004,2.9939999999999998,0,25,0,0,-1,13.199999999999999,11,1.2,4,6,2.8574999999999999,True,False,jaw_or_rail_rejection,corner|0.80000000000000004|0|25|0|0|1
pocket_scan_01081,corner,0.80000000000000004,2.9939999999999998,0,25,0,0,1,13.199999999999999,11,1.2,4,6,2.8574999999999999,True,False,jaw_or_rail_rejection,corner|0.80000000000000004|0|25|0|0|1
pocket_scan_01082,corner,0.80000000000000004,2.9939999999999998,0,25,20,0,-1,13.199999999999999,11,1.2,4,6,2.8574999999999999,True,False,jaw_or_rail_rejection,corner|0.80000000000000004|0|25|20|0|1
pocket_scan_01083,corner,0.80000000000000004,2.9939999999999998,0,25,20,0,1,13.199999999999999,11,1.2,4,6,2.8574999999999999,True,False,jaw_or_rail_rejection,corner|0.80000000000000004|0|25|20|0|1
pocket_scan_01084,corner,0.80000000000000004,2.9939999999999998,0,25,-20,0,-1,13.199999999999999,11,1.2,4,6,2.8574999999999999,True,False,jaw_or_rail_rejection,corner|0.80000000000000004|0|25|-20|0|1
pocket_scan_01085,corner,0.80000000000000004,2.9939999999999998,0,25,-20,0,1,13.199999999999999,11,1.2,4,6,2.8574999999999999,True,False,jaw_or_rail_rejection,corner|0.80000000000000004|0|25|-20|0|1
pocket_scan_01086,corner,0.80000000000000004,2.9939999999999998,0,25,0,20,-1,13.199999999999999,11,1.2,4,6,2.8574999999999999,True,False,jaw_or_rail_rejection,corner|0.80000000000000004|0|25|0|20|1
pocket_scan_01087,corner,0.80000000000000004,2.9939999999999998,0,25,0,20,1,13.199999999999999,11,1.2,4,6,2.8574999999999999,True,False,jaw_or_rail_rejection,corner|0.80000000000000004|0|25|0|20|1
pocket_scan_01088,corner,0.80000000000000004,2.9939999999999998,0,25,0,-20,-1,13.199999999999999,11,1.2,4,6,2.8574999999999999,True,False,jaw_or_rail_rejection,corner|0.80000000000000004|0|25|0|20|1
pocket_scan_01089,corner,0.80000000000000004,2.9939999999999998,0,25,0,-20,1,13.199999999999999,11,1.2,4,6,2.8574999999999999,True,False,jaw_or_rail_rejection,corner|0.80000000000000004|0|25|0|20|1
pocket_scan_01090,corner,0.80000000000000004,2.9939999999999998,0,100,0,0,-1,13.199999999999999,11,1.2,4,6,2.8574999999999999,True,False,jaw_or_rail_rejection,corner|0.80000000000000004|0|100|0|0|1
pocket_scan_01091,corner,0.80000000000000004,2.9939999999999998,0,100,0,0,1,13.199999999999999,11,1.2,4,6,2.8574999999999999,True,False,jaw_or_rail_rejection,corner|0.80000000000000004|0|100|0|0|1
pocket_scan_01092,corner,0.80000000000000004,2.9939999999999998,0,100,20,0,-1,13.199999999999999,11,1.2,4,6,2.8574999999999999,True,False,jaw_or_rail_rejection,corner|0.80000000000000004|0|100|20|0|1
pocket_scan_01093,corner,0.80000000000000004,2.9939999999999998,0,100,20,0,1,13.199999999999999,11,1.2,4,6,2.8574999999999999,True,False,jaw_or_rail_rejection,corner|0.80000000000000004|0|100|20|0|1
pocket_scan_01094,corner,0.80000000000000004,2.9939999999999998,0,100,-20,0,-1,13.199999999999999,11,1.2,4,6,2.8574999999999999,True,False,jaw_or_rail_rejection,corner|0.80000000000000004|0|100|-20|0|1
pocket_scan_01095,corner,0.80000000000000004,2.9939999999999998,0,100,-20,0,1,13.199999999999999,11,1.2,4,6,2.8574999999999999,True,False,jaw_or_rail_rejection,corner|0.80000000000000004|0|100|-20|0|1
pocket_scan_01096,corner,0.80000000000000004,2.9939999999999998,0,100,0,20,-1,13.199999999999999,11,1.2,4,6,2.8574999999999999,True,False,jaw_or_rail_rejection,corner|0.80000000000000004|0|100|0|20|1
pocket_scan_01097,corner,0.80000000000000004,2.9939999999999998,0,100,0,20,1,13.199999999999999,11,1.2,4,6,2.8574999999999999,True,False,jaw_or_rail_rejection,corner|0.80000000000000004|0|100|0|20|1
pocket_scan_01098,corner,0.80000000000000004,2.9939999999999998,0,100,0,-20,-1,13.199999999999999,11,1.2,4,6,2.8574999999999999,True,False,jaw_or_rail_rejection,corner|0.80000000000000004|0|100|0|20|1
pocket_scan_01099,corner,0.80000000000000004,2.9939999999999998,0,100,0,-20,1,13.199999999999999,11,1.2,4,6,2.8574999999999999,True,False,jaw_or_rail_rejection,corner|0.80000000000000004|0|100|0|20|1
pocket_scan_01100,corner,0.80000000000000004,2.9939999999999998,0,250,0,0,-1,13.199999999999999,11,1.2,4,6,2.8574999999999999,True,False,jaw_or_rail_rejection,corner|0.80000000000000004|0|250|0|0|1
pocket_scan_01101,corner,0.80000000000000004,2.9939999999999998,0,250,0,0,1,13.199999999999999,11,1.2,4,6,2.8574999999999999,True,False,jaw_or_rail_rejection,corner|0.80000000000000004|0|250|0|0|1
pocket_scan_01102,corner,0.80000000000000004,2.9939999999999998,0,250,20,0,-1,13.199999999999999,11,1.2,4,6,2.8574999999999999,True,False,jaw_or_rail_rejection,corner|0.80000000000000004|0|250|20|0|1
pocket_scan_01103,corner,0.80000000000000004,2.9939999999999998,0,250,20,0,1,13.199999999999999,11,1.2,4,6,2.8574999999999999,True,False,jaw_or_rail_rejection,corner|0.80000000000000004|0|250|20|0|1
pocket_scan_01104,corner,0.80000000000000004,2.9939999999999998,0,250,-20,0,-1,13.199999999999999,11,1.2,4,6,2.8574999999999999,True,False,jaw_or_rail_rejection,corner|0.80000000000000004|0|250|-20|0|1
pocket_scan_01105,corner,0.80000000000000004,2.9939999999999998,0,250,-20,0,1,13.199999999999999,11,1.2,4,6,2.8574999999999999,True,False,jaw_or_rail_rejection,corner|0.80000000000000004|0|250|-20|0|1
pocket_scan_01106,corner,0.80000000000000004,2.9939999999999998,0,250,0,20,-1,13.199999999999999,11,1.2,4,6,2.8574999999999999,True,False,jaw_or_rail_rejection,corner|0.80000000000000004|0|250|0|20|1
pocket_scan_01107,corner,0.80000000000000004,2.9939999999999998,0,250,0,20,1,13.199999999999999,11,1.2,4,6,2.8574999999999999,True,False,jaw_or_rail_rejection,corner|0.80000000000000004|0|250|0|20|1
pocket_scan_01108,corner,0.80000000000000004,2.9939999999999998,0,250,0,-20,-1,13.199999999999999,11,1.2,4,6,2.8574999999999999,True,False,jaw_or_rail_rejection,corner|0.80000000000000004|0|250|0|20|1
pocket_scan_01109,corner,0.80000000000000004,2.9939999999999998,0,250,0,-20,1,13.199999999999999,11,1.2,4,6,2.8574999999999999,True,False,jaw_or_rail_rejection,corner|0.80000000000000004|0|250|0|20|1
pocket_scan_01110,corner,0.80000000000000004,2.9939999999999998,0,500,0,0,-1,13.199999999999999,11,1.2,4,6,2.8574999999999999,True,False,jaw_or_rail_rejection,corner|0.80000000000000004|0|500|0|0|1
pocket_scan_01111,corner,0.80000000000000004,2.9939999999999998,0,500,0,0,1,13.199999999999999,11,1.2,4,6,2.8574999999999999,True,False,jaw_or_rail_rejection,corner|0.80000000000000004|0|500|0|0|1
pocket_scan_01112,corner,0.80000000000000004,2.9939999999999998,0,500,20,0,-1,13.199999999999999,11,1.2,4,6,2.8574999999999999,True,False,jaw_or_rail_rejection,corner|0.80000000000000004|0|500|20|0|1
pocket_scan_01113,corner,0.80000000000000004,2.9939999999999998,0,500,20,0,1,13.199999999999999,11,1.2,4,6,2.8574999999999999,True,False,jaw_or_rail_rejection,corner|0.80000000000000004|0|500|20|0|1
pocket_scan_01114,corner,0.80000000000000004,2.9939999999999998,0,500,-20,0,-1,13.199999999999999,11,1.2,4,6,2.8574999999999999,True,False,jaw_or_rail_rejection,corner|0.80000000000000004|0|500|-20|0|1
pocket_scan_01115,corner,0.80000000000000004,2.9939999999999998,0,500,-20,0,1,13.199999999999999,11,1.2,4,6,2.8574999999999999,True,False,jaw_or_rail_rejection,corner|0.80000000000000004|0|500|-20|0|1
pocket_scan_01116,corner,0.80000000000000004,2.9939999999999998,0,500,0,20,-1,13.199999999999999,11,1.2,4,6,2.8574999999999999,True,False,jaw_or_rail_rejection,corner|0.80000000000000004|0|500|0|20|1
pocket_scan_01117,corner,0.80000000000000004,2.9939999999999998,0,500,0,20,1,13.199999999999999,11,1.2,4,6,2.8574999999999999,True,False,jaw_or_rail_rejection,corner|0.80000000000000004|0|500|0|20|1
pocket_scan_01118,corner,0.80000000000000004,2.9939999999999998,0,500,0,-20,-1,13.199999999999999,11,1.2,4,6,2.8574999999999999,True,False,jaw_or_rail_rejection,corner|0.80000000000000004|0|500|0|20|1
pocket_scan_01119,corner,0.80000000000000004,2.9939999999999998,0,500,0,-20,1,13.199999999999999,11,1.2,4,6,2.8574999999999999,True,False,jaw_or_rail_rejection,corner|0.80000000000000004|0|500|0|20|1
pocket_scan_01120,corner,0.80000000000000004,2.9939999999999998,15,25,0,0,-1,13.199999999999999,11,1.2,4,6,2.8574999999999999,True,False,jaw_or_rail_rejection,corner|0.80000000000000004|15|25|0|0|1
pocket_scan_01121,corner,0.80000000000000004,2.9939999999999998,15,25,0,0,1,13.199999999999999,11,1.2,4,6,2.8574999999999999,True,False,jaw_or_rail_rejection,corner|0.80000000000000004|15|25|0|0|1
pocket_scan_01122,corner,0.80000000000000004,2.9939999999999998,15,25,20,0,-1,13.199999999999999,11,1.2,4,6,2.8574999999999999,True,False,jaw_or_rail_rejection,corner|0.80000000000000004|15|25|20|0|1
pocket_scan_01123,corner,0.80000000000000004,2.9939999999999998,15,25,20,0,1,13.199999999999999,11,1.2,4,6,2.8574999999999999,True,False,jaw_or_rail_rejection,corner|0.80000000000000004|15|25|20|0|1
pocket_scan_01124,corner,0.80000000000000004,2.9939999999999998,15,25,-20,0,-1,13.199999999999999,11,1.2,4,6,2.8574999999999999,True,False,jaw_or_rail_rejection,corner|0.80000000000000004|15|25|-20|0|1
pocket_scan_01125,corner,0.80000000000000004,2.9939999999999998,15,25,-20,0,1,13.199999999999999,11,1.2,4,6,2.8574999999999999,True,False,jaw_or_rail_rejection,corner|0.80000000000000004|15|25|-20|0|1
pocket_scan_01126,corner,0.80000000000000004,2.9939999999999998,15,25,0,20,-1,13.199999999999999,11,1.2,4,6,2.8574999999999999,True,False,jaw_or_rail_rejection,corner|0.80000000000000004|15|25|0|20|1
pocket_scan_01127,corner,0.80000000000000004,2.9939999999999998,15,25,0,20,1,13.199999999999999,11,1.2,4,6,2.8574999999999999,True,False,jaw_or_rail_rejection,corner|0.80000000000000004|15|25|0|20|1
pocket_scan_01128,corner,0.80000000000000004,2.9939999999999998,15,25,0,-20,-1,13.199999999999999,11,1.2,4,6,2.8574999999999999,True,False,jaw_or_rail_rejection,corner|0.80000000000000004|15|25|0|20|1
pocket_scan_01129,corner,0.80000000000000004,2.9939999999999998,15,25,0,-20,1,13.199999999999999,11,1.2,4,6,2.8574999999999999,True,False,jaw_or_rail_rejection,corner|0.80000000000000004|15|25|0|20|1
pocket_scan_01130,corner,0.80000000000000004,2.9939999999999998,15,100,0,0,-1,13.199999999999999,11,1.2,4,6,2.8574999999999999,True,False,jaw_or_rail_rejection,corner|0.80000000000000004|15|100|0|0|1
pocket_scan_01131,corner,0.80000000000000004,2.9939999999999998,15,100,0,0,1,13.199999999999999,11,1.2,4,6,2.8574999999999999,True,False,jaw_or_rail_rejection,corner|0.80000000000000004|15|100|0|0|1
pocket_scan_01132,corner,0.80000000000000004,2.9939999999999998,15,100,20,0,-1,13.199999999999999,11,1.2,4,6,2.8574999999999999,True,False,jaw_or_rail_rejection,corner|0.80000000000000004|15|100|20|0|1
pocket_scan_01133,corner,0.80000000000000004,2.9939999999999998,15,100,20,0,1,13.199999999999999,11,1.2,4,6,2.8574999999999999,True,False,jaw_or_rail_rejection,corner|0.80000000000000004|15|100|20|0|1
pocket_scan_01134,corner,0.80000000000000004,2.9939999999999998,15,100,-20,0,-1,13.199999999999999,11,1.2,4,6,2.8574999999999999,True,False,jaw_or_rail_rejection,corner|0.80000000000000004|15|100|-20|0|1
pocket_scan_01135,corner,0.80000000000000004,2.9939999999999998,15,100,-20,0,1,13.199999999999999,11,1.2,4,6,2.8574999999999999,True,False,jaw_or_rail_rejection,corner|0.80000000000000004|15|100|-20|0|1
pocket_scan_01136,corner,0.80000000000000004,2.9939999999999998,15,100,0,20,-1,13.199999999999999,11,1.2,4,6,2.8574999999999999,True,False,jaw_or_rail_rejection,corner|0.80000000000000004|15|100|0|20|1
pocket_scan_01137,corner,0.80000000000000004,2.9939999999999998,15,100,0,20,1,13.199999999999999,11,1.2,4,6,2.8574999999999999,True,False,jaw_or_rail_rejection,corner|0.80000000000000004|15|100|0|20|1
pocket_scan_01138,corner,0.80000000000000004,2.9939999999999998,15,100,0,-20,-1,13.199999999999999,11,1.2,4,6,2.8574999999999999,True,False,jaw_or_rail_rejection,corner|0.80000000000000004|15|100|0|20|1
pocket_scan_01139,corner,0.80000000000000004,2.9939999999999998,15,100,0,-20,1,13.199999999999999,11,1.2,4,6,2.8574999999999999,True,False,jaw_or_rail_rejection,corner|0.80000000000000004|15|100|0|20|1
pocket_scan_01140,corner,0.80000000000000004,2.9939999999999998,15,250,0,0,-1,13.199999999999999,11,1.2,4,6,2.8574999999999999,True,False,jaw_or_rail_rejection,corner|0.80000000000000004|15|250|0|0|1
pocket_scan_01141,corner,0.80000000000000004,2.9939999999999998,15,250,0,0,1,13.199999999999999,11,1.2,4,6,2.8574999999999999,True,False,jaw_or_rail_rejection,corner|0.80000000000000004|15|250|0|0|1
pocket_scan_01142,corner,0.80000000000000004,2.9939999999999998,15,250,20,0,-1,13.199999999999999,11,1.2,4,6,2.8574999999999999,True,False,jaw_or_rail_rejection,corner|0.80000000000000004|15|250|20|0|1
pocket_scan_01143,corner,0.80000000000000004,2.9939999999999998,15,250,20,0,1,13.199999999999999,11,1.2,4,6,2.8574999999999999,True,False,jaw_or_rail_rejection,corner|0.80000000000000004|15|250|20|0|1
pocket_scan_01144,corner,0.80000000000000004,2.9939999999999998,15,250,-20,0,-1,13.199999999999999,11,1.2,4,6,2.8574999999999999,True,False,jaw_or_rail_rejection,corner|0.80000000000000004|15|250|-20|0|1
pocket_scan_01145,corner,0.80000000000000004,2.9939999999999998,15,250,-20,0,1,13.199999999999999,11,1.2,4,6,2.8574999999999999,True,False,jaw_or_rail_rejection,corner|0.80000000000000004|15|250|-20|0|1
pocket_scan_01146,corner,0.80000000000000004,2.9939999999999998,15,250,0,20,-1,13.199999999999999,11,1.2,4,6,2.8574999999999999,True,False,jaw_or_rail_rejection,corner|0.80000000000000004|15|250|0|20|1
pocket_scan_01147,corner,0.80000000000000004,2.9939999999999998,15,250,0,20,1,13.199999999999999,11,1.2,4,6,2.8574999999999999,True,False,jaw_or_rail_rejection,corner|0.80000000000000004|15|250|0|20|1
pocket_scan_01148,corner,0.80000000000000004,2.9939999999999998,15,250,0,-20,-1,13.199999999999999,11,1.2,4,6,2.8574999999999999,True,False,jaw_or_rail_rejection,corner|0.80000000000000004|15|250|0|20|1
pocket_scan_01149,corner,0.80000000000000004,2.9939999999999998,15,250,0,-20,1,13.199999999999999,11,1.2,4,6,2.8574999999999999,True,False,jaw_or_rail_rejection,corner|0.80000000000000004|15|250|0|20|1
pocket_scan_01150,corner,0.80000000000000004,2.9939999999999998,15,500,0,0,-1,13.199999999999999,11,1.2,4,6,2.8574999999999999,True,False,jaw_or_rail_rejection,corner|0.80000000000000004|15|500|0|0|1
pocket_scan_01151,corner,0.80000000000000004,2.9939999999999998,15,500,0,0,1,13.199999999999999,11,1.2,4,6,2.8574999999999999,True,False,jaw_or_rail_rejection,corner|0.80000000000000004|15|500|0|0|1
pocket_scan_01152,corner,0.80000000000000004,2.9939999999999998,15,500,20,0,-1,13.199999999999999,11,1.2,4,6,2.8574999999999999,True,False,jaw_or_rail_rejection,corner|0.80000000000000004|15|500|20|0|1
pocket_scan_01153,corner,0.80000000000000004,2.9939999999999998,15,500,20,0,1,13.199999999999999,11,1.2,4,6,2.8574999999999999,True,False,jaw_or_rail_rejection,corner|0.80000000000000004|15|500|20|0|1
pocket_scan_01154,corner,0.80000000000000004,2.9939999999999998,15,500,-20,0,-1,13.199999999999999,11,1.2,4,6,2.8574999999999999,True,False,jaw_or_rail_rejection,corner|0.80000000000000004|15|500|-20|0|1
pocket_scan_01155,corner,0.80000000000000004,2.9939999999999998,15,500,-20,0,1,13.199999999999999,11,1.2,4,6,2.8574999999999999,True,False,jaw_or_rail_rejection,corner|0.80000000000000004|15|500|-20|0|1
pocket_scan_01156,corner,0.80000000000000004,2.9939999999999998,15,500,0,20,-1,13.199999999999999,11,1.2,4,6,2.8574999999999999,True,False,jaw_or_rail_rejection,corner|0.80000000000000004|15|500|0|20|1
pocket_scan_01157,corner,0.80000000000000004,2.9939999999999998,15,500,0,20,1,13.199999999999999,11,1.2,4,6,2.8574999999999999,True,False,jaw_or_rail_rejection,corner|0.80000000000000004|15|500|0|20|1
pocket_scan_01158,corner,0.80000000000000004,2.9939999999999998,15,500,0,-20,-1,13.199999999999999,11,1.2,4,6,2.8574999999999999,True,False,jaw_or_rail_rejection,corner|0.80000000000000004|15|500|0|20|1
pocket_scan_01159,corner,0.80000000000000004,2.9939999999999998,15,500,0,-20,1,13.199999999999999,11,1.2,4,6,2.8574999999999999,True,False,jaw_or_rail_rejection,corner|0.80000000000000004|15|500|0|20|1
pocket_scan_01160,corner,0.80000000000000004,2.9939999999999998,30,25,0,0,-1,13.199999999999999,11,1.2,4,6,2.8574999999999999,True,False,jaw_or_rail_rejection,corner|0.80000000000000004|30|25|0|0|1
pocket_scan_01161,corner,0.80000000000000004,2.9939999999999998,30,25,0,0,1,13.199999999999999,11,1.2,4,6,2.8574999999999999,True,False,jaw_or_rail_rejection,corner|0.80000000000000004|30|25|0|0|1
pocket_scan_01162,corner,0.80000000000000004,2.9939999999999998,30,25,20,0,-1,13.199999999999999,11,1.2,4,6,2.8574999999999999,True,False,jaw_or_rail_rejection,corner|0.80000000000000004|30|25|20|0|1
pocket_scan_01163,corner,0.80000000000000004,2.9939999999999998,30,25,20,0,1,13.199999999999999,11,1.2,4,6,2.8574999999999999,True,False,jaw_or_rail_rejection,corner|0.80000000000000004|30|25|20|0|1
pocket_scan_01164,corner,0.80000000000000004,2.9939999999999998,30,25,-20,0,-1,13.199999999999999,11,1.2,4,6,2.8574999999999999,True,False,jaw_or_rail_rejection,corner|0.80000000000000004|30|25|-20|0|1
pocket_scan_01165,corner,0.80000000000000004,2.9939999999999998,30,25,-20,0,1,13.199999999999999,11,1.2,4,6,2.8574999999999999,True,False,jaw_or_rail_rejection,corner|0.80000000000000004|30|25|-20|0|1
pocket_scan_01166,corner,0.80000000000000004,2.9939999999999998,30,25,0,20,-1,13.199999999999999,11,1.2,4,6,2.8574999999999999,True,False,jaw_or_rail_rejection,corner|0.80000000000000004|30|25|0|20|1
pocket_scan_01167,corner,0.80000000000000004,2.9939999999999998,30,25,0,20,1,13.199999999999999,11,1.2,4,6,2.8574999999999999,True,False,jaw_or_rail_rejection,corner|0.80000000000000004|30|25|0|20|1
pocket_scan_01168,corner,0.80000000000000004,2.9939999999999998,30,25,0,-20,-1,13.199999999999999,11,1.2,4,6,2.8574999999999999,True,False,jaw_or_rail_rejection,corner|0.80000000000000004|30|25|0|20|1
pocket_scan_01169,corner,0.80000000000000004,2.9939999999999998,30,25,0,-20,1,13.199999999999999,11,1.2,4,6,2.8574999999999999,True,False,jaw_or_rail_rejection,corner|0.80000000000000004|30|25|0|20|1
pocket_scan_01170,corner,0.80000000000000004,2.9939999999999998,30,100,0,0,-1,13.199999999999999,11,1.2,4,6,2.8574999999999999,True,False,jaw_or_rail_rejection,corner|0.80000000000000004|30|100|0|0|1
pocket_scan_01171,corner,0.80000000000000004,2.9939999999999998,30,100,0,0,1,13.199999999999999,11,1.2,4,6,2.8574999999999999,True,False,jaw_or_rail_rejection,corner|0.80000000000000004|30|100|0|0|1
pocket_scan_01172,corner,0.80000000000000004,2.9939999999999998,30,100,20,0,-1,13.199999999999999,11,1.2,4,6,2.8574999999999999,True,False,jaw_or_rail_rejection,corner|0.80000000000000004|30|100|20|0|1
pocket_scan_01173,corner,0.80000000000000004,2.9939999999999998,30,100,20,0,1,13.199999999999999,11,1.2,4,6,2.8574999999999999,True,False,jaw_or_rail_rejection,corner|0.80000000000000004|30|100|20|0|1
pocket_scan_01174,corner,0.80000000000000004,2.9939999999999998,30,100,-20,0,-1,13.199999999999999,11,1.2,4,6,2.8574999999999999,True,False,jaw_or_rail_rejection,corner|0.80000000000000004|30|100|-20|0|1
pocket_scan_01175,corner,0.80000000000000004,2.9939999999999998,30,100,-20,0,1,13.199999999999999,11,1.2,4,6,2.8574999999999999,True,False,jaw_or_rail_rejection,corner|0.80000000000000004|30|100|-20|0|1
pocket_scan_01176,corner,0.80000000000000004,2.9939999999999998,30,100,0,20,-1,13.199999999999999,11,1.2,4,6,2.8574999999999999,True,False,jaw_or_rail_rejection,corner|0.80000000000000004|30|100|0|20|1
pocket_scan_01177,corner,0.80000000000000004,2.9939999999999998,30,100,0,20,1,13.199999999999999,11,1.2,4,6,2.8574999999999999,True,False,jaw_or_rail_rejection,corner|0.80000000000000004|30|100|0|20|1
pocket_scan_01178,corner,0.80000000000000004,2.9939999999999998,30,100,0,-20,-1,13.199999999999999,11,1.2,4,6,2.8574999999999999,True,False,jaw_or_rail_rejection,corner|0.80000000000000004|30|100|0|20|1
pocket_scan_01179,corner,0.80000000000000004,2.9939999999999998,30,100,0,-20,1,13.199999999999999,11,1.2,4,6,2.8574999999999999,True,False,jaw_or_rail_rejection,corner|0.80000000000000004|30|100|0|20|1
pocket_scan_01180,corner,0.80000000000000004,2.9939999999999998,30,250,0,0,-1,13.199999999999999,11,1.2,4,6,2.8574999999999999,True,False,jaw_or_rail_rejection,corner|0.80000000000000004|30|250|0|0|1
pocket_scan_01181,corner,0.80000000000000004,2.9939999999999998,30,250,0,0,1,13.199999999999999,11,1.2,4,6,2.8574999999999999,True,False,jaw_or_rail_rejection,corner|0.80000000000000004|30|250|0|0|1
pocket_scan_01182,corner,0.80000000000000004,2.9939999999999998,30,250,20,0,-1,13.199999999999999,11,1.2,4,6,2.8574999999999999,True,False,jaw_or_rail_rejection,corner|0.80000000000000004|30|250|20|0|1
pocket_scan_01183,corner,0.80000000000000004,2.9939999999999998,30,250,20,0,1,13.199999999999999,11,1.2,4,6,2.8574999999999999,True,False,jaw_or_rail_rejection,corner|0.80000000000000004|30|250|20|0|1
pocket_scan_01184,corner,0.80000000000000004,2.9939999999999998,30,250,-20,0,-1,13.199999999999999,11,1.2,4,6,2.8574999999999999,True,False,jaw_or_rail_rejection,corner|0.80000000000000004|30|250|-20|0|1
pocket_scan_01185,corner,0.80000000000000004,2.9939999999999998,30,250,-20,0,1,13.199999999999999,11,1.2,4,6,2.8574999999999999,True,False,jaw_or_rail_rejection,corner|0.80000000000000004|30|250|-20|0|1
pocket_scan_01186,corner,0.80000000000000004,2.9939999999999998,30,250,0,20,-1,13.199999999999999,11,1.2,4,6,2.8574999999999999,True,False,jaw_or_rail_rejection,corner|0.80000000000000004|30|250|0|20|1
pocket_scan_01187,corner,0.80000000000000004,2.9939999999999998,30,250,0,20,1,13.199999999999999,11,1.2,4,6,2.8574999999999999,True,False,jaw_or_rail_rejection,corner|0.80000000000000004|30|250|0|20|1
pocket_scan_01188,corner,0.80000000000000004,2.9939999999999998,30,250,0,-20,-1,13.199999999999999,11,1.2,4,6,2.8574999999999999,True,False,jaw_or_rail_rejection,corner|0.80000000000000004|30|250|0|20|1
pocket_scan_01189,corner,0.80000000000000004,2.9939999999999998,30,250,0,-20,1,13.199999999999999,11,1.2,4,6,2.8574999999999999,True,False,jaw_or_rail_rejection,corner|0.80000000000000004|30|250|0|20|1
pocket_scan_01190,corner,0.80000000000000004,2.9939999999999998,30,500,0,0,-1,13.199999999999999,11,1.2,4,6,2.8574999999999999,True,False,jaw_or_rail_rejection,corner|0.80000000000000004|30|500|0|0|1
pocket_scan_01191,corner,0.80000000000000004,2.9939999999999998,30,500,0,0,1,13.199999999999999,11,1.2,4,6,2.8574999999999999,True,False,jaw_or_rail_rejection,corner|0.80000000000000004|30|500|0|0|1
pocket_scan_01192,corner,0.80000000000000004,2.9939999999999998,30,500,20,0,-1,13.199999999999999,11,1.2,4,6,2.8574999999999999,True,False,jaw_or_rail_rejection,corner|0.80000000000000004|30|500|20|0|1
pocket_scan_01193,corner,0.80000000000000004,2.9939999999999998,30,500,20,0,1,13.199999999999999,11,1.2,4,6,2.8574999999999999,True,False,jaw_or_rail_rejection,corner|0.80000000000000004|30|500|20|0|1
pocket_scan_01194,corner,0.80000000000000004,2.9939999999999998,30,500,-20,0,-1,13.199999999999999,11,1.2,4,6,2.8574999999999999,True,False,jaw_or_rail_rejection,corner|0.80000000000000004|30|500|-20|0|1
pocket_scan_01195,corner,0.80000000000000004,2.9939999999999998,30,500,-20,0,1,13.199999999999999,11,1.2,4,6,2.8574999999999999,True,False,jaw_or_rail_rejection,corner|0.80000000000000004|30|500|-20|0|1
pocket_scan_01196,corner,0.80000000000000004,2.9939999999999998,30,500,0,20,-1,13.199999999999999,11,1.2,4,6,2.8574999999999999,True,False,jaw_or_rail_rejection,corner|0.80000000000000004|30|500|0|20|1
pocket_scan_01197,corner,0.80000000000000004,2.9939999999999998,30,500,0,20,1,13.199999999999999,11,1.2,4,6,2.8574999999999999,True,False,jaw_or_rail_rejection,corner|0.80000000000000004|30|500|0|20|1
pocket_scan_01198,corner,0.80000000000000004,2.9939999999999998,30,500,0,-20,-1,13.199999999999999,11,1.2,4,6,2.8574999999999999,True,False,jaw_or_rail_rejection,corner|0.80000000000000004|30|500|0|20|1
pocket_scan_01199,corner,0.80000000000000004,2.9939999999999998,30,500,0,-20,1,13.199999999999999,11,1.2,4,6,2.8574999999999999,True,False,jaw_or_rail_rejection,corner|0.80000000000000004|30|500|0|20|1
pocket_scan_01200,corner,1.2,4.4909999999999997,-30,25,0,0,-1,13.199999999999999,11,1.2,4,6,2.8574999999999999,False,False,jaw_or_rail_rejection,corner|1.2|30|25|0|0|1
pocket_scan_01201,corner,1.2,4.4909999999999997,-30,25,0,0,1,13.199999999999999,11,1.2,4,6,2.8574999999999999,False,False,jaw_or_rail_rejection,corner|1.2|30|25|0|0|1
pocket_scan_01202,corner,1.2,4.4909999999999997,-30,25,20,0,-1,13.199999999999999,11,1.2,4,6,2.8574999999999999,False,False,jaw_or_rail_rejection,corner|1.2|30|25|20|0|1
pocket_scan_01203,corner,1.2,4.4909999999999997,-30,25,20,0,1,13.199999999999999,11,1.2,4,6,2.8574999999999999,False,False,jaw_or_rail_rejection,corner|1.2|30|25|20|0|1
pocket_scan_01204,corner,1.2,4.4909999999999997,-30,25,-20,0,-1,13.199999999999999,11,1.2,4,6,2.8574999999999999,False,False,jaw_or_rail_rejection,corner|1.2|30|25|-20|0|1
pocket_scan_01205,corner,1.2,4.4909999999999997,-30,25,-20,0,1,13.199999999999999,11,1.2,4,6,2.8574999999999999,False,False,jaw_or_rail_rejection,corner|1.2|30|25|-20|0|1
pocket_scan_01206,corner,1.2,4.4909999999999997,-30,25,0,20,-1,13.199999999999999,11,1.2,4,6,2.8574999999999999,False,False,jaw_or_rail_rejection,corner|1.2|30|25|0|20|1
pocket_scan_01207,corner,1.2,4.4909999999999997,-30,25,0,20,1,13.199999999999999,11,1.2,4,6,2.8574999999999999,False,False,jaw_or_rail_rejection,corner|1.2|30|25|0|20|1
pocket_scan_01208,corner,1.2,4.4909999999999997,-30,25,0,-20,-1,13.199999999999999,11,1.2,4,6,2.8574999999999999,False,False,jaw_or_rail_rejection,corner|1.2|30|25|0|20|1
pocket_scan_01209,corner,1.2,4.4909999999999997,-30,25,0,-20,1,13.199999999999999,11,1.2,4,6,2.8574999999999999,False,False,jaw_or_rail_rejection,corner|1.2|30|25|0|20|1
pocket_scan_01210,corner,1.2,4.4909999999999997,-30,100,0,0,-1,13.199999999999999,11,1.2,4,6,2.8574999999999999,False,False,jaw_or_rail_rejection,corner|1.2|30|100|0|0|1
pocket_scan_01211,corner,1.2,4.4909999999999997,-30,100,0,0,1,13.199999999999999,11,1.2,4,6,2.8574999999999999,False,False,jaw_or_rail_rejection,corner|1.2|30|100|0|0|1
pocket_scan_01212,corner,1.2,4.4909999999999997,-30,100,20,0,-1,13.199999999999999,11,1.2,4,6,2.8574999999999999,False,False,jaw_or_rail_rejection,corner|1.2|30|100|20|0|1
pocket_scan_01213,corner,1.2,4.4909999999999997,-30,100,20,0,1,13.199999999999999,11,1.2,4,6,2.8574999999999999,False,False,jaw_or_rail_rejection,corner|1.2|30|100|20|0|1
pocket_scan_01214,corner,1.2,4.4909999999999997,-30,100,-20,0,-1,13.199999999999999,11,1.2,4,6,2.8574999999999999,False,False,jaw_or_rail_rejection,corner|1.2|30|100|-20|0|1
pocket_scan_01215,corner,1.2,4.4909999999999997,-30,100,-20,0,1,13.199999999999999,11,1.2,4,6,2.8574999999999999,False,False,jaw_or_rail_rejection,corner|1.2|30|100|-20|0|1
pocket_scan_01216,corner,1.2,4.4909999999999997,-30,100,0,20,-1,13.199999999999999,11,1.2,4,6,2.8574999999999999,False,False,jaw_or_rail_rejection,corner|1.2|30|100|0|20|1
pocket_scan_01217,corner,1.2,4.4909999999999997,-30,100,0,20,1,13.199999999999999,11,1.2,4,6,2.8574999999999999,False,False,jaw_or_rail_rejection,corner|1.2|30|100|0|20|1
pocket_scan_01218,corner,1.2,4.4909999999999997,-30,100,0,-20,-1,13.199999999999999,11,1.2,4,6,2.8574999999999999,False,False,jaw_or_rail_rejection,corner|1.2|30|100|0|20|1
pocket_scan_01219,corner,1.2,4.4909999999999997,-30,100,0,-20,1,13.199999999999999,11,1.2,4,6,2.8574999999999999,False,False,jaw_or_rail_rejection,corner|1.2|30|100|0|20|1
pocket_scan_01220,corner,1.2,4.4909999999999997,-30,250,0,0,-1,13.199999999999999,11,1.2,4,6,2.8574999999999999,False,False,jaw_or_rail_rejection,corner|1.2|30|250|0|0|1
pocket_scan_01221,corner,1.2,4.4909999999999997,-30,250,0,0,1,13.199999999999999,11,1.2,4,6,2.8574999999999999,False,False,jaw_or_rail_rejection,corner|1.2|30|250|0|0|1
pocket_scan_01222,corner,1.2,4.4909999999999997,-30,250,20,0,-1,13.199999999999999,11,1.2,4,6,2.8574999999999999,False,False,jaw_or_rail_rejection,corner|1.2|30|250|20|0|1
pocket_scan_01223,corner,1.2,4.4909999999999997,-30,250,20,0,1,13.199999999999999,11,1.2,4,6,2.8574999999999999,False,False,jaw_or_rail_rejection,corner|1.2|30|250|20|0|1
pocket_scan_01224,corner,1.2,4.4909999999999997,-30,250,-20,0,-1,13.199999999999999,11,1.2,4,6,2.8574999999999999,False,False,jaw_or_rail_rejection,corner|1.2|30|250|-20|0|1
pocket_scan_01225,corner,1.2,4.4909999999999997,-30,250,-20,0,1,13.199999999999999,11,1.2,4,6,2.8574999999999999,False,False,jaw_or_rail_rejection,corner|1.2|30|250|-20|0|1
pocket_scan_01226,corner,1.2,4.4909999999999997,-30,250,0,20,-1,13.199999999999999,11,1.2,4,6,2.8574999999999999,False,False,jaw_or_rail_rejection,corner|1.2|30|250|0|20|1
pocket_scan_01227,corner,1.2,4.4909999999999997,-30,250,0,20,1,13.199999999999999,11,1.2,4,6,2.8574999999999999,False,False,jaw_or_rail_rejection,corner|1.2|30|250|0|20|1
pocket_scan_01228,corner,1.2,4.4909999999999997,-30,250,0,-20,-1,13.199999999999999,11,1.2,4,6,2.8574999999999999,False,False,jaw_or_rail_rejection,corner|1.2|30|250|0|20|1
pocket_scan_01229,corner,1.2,4.4909999999999997,-30,250,0,-20,1,13.199999999999999,11,1.2,4,6,2.8574999999999999,False,False,jaw_or_rail_rejection,corner|1.2|30|250|0|20|1
pocket_scan_01230,corner,1.2,4.4909999999999997,-30,500,0,0,-1,13.199999999999999,11,1.2,4,6,2.8574999999999999,False,False,jaw_or_rail_rejection,corner|1.2|30|500|0|0|1
pocket_scan_01231,corner,1.2,4.4909999999999997,-30,500,0,0,1,13.199999999999999,11,1.2,4,6,2.8574999999999999,False,False,jaw_or_rail_rejection,corner|1.2|30|500|0|0|1
pocket_scan_01232,corner,1.2,4.4909999999999997,-30,500,20,0,-1,13.199999999999999,11,1.2,4,6,2.8574999999999999,False,False,jaw_or_rail_rejection,corner|1.2|30|500|20|0|1
pocket_scan_01233,corner,1.2,4.4909999999999997,-30,500,20,0,1,13.199999999999999,11,1.2,4,6,2.8574999999999999,False,False,jaw_or_rail_rejection,corner|1.2|30|500|20|0|1
pocket_scan_01234,corner,1.2,4.4909999999999997,-30,500,-20,0,-1,13.199999999999999,11,1.2,4,6,2.8574999999999999,False,False,jaw_or_rail_rejection,corner|1.2|30|500|-20|0|1
pocket_scan_01235,corner,1.2,4.4909999999999997,-30,500,-20,0,1,13.199999999999999,11,1.2,4,6,2.8574999999999999,False,False,jaw_or_rail_rejection,corner|1.2|30|500|-20|0|1
pocket_scan_01236,corner,1.2,4.4909999999999997,-30,500,0,20,-1,13.199999999999999,11,1.2,4,6,2.8574999999999999,False,False,jaw_or_rail_rejection,corner|1.2|30|500|0|20|1
pocket_scan_01237,corner,1.2,4.4909999999999997,-30,500,0,20,1,13.199999999999999,11,1.2,4,6,2.8574999999999999,False,False,jaw_or_rail_rejection,corner|1.2|30|500|0|20|1
pocket_scan_01238,corner,1.2,4.4909999999999997,-30,500,0,-20,-1,13.199999999999999,11,1.2,4,6,2.8574999999999999,False,False,jaw_or_rail_rejection,corner|1.2|30|500|0|20|1
pocket_scan_01239,corner,1.2,4.4909999999999997,-30,500,0,-20,1,13.199999999999999,11,1.2,4,6,2.8574999999999999,False,False,jaw_or_rail_rejection,corner|1.2|30|500|0|20|1
pocket_scan_01240,corner,1.2,4.4909999999999997,-15,25,0,0,-1,13.199999999999999,11,1.2,4,6,2.8574999999999999,False,False,jaw_or_rail_rejection,corner|1.2|15|25|0|0|1
pocket_scan_01241,corner,1.2,4.4909999999999997,-15,25,0,0,1,13.199999999999999,11,1.2,4,6,2.8574999999999999,False,False,jaw_or_rail_rejection,corner|1.2|15|25|0|0|1
pocket_scan_01242,corner,1.2,4.4909999999999997,-15,25,20,0,-1,13.199999999999999,11,1.2,4,6,2.8574999999999999,False,False,jaw_or_rail_rejection,corner|1.2|15|25|20|0|1
pocket_scan_01243,corner,1.2,4.4909999999999997,-15,25,20,0,1,13.199999999999999,11,1.2,4,6,2.8574999999999999,False,False,jaw_or_rail_rejection,corner|1.2|15|25|20|0|1
pocket_scan_01244,corner,1.2,4.4909999999999997,-15,25,-20,0,-1,13.199999999999999,11,1.2,4,6,2.8574999999999999,False,False,jaw_or_rail_rejection,corner|1.2|15|25|-20|0|1
pocket_scan_01245,corner,1.2,4.4909999999999997,-15,25,-20,0,1,13.199999999999999,11,1.2,4,6,2.8574999999999999,False,False,jaw_or_rail_rejection,corner|1.2|15|25|-20|0|1
pocket_scan_01246,corner,1.2,4.4909999999999997,-15,25,0,20,-1,13.199999999999999,11,1.2,4,6,2.8574999999999999,False,False,jaw_or_rail_rejection,corner|1.2|15|25|0|20|1
pocket_scan_01247,corner,1.2,4.4909999999999997,-15,25,0,20,1,13.199999999999999,11,1.2,4,6,2.8574999999999999,False,False,jaw_or_rail_rejection,corner|1.2|15|25|0|20|1
pocket_scan_01248,corner,1.2,4.4909999999999997,-15,25,0,-20,-1,13.199999999999999,11,1.2,4,6,2.8574999999999999,False,False,jaw_or_rail_rejection,corner|1.2|15|25|0|20|1
pocket_scan_01249,corner,1.2,4.4909999999999997,-15,25,0,-20,1,13.199999999999999,11,1.2,4,6,2.8574999999999999,False,False,jaw_or_rail_rejection,corner|1.2|15|25|0|20|1
pocket_scan_01250,corner,1.2,4.4909999999999997,-15,100,0,0,-1,13.199999999999999,11,1.2,4,6,2.8574999999999999,False,False,jaw_or_rail_rejection,corner|1.2|15|100|0|0|1
pocket_scan_01251,corner,1.2,4.4909999999999997,-15,100,0,0,1,13.199999999999999,11,1.2,4,6,2.8574999999999999,False,False,jaw_or_rail_rejection,corner|1.2|15|100|0|0|1
pocket_scan_01252,corner,1.2,4.4909999999999997,-15,100,20,0,-1,13.199999999999999,11,1.2,4,6,2.8574999999999999,False,False,jaw_or_rail_rejection,corner|1.2|15|100|20|0|1
pocket_scan_01253,corner,1.2,4.4909999999999997,-15,100,20,0,1,13.199999999999999,11,1.2,4,6,2.8574999999999999,False,False,jaw_or_rail_rejection,corner|1.2|15|100|20|0|1
pocket_scan_01254,corner,1.2,4.4909999999999997,-15,100,-20,0,-1,13.199999999999999,11,1.2,4,6,2.8574999999999999,False,False,jaw_or_rail_rejection,corner|1.2|15|100|-20|0|1
pocket_scan_01255,corner,1.2,4.4909999999999997,-15,100,-20,0,1,13.199999999999999,11,1.2,4,6,2.8574999999999999,False,False,jaw_or_rail_rejection,corner|1.2|15|100|-20|0|1
pocket_scan_01256,corner,1.2,4.4909999999999997,-15,100,0,20,-1,13.199999999999999,11,1.2,4,6,2.8574999999999999,False,False,jaw_or_rail_rejection,corner|1.2|15|100|0|20|1
pocket_scan_01257,corner,1.2,4.4909999999999997,-15,100,0,20,1,13.199999999999999,11,1.2,4,6,2.8574999999999999,False,False,jaw_or_rail_rejection,corner|1.2|15|100|0|20|1
pocket_scan_01258,corner,1.2,4.4909999999999997,-15,100,0,-20,-1,13.199999999999999,11,1.2,4,6,2.8574999999999999,False,False,jaw_or_rail_rejection,corner|1.2|15|100|0|20|1
pocket_scan_01259,corner,1.2,4.4909999999999997,-15,100,0,-20,1,13.199999999999999,11,1.2,4,6,2.8574999999999999,False,False,jaw_or_rail_rejection,corner|1.2|15|100|0|20|1
pocket_scan_01260,corner,1.2,4.4909999999999997,-15,250,0,0,-1,13.199999999999999,11,1.2,4,6,2.8574999999999999,False,False,jaw_or_rail_rejection,corner|1.2|15|250|0|0|1
pocket_scan_01261,corner,1.2,4.4909999999999997,-15,250,0,0,1,13.199999999999999,11,1.2,4,6,2.8574999999999999,False,False,jaw_or_rail_rejection,corner|1.2|15|250|0|0|1
pocket_scan_01262,corner,1.2,4.4909999999999997,-15,250,20,0,-1,13.199999999999999,11,1.2,4,6,2.8574999999999999,False,False,jaw_or_rail_rejection,corner|1.2|15|250|20|0|1
pocket_scan_01263,corner,1.2,4.4909999999999997,-15,250,20,0,1,13.199999999999999,11,1.2,4,6,2.8574999999999999,False,False,jaw_or_rail_rejection,corner|1.2|15|250|20|0|1
pocket_scan_01264,corner,1.2,4.4909999999999997,-15,250,-20,0,-1,13.199999999999999,11,1.2,4,6,2.8574999999999999,False,False,jaw_or_rail_rejection,corner|1.2|15|250|-20|0|1
pocket_scan_01265,corner,1.2,4.4909999999999997,-15,250,-20,0,1,13.199999999999999,11,1.2,4,6,2.8574999999999999,False,False,jaw_or_rail_rejection,corner|1.2|15|250|-20|0|1
pocket_scan_01266,corner,1.2,4.4909999999999997,-15,250,0,20,-1,13.199999999999999,11,1.2,4,6,2.8574999999999999,False,False,jaw_or_rail_rejection,corner|1.2|15|250|0|20|1
pocket_scan_01267,corner,1.2,4.4909999999999997,-15,250,0,20,1,13.199999999999999,11,1.2,4,6,2.8574999999999999,False,False,jaw_or_rail_rejection,corner|1.2|15|250|0|20|1
pocket_scan_01268,corner,1.2,4.4909999999999997,-15,250,0,-20,-1,13.199999999999999,11,1.2,4,6,2.8574999999999999,False,False,jaw_or_rail_rejection,corner|1.2|15|250|0|20|1
pocket_scan_01269,corner,1.2,4.4909999999999997,-15,250,0,-20,1,13.199999999999999,11,1.2,4,6,2.8574999999999999,False,False,jaw_or_rail_rejection,corner|1.2|15|250|0|20|1
pocket_scan_01270,corner,1.2,4.4909999999999997,-15,500,0,0,-1,13.199999999999999,11,1.2,4,6,2.8574999999999999,False,False,jaw_or_rail_rejection,corner|1.2|15|500|0|0|1
pocket_scan_01271,corner,1.2,4.4909999999999997,-15,500,0,0,1,13.199999999999999,11,1.2,4,6,2.8574999999999999,False,False,jaw_or_rail_rejection,corner|1.2|15|500|0|0|1
pocket_scan_01272,corner,1.2,4.4909999999999997,-15,500,20,0,-1,13.199999999999999,11,1.2,4,6,2.8574999999999999,False,False,jaw_or_rail_rejection,corner|1.2|15|500|20|0|1
pocket_scan_01273,corner,1.2,4.4909999999999997,-15,500,20,0,1,13.199999999999999,11,1.2,4,6,2.8574999999999999,False,False,jaw_or_rail_rejection,corner|1.2|15|500|20|0|1
pocket_scan_01274,corner,1.2,4.4909999999999997,-15,500,-20,0,-1,13.199999999999999,11,1.2,4,6,2.8574999999999999,False,False,jaw_or_rail_rejection,corner|1.2|15|500|-20|0|1
pocket_scan_01275,corner,1.2,4.4909999999999997,-15,500,-20,0,1,13.199999999999999,11,1.2,4,6,2.8574999999999999,False,False,jaw_or_rail_rejection,corner|1.2|15|500|-20|0|1
pocket_scan_01276,corner,1.2,4.4909999999999997,-15,500,0,20,-1,13.199999999999999,11,1.2,4,6,2.8574999999999999,False,False,jaw_or_rail_rejection,corner|1.2|15|500|0|20|1
pocket_scan_01277,corner,1.2,4.4909999999999997,-15,500,0,20,1,13.199999999999999,11,1.2,4,6,2.8574999999999999,False,False,jaw_or_rail_rejection,corner|1.2|15|500|0|20|1
pocket_scan_01278,corner,1.2,4.4909999999999997,-15,500,0,-20,-1,13.199999999999999,11,1.2,4,6,2.8574999999999999,False,False,jaw_or_rail_rejection,corner|1.2|15|500|0|20|1
pocket_scan_01279,corner,1.2,4.4909999999999997,-15,500,0,-20,1,13.199999999999999,11,1.2,4,6,2.8574999999999999,False,False,jaw_or_rail_rejection,corner|1.2|15|500|0|20|1
pocket_scan_01280,corner,1.2,4.4909999999999997,0,25,0,0,-1,13.199999999999999,11,1.2,4,6,2.8574999999999999,False,False,jaw_or_rail_rejection,corner|1.2|0|25|0|0|1
pocket_scan_01281,corner,1.2,4.4909999999999997,0,25,0,0,1,13.199999999999999,11,1.2,4,6,2.8574999999999999,False,False,jaw_or_rail_rejection,corner|1.2|0|25|0|0|1
pocket_scan_01282,corner,1.2,4.4909999999999997,0,25,20,0,-1,13.199999999999999,11,1.2,4,6,2.8574999999999999,False,False,jaw_or_rail_rejection,corner|1.2|0|25|20|0|1
pocket_scan_01283,corner,1.2,4.4909999999999997,0,25,20,0,1,13.199999999999999,11,1.2,4,6,2.8574999999999999,False,False,jaw_or_rail_rejection,corner|1.2|0|25|20|0|1
pocket_scan_01284,corner,1.2,4.4909999999999997,0,25,-20,0,-1,13.199999999999999,11,1.2,4,6,2.8574999999999999,False,False,jaw_or_rail_rejection,corner|1.2|0|25|-20|0|1
pocket_scan_01285,corner,1.2,4.4909999999999997,0,25,-20,0,1,13.199999999999999,11,1.2,4,6,2.8574999999999999,False,False,jaw_or_rail_rejection,corner|1.2|0|25|-20|0|1
pocket_scan_01286,corner,1.2,4.4909999999999997,0,25,0,20,-1,13.199999999999999,11,1.2,4,6,2.8574999999999999,False,False,jaw_or_rail_rejection,corner|1.2|0|25|0|20|1
pocket_scan_01287,corner,1.2,4.4909999999999997,0,25,0,20,1,13.199999999999999,11,1.2,4,6,2.8574999999999999,False,False,jaw_or_rail_rejection,corner|1.2|0|25|0|20|1
pocket_scan_01288,corner,1.2,4.4909999999999997,0,25,0,-20,-1,13.199999999999999,11,1.2,4,6,2.8574999999999999,False,False,jaw_or_rail_rejection,corner|1.2|0|25|0|20|1
pocket_scan_01289,corner,1.2,4.4909999999999997,0,25,0,-20,1,13.199999999999999,11,1.2,4,6,2.8574999999999999,False,False,jaw_or_rail_rejection,corner|1.2|0|25|0|20|1
pocket_scan_01290,corner,1.2,4.4909999999999997,0,100,0,0,-1,13.199999999999999,11,1.2,4,6,2.8574999999999999,False,False,jaw_or_rail_rejection,corner|1.2|0|100|0|0|1
pocket_scan_01291,corner,1.2,4.4909999999999997,0,100,0,0,1,13.199999999999999,11,1.2,4,6,2.8574999999999999,False,False,jaw_or_rail_rejection,corner|1.2|0|100|0|0|1
pocket_scan_01292,corner,1.2,4.4909999999999997,0,100,20,0,-1,13.199999999999999,11,1.2,4,6,2.8574999999999999,False,False,jaw_or_rail_rejection,corner|1.2|0|100|20|0|1
pocket_scan_01293,corner,1.2,4.4909999999999997,0,100,20,0,1,13.199999999999999,11,1.2,4,6,2.8574999999999999,False,False,jaw_or_rail_rejection,corner|1.2|0|100|20|0|1
pocket_scan_01294,corner,1.2,4.4909999999999997,0,100,-20,0,-1,13.199999999999999,11,1.2,4,6,2.8574999999999999,False,False,jaw_or_rail_rejection,corner|1.2|0|100|-20|0|1
pocket_scan_01295,corner,1.2,4.4909999999999997,0,100,-20,0,1,13.199999999999999,11,1.2,4,6,2.8574999999999999,False,False,jaw_or_rail_rejection,corner|1.2|0|100|-20|0|1
pocket_scan_01296,corner,1.2,4.4909999999999997,0,100,0,20,-1,13.199999999999999,11,1.2,4,6,2.8574999999999999,False,False,jaw_or_rail_rejection,corner|1.2|0|100|0|20|1
pocket_scan_01297,corner,1.2,4.4909999999999997,0,100,0,20,1,13.199999999999999,11,1.2,4,6,2.8574999999999999,False,False,jaw_or_rail_rejection,corner|1.2|0|100|0|20|1
pocket_scan_01298,corner,1.2,4.4909999999999997,0,100,0,-20,-1,13.199999999999999,11,1.2,4,6,2.8574999999999999,False,False,jaw_or_rail_rejection,corner|1.2|0|100|0|20|1
pocket_scan_01299,corner,1.2,4.4909999999999997,0,100,0,-20,1,13.199999999999999,11,1.2,4,6,2.8574999999999999,False,False,jaw_or_rail_rejection,corner|1.2|0|100|0|20|1
pocket_scan_01300,corner,1.2,4.4909999999999997,0,250,0,0,-1,13.199999999999999,11,1.2,4,6,2.8574999999999999,False,False,jaw_or_rail_rejection,corner|1.2|0|250|0|0|1
pocket_scan_01301,corner,1.2,4.4909999999999997,0,250,0,0,1,13.199999999999999,11,1.2,4,6,2.8574999999999999,False,False,jaw_or_rail_rejection,corner|1.2|0|250|0|0|1
pocket_scan_01302,corner,1.2,4.4909999999999997,0,250,20,0,-1,13.199999999999999,11,1.2,4,6,2.8574999999999999,False,False,jaw_or_rail_rejection,corner|1.2|0|250|20|0|1
pocket_scan_01303,corner,1.2,4.4909999999999997,0,250,20,0,1,13.199999999999999,11,1.2,4,6,2.8574999999999999,False,False,jaw_or_rail_rejection,corner|1.2|0|250|20|0|1
pocket_scan_01304,corner,1.2,4.4909999999999997,0,250,-20,0,-1,13.199999999999999,11,1.2,4,6,2.8574999999999999,False,False,jaw_or_rail_rejection,corner|1.2|0|250|-20|0|1
pocket_scan_01305,corner,1.2,4.4909999999999997,0,250,-20,0,1,13.199999999999999,11,1.2,4,6,2.8574999999999999,False,False,jaw_or_rail_rejection,corner|1.2|0|250|-20|0|1
pocket_scan_01306,corner,1.2,4.4909999999999997,0,250,0,20,-1,13.199999999999999,11,1.2,4,6,2.8574999999999999,False,False,jaw_or_rail_rejection,corner|1.2|0|250|0|20|1
pocket_scan_01307,corner,1.2,4.4909999999999997,0,250,0,20,1,13.199999999999999,11,1.2,4,6,2.8574999999999999,False,False,jaw_or_rail_rejection,corner|1.2|0|250|0|20|1
pocket_scan_01308,corner,1.2,4.4909999999999997,0,250,0,-20,-1,13.199999999999999,11,1.2,4,6,2.8574999999999999,False,False,jaw_or_rail_rejection,corner|1.2|0|250|0|20|1
pocket_scan_01309,corner,1.2,4.4909999999999997,0,250,0,-20,1,13.199999999999999,11,1.2,4,6,2.8574999999999999,False,False,jaw_or_rail_rejection,corner|1.2|0|250|0|20|1
pocket_scan_01310,corner,1.2,4.4909999999999997,0,500,0,0,-1,13.199999999999999,11,1.2,4,6,2.8574999999999999,False,False,jaw_or_rail_rejection,corner|1.2|0|500|0|0|1
pocket_scan_01311,corner,1.2,4.4909999999999997,0,500,0,0,1,13.199999999999999,11,1.2,4,6,2.8574999999999999,False,False,jaw_or_rail_rejection,corner|1.2|0|500|0|0|1
pocket_scan_01312,corner,1.2,4.4909999999999997,0,500,20,0,-1,13.199999999999999,11,1.2,4,6,2.8574999999999999,False,False,jaw_or_rail_rejection,corner|1.2|0|500|20|0|1
pocket_scan_01313,corner,1.2,4.4909999999999997,0,500,20,0,1,13.199999999999999,11,1.2,4,6,2.8574999999999999,False,False,jaw_or_rail_rejection,corner|1.2|0|500|20|0|1
pocket_scan_01314,corner,1.2,4.4909999999999997,0,500,-20,0,-1,13.199999999999999,11,1.2,4,6,2.8574999999999999,False,False,jaw_or_rail_rejection,corner|1.2|0|500|-20|0|1
pocket_scan_01315,corner,1.2,4.4909999999999997,0,500,-20,0,1,13.199999999999999,11,1.2,4,6,2.8574999999999999,False,False,jaw_or_rail_rejection,corner|1.2|0|500|-20|0|1
pocket_scan_01316,corner,1.2,4.4909999999999997,0,500,0,20,-1,13.199999999999999,11,1.2,4,6,2.8574999999999999,False,False,jaw_or_rail_rejection,corner|1.2|0|500|0|20|1
pocket_scan_01317,corner,1.2,4.4909999999999997,0,500,0,20,1,13.199999999999999,11,1.2,4,6,2.8574999999999999,False,False,jaw_or_rail_rejection,corner|1.2|0|500|0|20|1
pocket_scan_01318,corner,1.2,4.4909999999999997,0,500,0,-20,-1,13.199999999999999,11,1.2,4,6,2.8574999999999999,False,False,jaw_or_rail_rejection,corner|1.2|0|500|0|20|1
pocket_scan_01319,corner,1.2,4.4909999999999997,0,500,0,-20,1,13.199999999999999,11,1.2,4,6,2.8574999999999999,False,False,jaw_or_rail_rejection,corner|1.2|0|500|0|20|1
pocket_scan_01320,corner,1.2,4.4909999999999997,15,25,0,0,-1,13.199999999999999,11,1.2,4,6,2.8574999999999999,False,False,jaw_or_rail_rejection,corner|1.2|15|25|0|0|1
pocket_scan_01321,corner,1.2,4.4909999999999997,15,25,0,0,1,13.199999999999999,11,1.2,4,6,2.8574999999999999,False,False,jaw_or_rail_rejection,corner|1.2|15|25|0|0|1
pocket_scan_01322,corner,1.2,4.4909999999999997,15,25,20,0,-1,13.199999999999999,11,1.2,4,6,2.8574999999999999,False,False,jaw_or_rail_rejection,corner|1.2|15|25|20|0|1
pocket_scan_01323,corner,1.2,4.4909999999999997,15,25,20,0,1,13.199999999999999,11,1.2,4,6,2.8574999999999999,False,False,jaw_or_rail_rejection,corner|1.2|15|25|20|0|1
pocket_scan_01324,corner,1.2,4.4909999999999997,15,25,-20,0,-1,13.199999999999999,11,1.2,4,6,2.8574999999999999,False,False,jaw_or_rail_rejection,corner|1.2|15|25|-20|0|1
pocket_scan_01325,corner,1.2,4.4909999999999997,15,25,-20,0,1,13.199999999999999,11,1.2,4,6,2.8574999999999999,False,False,jaw_or_rail_rejection,corner|1.2|15|25|-20|0|1
pocket_scan_01326,corner,1.2,4.4909999999999997,15,25,0,20,-1,13.199999999999999,11,1.2,4,6,2.8574999999999999,False,False,jaw_or_rail_rejection,corner|1.2|15|25|0|20|1
pocket_scan_01327,corner,1.2,4.4909999999999997,15,25,0,20,1,13.199999999999999,11,1.2,4,6,2.8574999999999999,False,False,jaw_or_rail_rejection,corner|1.2|15|25|0|20|1
pocket_scan_01328,corner,1.2,4.4909999999999997,15,25,0,-20,-1,13.199999999999999,11,1.2,4,6,2.8574999999999999,False,False,jaw_or_rail_rejection,corner|1.2|15|25|0|20|1
pocket_scan_01329,corner,1.2,4.4909999999999997,15,25,0,-20,1,13.199999999999999,11,1.2,4,6,2.8574999999999999,False,False,jaw_or_rail_rejection,corner|1.2|15|25|0|20|1
pocket_scan_01330,corner,1.2,4.4909999999999997,15,100,0,0,-1,13.199999999999999,11,1.2,4,6,2.8574999999999999,False,False,jaw_or_rail_rejection,corner|1.2|15|100|0|0|1
pocket_scan_01331,corner,1.2,4.4909999999999997,15,100,0,0,1,13.199999999999999,11,1.2,4,6,2.8574999999999999,False,False,jaw_or_rail_rejection,corner|1.2|15|100|0|0|1
pocket_scan_01332,corner,1.2,4.4909999999999997,15,100,20,0,-1,13.199999999999999,11,1.2,4,6,2.8574999999999999,False,False,jaw_or_rail_rejection,corner|1.2|15|100|20|0|1
pocket_scan_01333,corner,1.2,4.4909999999999997,15,100,20,0,1,13.199999999999999,11,1.2,4,6,2.8574999999999999,False,False,jaw_or_rail_rejection,corner|1.2|15|100|20|0|1
pocket_scan_01334,corner,1.2,4.4909999999999997,15,100,-20,0,-1,13.199999999999999,11,1.2,4,6,2.8574999999999999,False,False,jaw_or_rail_rejection,corner|1.2|15|100|-20|0|1
pocket_scan_01335,corner,1.2,4.4909999999999997,15,100,-20,0,1,13.199999999999999,11,1.2,4,6,2.8574999999999999,False,False,jaw_or_rail_rejection,corner|1.2|15|100|-20|0|1
pocket_scan_01336,corner,1.2,4.4909999999999997,15,100,0,20,-1,13.199999999999999,11,1.2,4,6,2.8574999999999999,False,False,jaw_or_rail_rejection,corner|1.2|15|100|0|20|1
pocket_scan_01337,corner,1.2,4.4909999999999997,15,100,0,20,1,13.199999999999999,11,1.2,4,6,2.8574999999999999,False,False,jaw_or_rail_rejection,corner|1.2|15|100|0|20|1
pocket_scan_01338,corner,1.2,4.4909999999999997,15,100,0,-20,-1,13.199999999999999,11,1.2,4,6,2.8574999999999999,False,False,jaw_or_rail_rejection,corner|1.2|15|100|0|20|1
pocket_scan_01339,corner,1.2,4.4909999999999997,15,100,0,-20,1,13.199999999999999,11,1.2,4,6,2.8574999999999999,False,False,jaw_or_rail_rejection,corner|1.2|15|100|0|20|1
pocket_scan_01340,corner,1.2,4.4909999999999997,15,250,0,0,-1,13.199999999999999,11,1.2,4,6,2.8574999999999999,False,False,jaw_or_rail_rejection,corner|1.2|15|250|0|0|1
pocket_scan_01341,corner,1.2,4.4909999999999997,15,250,0,0,1,13.199999999999999,11,1.2,4,6,2.8574999999999999,False,False,jaw_or_rail_rejection,corner|1.2|15|250|0|0|1
pocket_scan_01342,corner,1.2,4.4909999999999997,15,250,20,0,-1,13.199999999999999,11,1.2,4,6,2.8574999999999999,False,False,jaw_or_rail_rejection,corner|1.2|15|250|20|0|1
pocket_scan_01343,corner,1.2,4.4909999999999997,15,250,20,0,1,13.199999999999999,11,1.2,4,6,2.8574999999999999,False,False,jaw_or_rail_rejection,corner|1.2|15|250|20|0|1
pocket_scan_01344,corner,1.2,4.4909999999999997,15,250,-20,0,-1,13.199999999999999,11,1.2,4,6,2.8574999999999999,False,False,jaw_or_rail_rejection,corner|1.2|15|250|-20|0|1
pocket_scan_01345,corner,1.2,4.4909999999999997,15,250,-20,0,1,13.199999999999999,11,1.2,4,6,2.8574999999999999,False,False,jaw_or_rail_rejection,corner|1.2|15|250|-20|0|1
pocket_scan_01346,corner,1.2,4.4909999999999997,15,250,0,20,-1,13.199999999999999,11,1.2,4,6,2.8574999999999999,False,False,jaw_or_rail_rejection,corner|1.2|15|250|0|20|1
pocket_scan_01347,corner,1.2,4.4909999999999997,15,250,0,20,1,13.199999999999999,11,1.2,4,6,2.8574999999999999,False,False,jaw_or_rail_rejection,corner|1.2|15|250|0|20|1
pocket_scan_01348,corner,1.2,4.4909999999999997,15,250,0,-20,-1,13.199999999999999,11,1.2,4,6,2.8574999999999999,False,False,jaw_or_rail_rejection,corner|1.2|15|250|0|20|1
pocket_scan_01349,corner,1.2,4.4909999999999997,15,250,0,-20,1,13.199999999999999,11,1.2,4,6,2.8574999999999999,False,False,jaw_or_rail_rejection,corner|1.2|15|250|0|20|1
pocket_scan_01350,corner,1.2,4.4909999999999997,15,500,0,0,-1,13.199999999999999,11,1.2,4,6,2.8574999999999999,False,False,jaw_or_rail_rejection,corner|1.2|15|500|0|0|1
pocket_scan_01351,corner,1.2,4.4909999999999997,15,500,0,0,1,13.199999999999999,11,1.2,4,6,2.8574999999999999,False,False,jaw_or_rail_rejection,corner|1.2|15|500|0|0|1
pocket_scan_01352,corner,1.2,4.4909999999999997,15,500,20,0,-1,13.199999999999999,11,1.2,4,6,2.8574999999999999,False,False,jaw_or_rail_rejection,corner|1.2|15|500|20|0|1
pocket_scan_01353,corner,1.2,4.4909999999999997,15,500,20,0,1,13.199999999999999,11,1.2,4,6,2.8574999999999999,False,False,jaw_or_rail_rejection,corner|1.2|15|500|20|0|1
pocket_scan_01354,corner,1.2,4.4909999999999997,15,500,-20,0,-1,13.199999999999999,11,1.2,4,6,2.8574999999999999,False,False,jaw_or_rail_rejection,corner|1.2|15|500|-20|0|1
pocket_scan_01355,corner,1.2,4.4909999999999997,15,500,-20,0,1,13.199999999999999,11,1.2,4,6,2.8574999999999999,False,False,jaw_or_rail_rejection,corner|1.2|15|500|-20|0|1
pocket_scan_01356,corner,1.2,4.4909999999999997,15,500,0,20,-1,13.199999999999999,11,1.2,4,6,2.8574999999999999,False,False,jaw_or_rail_rejection,corner|1.2|15|500|0|20|1
pocket_scan_01357,corner,1.2,4.4909999999999997,15,500,0,20,1,13.199999999999999,11,1.2,4,6,2.8574999999999999,False,False,jaw_or_rail_rejection,corner|1.2|15|500|0|20|1
pocket_scan_01358,corner,1.2,4.4909999999999997,15,500,0,-20,-1,13.199999999999999,11,1.2,4,6,2.8574999999999999,False,False,jaw_or_rail_rejection,corner|1.2|15|500|0|20|1
pocket_scan_01359,corner,1.2,4.4909999999999997,15,500,0,-20,1,13.199999999999999,11,1.2,4,6,2.8574999999999999,False,False,jaw_or_rail_rejection,corner|1.2|15|500|0|20|1
pocket_scan_01360,corner,1.2,4.4909999999999997,30,25,0,0,-1,13.199999999999999,11,1.2,4,6,2.8574999999999999,False,False,jaw_or_rail_rejection,corner|1.2|30|25|0|0|1
pocket_scan_01361,corner,1.2,4.4909999999999997,30,25,0,0,1,13.199999999999999,11,1.2,4,6,2.8574999999999999,False,False,jaw_or_rail_rejection,corner|1.2|30|25|0|0|1
pocket_scan_01362,corner,1.2,4.4909999999999997,30,25,20,0,-1,13.199999999999999,11,1.2,4,6,2.8574999999999999,False,False,jaw_or_rail_rejection,corner|1.2|30|25|20|0|1
pocket_scan_01363,corner,1.2,4.4909999999999997,30,25,20,0,1,13.199999999999999,11,1.2,4,6,2.8574999999999999,False,False,jaw_or_rail_rejection,corner|1.2|30|25|20|0|1
pocket_scan_01364,corner,1.2,4.4909999999999997,30,25,-20,0,-1,13.199999999999999,11,1.2,4,6,2.8574999999999999,False,False,jaw_or_rail_rejection,corner|1.2|30|25|-20|0|1
pocket_scan_01365,corner,1.2,4.4909999999999997,30,25,-20,0,1,13.199999999999999,11,1.2,4,6,2.8574999999999999,False,False,jaw_or_rail_rejection,corner|1.2|30|25|-20|0|1
pocket_scan_01366,corner,1.2,4.4909999999999997,30,25,0,20,-1,13.199999999999999,11,1.2,4,6,2.8574999999999999,False,False,jaw_or_rail_rejection,corner|1.2|30|25|0|20|1
pocket_scan_01367,corner,1.2,4.4909999999999997,30,25,0,20,1,13.199999999999999,11,1.2,4,6,2.8574999999999999,False,False,jaw_or_rail_rejection,corner|1.2|30|25|0|20|1
pocket_scan_01368,corner,1.2,4.4909999999999997,30,25,0,-20,-1,13.199999999999999,11,1.2,4,6,2.8574999999999999,False,False,jaw_or_rail_rejection,corner|1.2|30|25|0|20|1
pocket_scan_01369,corner,1.2,4.4909999999999997,30,25,0,-20,1,13.199999999999999,11,1.2,4,6,2.8574999999999999,False,False,jaw_or_rail_rejection,corner|1.2|30|25|0|20|1
pocket_scan_01370,corner,1.2,4.4909999999999997,30,100,0,0,-1,13.199999999999999,11,1.2,4,6,2.8574999999999999,False,False,jaw_or_rail_rejection,corner|1.2|30|100|0|0|1
pocket_scan_01371,corner,1.2,4.4909999999999997,30,100,0,0,1,13.199999999999999,11,1.2,4,6,2.8574999999999999,False,False,jaw_or_rail_rejection,corner|1.2|30|100|0|0|1
pocket_scan_01372,corner,1.2,4.4909999999999997,30,100,20,0,-1,13.199999999999999,11,1.2,4,6,2.8574999999999999,False,False,jaw_or_rail_rejection,corner|1.2|30|100|20|0|1
pocket_scan_01373,corner,1.2,4.4909999999999997,30,100,20,0,1,13.199999999999999,11,1.2,4,6,2.8574999999999999,False,False,jaw_or_rail_rejection,corner|1.2|30|100|20|0|1
pocket_scan_01374,corner,1.2,4.4909999999999997,30,100,-20,0,-1,13.199999999999999,11,1.2,4,6,2.8574999999999999,False,False,jaw_or_rail_rejection,corner|1.2|30|100|-20|0|1
pocket_scan_01375,corner,1.2,4.4909999999999997,30,100,-20,0,1,13.199999999999999,11,1.2,4,6,2.8574999999999999,False,False,jaw_or_rail_rejection,corner|1.2|30|100|-20|0|1
pocket_scan_01376,corner,1.2,4.4909999999999997,30,100,0,20,-1,13.199999999999999,11,1.2,4,6,2.8574999999999999,False,False,jaw_or_rail_rejection,corner|1.2|30|100|0|20|1
pocket_scan_01377,corner,1.2,4.4909999999999997,30,100,0,20,1,13.199999999999999,11,1.2,4,6,2.8574999999999999,False,False,jaw_or_rail_rejection,corner|1.2|30|100|0|20|1
pocket_scan_01378,corner,1.2,4.4909999999999997,30,100,0,-20,-1,13.199999999999999,11,1.2,4,6,2.8574999999999999,False,False,jaw_or_rail_rejection,corner|1.2|30|100|0|20|1
pocket_scan_01379,corner,1.2,4.4909999999999997,30,100,0,-20,1,13.199999999999999,11,1.2,4,6,2.8574999999999999,False,False,jaw_or_rail_rejection,corner|1.2|30|100|0|20|1
pocket_scan_01380,corner,1.2,4.4909999999999997,30,250,0,0,-1,13.199999999999999,11,1.2,4,6,2.8574999999999999,False,False,jaw_or_rail_rejection,corner|1.2|30|250|0|0|1
pocket_scan_01381,corner,1.2,4.4909999999999997,30,250,0,0,1,13.199999999999999,11,1.2,4,6,2.8574999999999999,False,False,jaw_or_rail_rejection,corner|1.2|30|250|0|0|1
pocket_scan_01382,corner,1.2,4.4909999999999997,30,250,20,0,-1,13.199999999999999,11,1.2,4,6,2.8574999999999999,False,False,jaw_or_rail_rejection,corner|1.2|30|250|20|0|1
pocket_scan_01383,corner,1.2,4.4909999999999997,30,250,20,0,1,13.199999999999999,11,1.2,4,6,2.8574999999999999,False,False,jaw_or_rail_rejection,corner|1.2|30|250|20|0|1
pocket_scan_01384,corner,1.2,4.4909999999999997,30,250,-20,0,-1,13.199999999999999,11,1.2,4,6,2.8574999999999999,False,False,jaw_or_rail_rejection,corner|1.2|30|250|-20|0|1
pocket_scan_01385,corner,1.2,4.4909999999999997,30,250,-20,0,1,13.199999999999999,11,1.2,4,6,2.8574999999999999,False,False,jaw_or_rail_rejection,corner|1.2|30|250|-20|0|1
pocket_scan_01386,corner,1.2,4.4909999999999997,30,250,0,20,-1,13.199999999999999,11,1.2,4,6,2.8574999999999999,False,False,jaw_or_rail_rejection,corner|1.2|30|250|0|20|1
pocket_scan_01387,corner,1.2,4.4909999999999997,30,250,0,20,1,13.199999999999999,11,1.2,4,6,2.8574999999999999,False,False,jaw_or_rail_rejection,corner|1.2|30|250|0|20|1
pocket_scan_01388,corner,1.2,4.4909999999999997,30,250,0,-20,-1,13.199999999999999,11,1.2,4,6,2.8574999999999999,False,False,jaw_or_rail_rejection,corner|1.2|30|250|0|20|1
pocket_scan_01389,corner,1.2,4.4909999999999997,30,250,0,-20,1,13.199999999999999,11,1.2,4,6,2.8574999999999999,False,False,jaw_or_rail_rejection,corner|1.2|30|250|0|20|1
pocket_scan_01390,corner,1.2,4.4909999999999997,30,500,0,0,-1,13.199999999999999,11,1.2,4,6,2.8574999999999999,False,False,jaw_or_rail_rejection,corner|1.2|30|500|0|0|1
pocket_scan_01391,corner,1.2,4.4909999999999997,30,500,0,0,1,13.199999999999999,11,1.2,4,6,2.8574999999999999,False,False,jaw_or_rail_rejection,corner|1.2|30|500|0|0|1
pocket_scan_01392,corner,1.2,4.4909999999999997,30,500,20,0,-1,13.199999999999999,11,1.2,4,6,2.8574999999999999,False,False,jaw_or_rail_rejection,corner|1.2|30|500|20|0|1
pocket_scan_01393,corner,1.2,4.4909999999999997,30,500,20,0,1,13.199999999999999,11,1.2,4,6,2.8574999999999999,False,False,jaw_or_rail_rejection,corner|1.2|30|500|20|0|1
pocket_scan_01394,corner,1.2,4.4909999999999997,30,500,-20,0,-1,13.199999999999999,11,1.2,4,6,2.8574999999999999,False,False,jaw_or_rail_rejection,corner|1.2|30|500|-20|0|1
pocket_scan_01395,corner,1.2,4.4909999999999997,30,500,-20,0,1,13.199999999999999,11,1.2,4,6,2.8574999999999999,False,False,jaw_or_rail_rejection,corner|1.2|30|500|-20|0|1
pocket_scan_01396,corner,1.2,4.4909999999999997,30,500,0,20,-1,13.199999999999999,11,1.2,4,6,2.8574999999999999,False,False,jaw_or_rail_rejection,corner|1.2|30|500|0|20|1
pocket_scan_01397,corner,1.2,4.4909999999999997,30,500,0,20,1,13.199999999999999,11,1.2,4,6,2.8574999999999999,False,False,jaw_or_rail_rejection,corner|1.2|30|500|0|20|1
pocket_scan_01398,corner,1.2,4.4909999999999997,30,500,0,-20,-1,13.199999999999999,11,1.2,4,6,2.8574999999999999,False,False,jaw_or_rail_rejection,corner|1.2|30|500|0|20|1
pocket_scan_01399,corner,1.2,4.4909999999999997,30,500,0,-20,1,13.199999999999999,11,1.2,4,6,2.8574999999999999,False,False,jaw_or_rail_rejection,corner|1.2|30|500|0|20|1
pocket_scan_01400,side,-1.2,-1.7309999999999999,-30,25,0,0,-1,8.5999999999999996,7,1.2,4,6,2.8574999999999999,False,False,jaw_or_rail_rejection,side|1.2|30|25|0|0|1
pocket_scan_01401,side,-1.2,-1.7309999999999999,-30,25,0,0,1,8.5999999999999996,7,1.2,4,6,2.8574999999999999,False,False,jaw_or_rail_rejection,side|1.2|30|25|0|0|1
pocket_scan_01402,side,-1.2,-1.7309999999999999,-30,25,20,0,-1,8.5999999999999996,7,1.2,4,6,2.8574999999999999,False,False,jaw_or_rail_rejection,side|1.2|30|25|20|0|1
pocket_scan_01403,side,-1.2,-1.7309999999999999,-30,25,20,0,1,8.5999999999999996,7,1.2,4,6,2.8574999999999999,False,False,jaw_or_rail_rejection,side|1.2|30|25|20|0|1
pocket_scan_01404,side,-1.2,-1.7309999999999999,-30,25,-20,0,-1,8.5999999999999996,7,1.2,4,6,2.8574999999999999,False,False,jaw_or_rail_rejection,side|1.2|30|25|-20|0|1
pocket_scan_01405,side,-1.2,-1.7309999999999999,-30,25,-20,0,1,8.5999999999999996,7,1.2,4,6,2.8574999999999999,False,False,jaw_or_rail_rejection,side|1.2|30|25|-20|0|1
pocket_scan_01406,side,-1.2,-1.7309999999999999,-30,25,0,20,-1,8.5999999999999996,7,1.2,4,6,2.8574999999999999,False,False,jaw_or_rail_rejection,side|1.2|30|25|0|20|1
pocket_scan_01407,side,-1.2,-1.7309999999999999,-30,25,0,20,1,8.5999999999999996,7,1.2,4,6,2.8574999999999999,False,False,jaw_or_rail_rejection,side|1.2|30|25|0|20|1
pocket_scan_01408,side,-1.2,-1.7309999999999999,-30,25,0,-20,-1,8.5999999999999996,7,1.2,4,6,2.8574999999999999,False,False,jaw_or_rail_rejection,side|1.2|30|25|0|20|1
pocket_scan_01409,side,-1.2,-1.7309999999999999,-30,25,0,-20,1,8.5999999999999996,7,1.2,4,6,2.8574999999999999,False,False,jaw_or_rail_rejection,side|1.2|30|25|0|20|1
pocket_scan_01410,side,-1.2,-1.7309999999999999,-30,100,0,0,-1,8.5999999999999996,7,1.2,4,6,2.8574999999999999,False,False,jaw_or_rail_rejection,side|1.2|30|100|0|0|1
pocket_scan_01411,side,-1.2,-1.7309999999999999,-30,100,0,0,1,8.5999999999999996,7,1.2,4,6,2.8574999999999999,False,False,jaw_or_rail_rejection,side|1.2|30|100|0|0|1
pocket_scan_01412,side,-1.2,-1.7309999999999999,-30,100,20,0,-1,8.5999999999999996,7,1.2,4,6,2.8574999999999999,False,False,jaw_or_rail_rejection,side|1.2|30|100|20|0|1
pocket_scan_01413,side,-1.2,-1.7309999999999999,-30,100,20,0,1,8.5999999999999996,7,1.2,4,6,2.8574999999999999,False,False,jaw_or_rail_rejection,side|1.2|30|100|20|0|1
pocket_scan_01414,side,-1.2,-1.7309999999999999,-30,100,-20,0,-1,8.5999999999999996,7,1.2,4,6,2.8574999999999999,False,False,jaw_or_rail_rejection,side|1.2|30|100|-20|0|1
pocket_scan_01415,side,-1.2,-1.7309999999999999,-30,100,-20,0,1,8.5999999999999996,7,1.2,4,6,2.8574999999999999,False,False,jaw_or_rail_rejection,side|1.2|30|100|-20|0|1
pocket_scan_01416,side,-1.2,-1.7309999999999999,-30,100,0,20,-1,8.5999999999999996,7,1.2,4,6,2.8574999999999999,False,False,jaw_or_rail_rejection,side|1.2|30|100|0|20|1
pocket_scan_01417,side,-1.2,-1.7309999999999999,-30,100,0,20,1,8.5999999999999996,7,1.2,4,6,2.8574999999999999,False,False,jaw_or_rail_rejection,side|1.2|30|100|0|20|1
pocket_scan_01418,side,-1.2,-1.7309999999999999,-30,100,0,-20,-1,8.5999999999999996,7,1.2,4,6,2.8574999999999999,False,False,jaw_or_rail_rejection,side|1.2|30|100|0|20|1
pocket_scan_01419,side,-1.2,-1.7309999999999999,-30,100,0,-20,1,8.5999999999999996,7,1.2,4,6,2.8574999999999999,False,False,jaw_or_rail_rejection,side|1.2|30|100|0|20|1
pocket_scan_01420,side,-1.2,-1.7309999999999999,-30,250,0,0,-1,8.5999999999999996,7,1.2,4,6,2.8574999999999999,False,False,jaw_or_rail_rejection,side|1.2|30|250|0|0|1
pocket_scan_01421,side,-1.2,-1.7309999999999999,-30,250,0,0,1,8.5999999999999996,7,1.2,4,6,2.8574999999999999,False,False,jaw_or_rail_rejection,side|1.2|30|250|0|0|1
pocket_scan_01422,side,-1.2,-1.7309999999999999,-30,250,20,0,-1,8.5999999999999996,7,1.2,4,6,2.8574999999999999,False,False,jaw_or_rail_rejection,side|1.2|30|250|20|0|1
pocket_scan_01423,side,-1.2,-1.7309999999999999,-30,250,20,0,1,8.5999999999999996,7,1.2,4,6,2.8574999999999999,False,False,jaw_or_rail_rejection,side|1.2|30|250|20|0|1
pocket_scan_01424,side,-1.2,-1.7309999999999999,-30,250,-20,0,-1,8.5999999999999996,7,1.2,4,6,2.8574999999999999,False,False,jaw_or_rail_rejection,side|1.2|30|250|-20|0|1
pocket_scan_01425,side,-1.2,-1.7309999999999999,-30,250,-20,0,1,8.5999999999999996,7,1.2,4,6,2.8574999999999999,False,False,jaw_or_rail_rejection,side|1.2|30|250|-20|0|1
pocket_scan_01426,side,-1.2,-1.7309999999999999,-30,250,0,20,-1,8.5999999999999996,7,1.2,4,6,2.8574999999999999,False,False,jaw_or_rail_rejection,side|1.2|30|250|0|20|1
pocket_scan_01427,side,-1.2,-1.7309999999999999,-30,250,0,20,1,8.5999999999999996,7,1.2,4,6,2.8574999999999999,False,False,jaw_or_rail_rejection,side|1.2|30|250|0|20|1
pocket_scan_01428,side,-1.2,-1.7309999999999999,-30,250,0,-20,-1,8.5999999999999996,7,1.2,4,6,2.8574999999999999,False,False,jaw_or_rail_rejection,side|1.2|30|250|0|20|1
pocket_scan_01429,side,-1.2,-1.7309999999999999,-30,250,0,-20,1,8.5999999999999996,7,1.2,4,6,2.8574999999999999,False,False,jaw_or_rail_rejection,side|1.2|30|250|0|20|1
pocket_scan_01430,side,-1.2,-1.7309999999999999,-30,500,0,0,-1,8.5999999999999996,7,1.2,4,6,2.8574999999999999,False,False,jaw_or_rail_rejection,side|1.2|30|500|0|0|1
pocket_scan_01431,side,-1.2,-1.7309999999999999,-30,500,0,0,1,8.5999999999999996,7,1.2,4,6,2.8574999999999999,False,False,jaw_or_rail_rejection,side|1.2|30|500|0|0|1
pocket_scan_01432,side,-1.2,-1.7309999999999999,-30,500,20,0,-1,8.5999999999999996,7,1.2,4,6,2.8574999999999999,False,False,jaw_or_rail_rejection,side|1.2|30|500|20|0|1
pocket_scan_01433,side,-1.2,-1.7309999999999999,-30,500,20,0,1,8.5999999999999996,7,1.2,4,6,2.8574999999999999,False,False,jaw_or_rail_rejection,side|1.2|30|500|20|0|1
pocket_scan_01434,side,-1.2,-1.7309999999999999,-30,500,-20,0,-1,8.5999999999999996,7,1.2,4,6,2.8574999999999999,False,False,jaw_or_rail_rejection,side|1.2|30|500|-20|0|1
pocket_scan_01435,side,-1.2,-1.7309999999999999,-30,500,-20,0,1,8.5999999999999996,7,1.2,4,6,2.8574999999999999,False,False,jaw_or_rail_rejection,side|1.2|30|500|-20|0|1
pocket_scan_01436,side,-1.2,-1.7309999999999999,-30,500,0,20,-1,8.5999999999999996,7,1.2,4,6,2.8574999999999999,False,False,jaw_or_rail_rejection,side|1.2|30|500|0|20|1
pocket_scan_01437,side,-1.2,-1.7309999999999999,-30,500,0,20,1,8.5999999999999996,7,1.2,4,6,2.8574999999999999,False,False,jaw_or_rail_rejection,side|1.2|30|500|0|20|1
pocket_scan_01438,side,-1.2,-1.7309999999999999,-30,500,0,-20,-1,8.5999999999999996,7,1.2,4,6,2.8574999999999999,False,False,jaw_or_rail_rejection,side|1.2|30|500|0|20|1
pocket_scan_01439,side,-1.2,-1.7309999999999999,-30,500,0,-20,1,8.5999999999999996,7,1.2,4,6,2.8574999999999999,False,False,jaw_or_rail_rejection,side|1.2|30|500|0|20|1
pocket_scan_01440,side,-1.2,-1.7309999999999999,-15,25,0,0,-1,8.5999999999999996,7,1.2,4,6,2.8574999999999999,False,False,jaw_or_rail_rejection,side|1.2|15|25|0|0|1
pocket_scan_01441,side,-1.2,-1.7309999999999999,-15,25,0,0,1,8.5999999999999996,7,1.2,4,6,2.8574999999999999,False,False,jaw_or_rail_rejection,side|1.2|15|25|0|0|1
pocket_scan_01442,side,-1.2,-1.7309999999999999,-15,25,20,0,-1,8.5999999999999996,7,1.2,4,6,2.8574999999999999,False,False,jaw_or_rail_rejection,side|1.2|15|25|20|0|1
pocket_scan_01443,side,-1.2,-1.7309999999999999,-15,25,20,0,1,8.5999999999999996,7,1.2,4,6,2.8574999999999999,False,False,jaw_or_rail_rejection,side|1.2|15|25|20|0|1
pocket_scan_01444,side,-1.2,-1.7309999999999999,-15,25,-20,0,-1,8.5999999999999996,7,1.2,4,6,2.8574999999999999,False,False,jaw_or_rail_rejection,side|1.2|15|25|-20|0|1
pocket_scan_01445,side,-1.2,-1.7309999999999999,-15,25,-20,0,1,8.5999999999999996,7,1.2,4,6,2.8574999999999999,False,False,jaw_or_rail_rejection,side|1.2|15|25|-20|0|1
pocket_scan_01446,side,-1.2,-1.7309999999999999,-15,25,0,20,-1,8.5999999999999996,7,1.2,4,6,2.8574999999999999,False,False,jaw_or_rail_rejection,side|1.2|15|25|0|20|1
pocket_scan_01447,side,-1.2,-1.7309999999999999,-15,25,0,20,1,8.5999999999999996,7,1.2,4,6,2.8574999999999999,False,False,jaw_or_rail_rejection,side|1.2|15|25|0|20|1
pocket_scan_01448,side,-1.2,-1.7309999999999999,-15,25,0,-20,-1,8.5999999999999996,7,1.2,4,6,2.8574999999999999,False,False,jaw_or_rail_rejection,side|1.2|15|25|0|20|1
pocket_scan_01449,side,-1.2,-1.7309999999999999,-15,25,0,-20,1,8.5999999999999996,7,1.2,4,6,2.8574999999999999,False,False,jaw_or_rail_rejection,side|1.2|15|25|0|20|1
pocket_scan_01450,side,-1.2,-1.7309999999999999,-15,100,0,0,-1,8.5999999999999996,7,1.2,4,6,2.8574999999999999,False,False,jaw_or_rail_rejection,side|1.2|15|100|0|0|1
pocket_scan_01451,side,-1.2,-1.7309999999999999,-15,100,0,0,1,8.5999999999999996,7,1.2,4,6,2.8574999999999999,False,False,jaw_or_rail_rejection,side|1.2|15|100|0|0|1
pocket_scan_01452,side,-1.2,-1.7309999999999999,-15,100,20,0,-1,8.5999999999999996,7,1.2,4,6,2.8574999999999999,False,False,jaw_or_rail_rejection,side|1.2|15|100|20|0|1
pocket_scan_01453,side,-1.2,-1.7309999999999999,-15,100,20,0,1,8.5999999999999996,7,1.2,4,6,2.8574999999999999,False,False,jaw_or_rail_rejection,side|1.2|15|100|20|0|1
pocket_scan_01454,side,-1.2,-1.7309999999999999,-15,100,-20,0,-1,8.5999999999999996,7,1.2,4,6,2.8574999999999999,False,False,jaw_or_rail_rejection,side|1.2|15|100|-20|0|1
pocket_scan_01455,side,-1.2,-1.7309999999999999,-15,100,-20,0,1,8.5999999999999996,7,1.2,4,6,2.8574999999999999,False,False,jaw_or_rail_rejection,side|1.2|15|100|-20|0|1
pocket_scan_01456,side,-1.2,-1.7309999999999999,-15,100,0,20,-1,8.5999999999999996,7,1.2,4,6,2.8574999999999999,False,False,jaw_or_rail_rejection,side|1.2|15|100|0|20|1
pocket_scan_01457,side,-1.2,-1.7309999999999999,-15,100,0,20,1,8.5999999999999996,7,1.2,4,6,2.8574999999999999,False,False,jaw_or_rail_rejection,side|1.2|15|100|0|20|1
pocket_scan_01458,side,-1.2,-1.7309999999999999,-15,100,0,-20,-1,8.5999999999999996,7,1.2,4,6,2.8574999999999999,False,False,jaw_or_rail_rejection,side|1.2|15|100|0|20|1
pocket_scan_01459,side,-1.2,-1.7309999999999999,-15,100,0,-20,1,8.5999999999999996,7,1.2,4,6,2.8574999999999999,False,False,jaw_or_rail_rejection,side|1.2|15|100|0|20|1
pocket_scan_01460,side,-1.2,-1.7309999999999999,-15,250,0,0,-1,8.5999999999999996,7,1.2,4,6,2.8574999999999999,False,False,jaw_or_rail_rejection,side|1.2|15|250|0|0|1
pocket_scan_01461,side,-1.2,-1.7309999999999999,-15,250,0,0,1,8.5999999999999996,7,1.2,4,6,2.8574999999999999,False,False,jaw_or_rail_rejection,side|1.2|15|250|0|0|1
pocket_scan_01462,side,-1.2,-1.7309999999999999,-15,250,20,0,-1,8.5999999999999996,7,1.2,4,6,2.8574999999999999,False,False,jaw_or_rail_rejection,side|1.2|15|250|20|0|1
pocket_scan_01463,side,-1.2,-1.7309999999999999,-15,250,20,0,1,8.5999999999999996,7,1.2,4,6,2.8574999999999999,False,False,jaw_or_rail_rejection,side|1.2|15|250|20|0|1
pocket_scan_01464,side,-1.2,-1.7309999999999999,-15,250,-20,0,-1,8.5999999999999996,7,1.2,4,6,2.8574999999999999,False,False,jaw_or_rail_rejection,side|1.2|15|250|-20|0|1
pocket_scan_01465,side,-1.2,-1.7309999999999999,-15,250,-20,0,1,8.5999999999999996,7,1.2,4,6,2.8574999999999999,False,False,jaw_or_rail_rejection,side|1.2|15|250|-20|0|1
pocket_scan_01466,side,-1.2,-1.7309999999999999,-15,250,0,20,-1,8.5999999999999996,7,1.2,4,6,2.8574999999999999,False,False,jaw_or_rail_rejection,side|1.2|15|250|0|20|1
pocket_scan_01467,side,-1.2,-1.7309999999999999,-15,250,0,20,1,8.5999999999999996,7,1.2,4,6,2.8574999999999999,False,False,jaw_or_rail_rejection,side|1.2|15|250|0|20|1
pocket_scan_01468,side,-1.2,-1.7309999999999999,-15,250,0,-20,-1,8.5999999999999996,7,1.2,4,6,2.8574999999999999,False,False,jaw_or_rail_rejection,side|1.2|15|250|0|20|1
pocket_scan_01469,side,-1.2,-1.7309999999999999,-15,250,0,-20,1,8.5999999999999996,7,1.2,4,6,2.8574999999999999,False,False,jaw_or_rail_rejection,side|1.2|15|250|0|20|1
pocket_scan_01470,side,-1.2,-1.7309999999999999,-15,500,0,0,-1,8.5999999999999996,7,1.2,4,6,2.8574999999999999,False,False,jaw_or_rail_rejection,side|1.2|15|500|0|0|1
pocket_scan_01471,side,-1.2,-1.7309999999999999,-15,500,0,0,1,8.5999999999999996,7,1.2,4,6,2.8574999999999999,False,False,jaw_or_rail_rejection,side|1.2|15|500|0|0|1
pocket_scan_01472,side,-1.2,-1.7309999999999999,-15,500,20,0,-1,8.5999999999999996,7,1.2,4,6,2.8574999999999999,False,False,jaw_or_rail_rejection,side|1.2|15|500|20|0|1
pocket_scan_01473,side,-1.2,-1.7309999999999999,-15,500,20,0,1,8.5999999999999996,7,1.2,4,6,2.8574999999999999,False,False,jaw_or_rail_rejection,side|1.2|15|500|20|0|1
pocket_scan_01474,side,-1.2,-1.7309999999999999,-15,500,-20,0,-1,8.5999999999999996,7,1.2,4,6,2.8574999999999999,False,False,jaw_or_rail_rejection,side|1.2|15|500|-20|0|1
pocket_scan_01475,side,-1.2,-1.7309999999999999,-15,500,-20,0,1,8.5999999999999996,7,1.2,4,6,2.8574999999999999,False,False,jaw_or_rail_rejection,side|1.2|15|500|-20|0|1
pocket_scan_01476,side,-1.2,-1.7309999999999999,-15,500,0,20,-1,8.5999999999999996,7,1.2,4,6,2.8574999999999999,False,False,jaw_or_rail_rejection,side|1.2|15|500|0|20|1
pocket_scan_01477,side,-1.2,-1.7309999999999999,-15,500,0,20,1,8.5999999999999996,7,1.2,4,6,2.8574999999999999,False,False,jaw_or_rail_rejection,side|1.2|15|500|0|20|1
pocket_scan_01478,side,-1.2,-1.7309999999999999,-15,500,0,-20,-1,8.5999999999999996,7,1.2,4,6,2.8574999999999999,False,False,jaw_or_rail_rejection,side|1.2|15|500|0|20|1
pocket_scan_01479,side,-1.2,-1.7309999999999999,-15,500,0,-20,1,8.5999999999999996,7,1.2,4,6,2.8574999999999999,False,False,jaw_or_rail_rejection,side|1.2|15|500|0|20|1
pocket_scan_01480,side,-1.2,-1.7309999999999999,0,25,0,0,-1,8.5999999999999996,7,1.2,4,6,2.8574999999999999,False,False,jaw_or_rail_rejection,side|1.2|0|25|0|0|1
pocket_scan_01481,side,-1.2,-1.7309999999999999,0,25,0,0,1,8.5999999999999996,7,1.2,4,6,2.8574999999999999,False,False,jaw_or_rail_rejection,side|1.2|0|25|0|0|1
pocket_scan_01482,side,-1.2,-1.7309999999999999,0,25,20,0,-1,8.5999999999999996,7,1.2,4,6,2.8574999999999999,False,False,jaw_or_rail_rejection,side|1.2|0|25|20|0|1
pocket_scan_01483,side,-1.2,-1.7309999999999999,0,25,20,0,1,8.5999999999999996,7,1.2,4,6,2.8574999999999999,False,False,jaw_or_rail_rejection,side|1.2|0|25|20|0|1
pocket_scan_01484,side,-1.2,-1.7309999999999999,0,25,-20,0,-1,8.5999999999999996,7,1.2,4,6,2.8574999999999999,False,False,jaw_or_rail_rejection,side|1.2|0|25|-20|0|1
pocket_scan_01485,side,-1.2,-1.7309999999999999,0,25,-20,0,1,8.5999999999999996,7,1.2,4,6,2.8574999999999999,False,False,jaw_or_rail_rejection,side|1.2|0|25|-20|0|1
pocket_scan_01486,side,-1.2,-1.7309999999999999,0,25,0,20,-1,8.5999999999999996,7,1.2,4,6,2.8574999999999999,False,False,jaw_or_rail_rejection,side|1.2|0|25|0|20|1
pocket_scan_01487,side,-1.2,-1.7309999999999999,0,25,0,20,1,8.5999999999999996,7,1.2,4,6,2.8574999999999999,False,False,jaw_or_rail_rejection,side|1.2|0|25|0|20|1
pocket_scan_01488,side,-1.2,-1.7309999999999999,0,25,0,-20,-1,8.5999999999999996,7,1.2,4,6,2.8574999999999999,False,False,jaw_or_rail_rejection,side|1.2|0|25|0|20|1
pocket_scan_01489,side,-1.2,-1.7309999999999999,0,25,0,-20,1,8.5999999999999996,7,1.2,4,6,2.8574999999999999,False,False,jaw_or_rail_rejection,side|1.2|0|25|0|20|1
pocket_scan_01490,side,-1.2,-1.7309999999999999,0,100,0,0,-1,8.5999999999999996,7,1.2,4,6,2.8574999999999999,False,False,jaw_or_rail_rejection,side|1.2|0|100|0|0|1
pocket_scan_01491,side,-1.2,-1.7309999999999999,0,100,0,0,1,8.5999999999999996,7,1.2,4,6,2.8574999999999999,False,False,jaw_or_rail_rejection,side|1.2|0|100|0|0|1
pocket_scan_01492,side,-1.2,-1.7309999999999999,0,100,20,0,-1,8.5999999999999996,7,1.2,4,6,2.8574999999999999,False,False,jaw_or_rail_rejection,side|1.2|0|100|20|0|1
pocket_scan_01493,side,-1.2,-1.7309999999999999,0,100,20,0,1,8.5999999999999996,7,1.2,4,6,2.8574999999999999,False,False,jaw_or_rail_rejection,side|1.2|0|100|20|0|1
pocket_scan_01494,side,-1.2,-1.7309999999999999,0,100,-20,0,-1,8.5999999999999996,7,1.2,4,6,2.8574999999999999,False,False,jaw_or_rail_rejection,side|1.2|0|100|-20|0|1
pocket_scan_01495,side,-1.2,-1.7309999999999999,0,100,-20,0,1,8.5999999999999996,7,1.2,4,6,2.8574999999999999,False,False,jaw_or_rail_rejection,side|1.2|0|100|-20|0|1
pocket_scan_01496,side,-1.2,-1.7309999999999999,0,100,0,20,-1,8.5999999999999996,7,1.2,4,6,2.8574999999999999,False,False,jaw_or_rail_rejection,side|1.2|0|100|0|20|1
pocket_scan_01497,side,-1.2,-1.7309999999999999,0,100,0,20,1,8.5999999999999996,7,1.2,4,6,2.8574999999999999,False,False,jaw_or_rail_rejection,side|1.2|0|100|0|20|1
pocket_scan_01498,side,-1.2,-1.7309999999999999,0,100,0,-20,-1,8.5999999999999996,7,1.2,4,6,2.8574999999999999,False,False,jaw_or_rail_rejection,side|1.2|0|100|0|20|1
pocket_scan_01499,side,-1.2,-1.7309999999999999,0,100,0,-20,1,8.5999999999999996,7,1.2,4,6,2.8574999999999999,False,False,jaw_or_rail_rejection,side|1.2|0|100|0|20|1
pocket_scan_01500,side,-1.2,-1.7309999999999999,0,250,0,0,-1,8.5999999999999996,7,1.2,4,6,2.8574999999999999,False,False,jaw_or_rail_rejection,side|1.2|0|250|0|0|1
pocket_scan_01501,side,-1.2,-1.7309999999999999,0,250,0,0,1,8.5999999999999996,7,1.2,4,6,2.8574999999999999,False,False,jaw_or_rail_rejection,side|1.2|0|250|0|0|1
pocket_scan_01502,side,-1.2,-1.7309999999999999,0,250,20,0,-1,8.5999999999999996,7,1.2,4,6,2.8574999999999999,False,False,jaw_or_rail_rejection,side|1.2|0|250|20|0|1
pocket_scan_01503,side,-1.2,-1.7309999999999999,0,250,20,0,1,8.5999999999999996,7,1.2,4,6,2.8574999999999999,False,False,jaw_or_rail_rejection,side|1.2|0|250|20|0|1
pocket_scan_01504,side,-1.2,-1.7309999999999999,0,250,-20,0,-1,8.5999999999999996,7,1.2,4,6,2.8574999999999999,False,False,jaw_or_rail_rejection,side|1.2|0|250|-20|0|1
pocket_scan_01505,side,-1.2,-1.7309999999999999,0,250,-20,0,1,8.5999999999999996,7,1.2,4,6,2.8574999999999999,False,False,jaw_or_rail_rejection,side|1.2|0|250|-20|0|1
pocket_scan_01506,side,-1.2,-1.7309999999999999,0,250,0,20,-1,8.5999999999999996,7,1.2,4,6,2.8574999999999999,False,False,jaw_or_rail_rejection,side|1.2|0|250|0|20|1
pocket_scan_01507,side,-1.2,-1.7309999999999999,0,250,0,20,1,8.5999999999999996,7,1.2,4,6,2.8574999999999999,False,False,jaw_or_rail_rejection,side|1.2|0|250|0|20|1
pocket_scan_01508,side,-1.2,-1.7309999999999999,0,250,0,-20,-1,8.5999999999999996,7,1.2,4,6,2.8574999999999999,False,False,jaw_or_rail_rejection,side|1.2|0|250|0|20|1
pocket_scan_01509,side,-1.2,-1.7309999999999999,0,250,0,-20,1,8.5999999999999996,7,1.2,4,6,2.8574999999999999,False,False,jaw_or_rail_rejection,side|1.2|0|250|0|20|1
pocket_scan_01510,side,-1.2,-1.7309999999999999,0,500,0,0,-1,8.5999999999999996,7,1.2,4,6,2.8574999999999999,False,False,jaw_or_rail_rejection,side|1.2|0|500|0|0|1
pocket_scan_01511,side,-1.2,-1.7309999999999999,0,500,0,0,1,8.5999999999999996,7,1.2,4,6,2.8574999999999999,False,False,jaw_or_rail_rejection,side|1.2|0|500|0|0|1
pocket_scan_01512,side,-1.2,-1.7309999999999999,0,500,20,0,-1,8.5999999999999996,7,1.2,4,6,2.8574999999999999,False,False,jaw_or_rail_rejection,side|1.2|0|500|20|0|1
pocket_scan_01513,side,-1.2,-1.7309999999999999,0,500,20,0,1,8.5999999999999996,7,1.2,4,6,2.8574999999999999,False,False,jaw_or_rail_rejection,side|1.2|0|500|20|0|1
pocket_scan_01514,side,-1.2,-1.7309999999999999,0,500,-20,0,-1,8.5999999999999996,7,1.2,4,6,2.8574999999999999,False,False,jaw_or_rail_rejection,side|1.2|0|500|-20|0|1
pocket_scan_01515,side,-1.2,-1.7309999999999999,0,500,-20,0,1,8.5999999999999996,7,1.2,4,6,2.8574999999999999,False,False,jaw_or_rail_rejection,side|1.2|0|500|-20|0|1
pocket_scan_01516,side,-1.2,-1.7309999999999999,0,500,0,20,-1,8.5999999999999996,7,1.2,4,6,2.8574999999999999,False,False,jaw_or_rail_rejection,side|1.2|0|500|0|20|1
pocket_scan_01517,side,-1.2,-1.7309999999999999,0,500,0,20,1,8.5999999999999996,7,1.2,4,6,2.8574999999999999,False,False,jaw_or_rail_rejection,side|1.2|0|500|0|20|1
pocket_scan_01518,side,-1.2,-1.7309999999999999,0,500,0,-20,-1,8.5999999999999996,7,1.2,4,6,2.8574999999999999,False,False,jaw_or_rail_rejection,side|1.2|0|500|0|20|1
pocket_scan_01519,side,-1.2,-1.7309999999999999,0,500,0,-20,1,8.5999999999999996,7,1.2,4,6,2.8574999999999999,False,False,jaw_or_rail_rejection,side|1.2|0|500|0|20|1
pocket_scan_01520,side,-1.2,-1.7309999999999999,15,25,0,0,-1,8.5999999999999996,7,1.2,4,6,2.8574999999999999,False,False,jaw_or_rail_rejection,side|1.2|15|25|0|0|1
pocket_scan_01521,side,-1.2,-1.7309999999999999,15,25,0,0,1,8.5999999999999996,7,1.2,4,6,2.8574999999999999,False,False,jaw_or_rail_rejection,side|1.2|15|25|0|0|1
pocket_scan_01522,side,-1.2,-1.7309999999999999,15,25,20,0,-1,8.5999999999999996,7,1.2,4,6,2.8574999999999999,False,False,jaw_or_rail_rejection,side|1.2|15|25|20|0|1
pocket_scan_01523,side,-1.2,-1.7309999999999999,15,25,20,0,1,8.5999999999999996,7,1.2,4,6,2.8574999999999999,False,False,jaw_or_rail_rejection,side|1.2|15|25|20|0|1
pocket_scan_01524,side,-1.2,-1.7309999999999999,15,25,-20,0,-1,8.5999999999999996,7,1.2,4,6,2.8574999999999999,False,False,jaw_or_rail_rejection,side|1.2|15|25|-20|0|1
pocket_scan_01525,side,-1.2,-1.7309999999999999,15,25,-20,0,1,8.5999999999999996,7,1.2,4,6,2.8574999999999999,False,False,jaw_or_rail_rejection,side|1.2|15|25|-20|0|1
pocket_scan_01526,side,-1.2,-1.7309999999999999,15,25,0,20,-1,8.5999999999999996,7,1.2,4,6,2.8574999999999999,False,False,jaw_or_rail_rejection,side|1.2|15|25|0|20|1
pocket_scan_01527,side,-1.2,-1.7309999999999999,15,25,0,20,1,8.5999999999999996,7,1.2,4,6,2.8574999999999999,False,False,jaw_or_rail_rejection,side|1.2|15|25|0|20|1
pocket_scan_01528,side,-1.2,-1.7309999999999999,15,25,0,-20,-1,8.5999999999999996,7,1.2,4,6,2.8574999999999999,False,False,jaw_or_rail_rejection,side|1.2|15|25|0|20|1
pocket_scan_01529,side,-1.2,-1.7309999999999999,15,25,0,-20,1,8.5999999999999996,7,1.2,4,6,2.8574999999999999,False,False,jaw_or_rail_rejection,side|1.2|15|25|0|20|1
pocket_scan_01530,side,-1.2,-1.7309999999999999,15,100,0,0,-1,8.5999999999999996,7,1.2,4,6,2.8574999999999999,False,False,jaw_or_rail_rejection,side|1.2|15|100|0|0|1
pocket_scan_01531,side,-1.2,-1.7309999999999999,15,100,0,0,1,8.5999999999999996,7,1.2,4,6,2.8574999999999999,False,False,jaw_or_rail_rejection,side|1.2|15|100|0|0|1
pocket_scan_01532,side,-1.2,-1.7309999999999999,15,100,20,0,-1,8.5999999999999996,7,1.2,4,6,2.8574999999999999,False,False,jaw_or_rail_rejection,side|1.2|15|100|20|0|1
pocket_scan_01533,side,-1.2,-1.7309999999999999,15,100,20,0,1,8.5999999999999996,7,1.2,4,6,2.8574999999999999,False,False,jaw_or_rail_rejection,side|1.2|15|100|20|0|1
pocket_scan_01534,side,-1.2,-1.7309999999999999,15,100,-20,0,-1,8.5999999999999996,7,1.2,4,6,2.8574999999999999,False,False,jaw_or_rail_rejection,side|1.2|15|100|-20|0|1
pocket_scan_01535,side,-1.2,-1.7309999999999999,15,100,-20,0,1,8.5999999999999996,7,1.2,4,6,2.8574999999999999,False,False,jaw_or_rail_rejection,side|1.2|15|100|-20|0|1
pocket_scan_01536,side,-1.2,-1.7309999999999999,15,100,0,20,-1,8.5999999999999996,7,1.2,4,6,2.8574999999999999,False,False,jaw_or_rail_rejection,side|1.2|15|100|0|20|1
pocket_scan_01537,side,-1.2,-1.7309999999999999,15,100,0,20,1,8.5999999999999996,7,1.2,4,6,2.8574999999999999,False,False,jaw_or_rail_rejection,side|1.2|15|100|0|20|1
pocket_scan_01538,side,-1.2,-1.7309999999999999,15,100,0,-20,-1,8.5999999999999996,7,1.2,4,6,2.8574999999999999,False,False,jaw_or_rail_rejection,side|1.2|15|100|0|20|1
pocket_scan_01539,side,-1.2,-1.7309999999999999,15,100,0,-20,1,8.5999999999999996,7,1.2,4,6,2.8574999999999999,False,False,jaw_or_rail_rejection,side|1.2|15|100|0|20|1
pocket_scan_01540,side,-1.2,-1.7309999999999999,15,250,0,0,-1,8.5999999999999996,7,1.2,4,6,2.8574999999999999,False,False,jaw_or_rail_rejection,side|1.2|15|250|0|0|1
pocket_scan_01541,side,-1.2,-1.7309999999999999,15,250,0,0,1,8.5999999999999996,7,1.2,4,6,2.8574999999999999,False,False,jaw_or_rail_rejection,side|1.2|15|250|0|0|1
pocket_scan_01542,side,-1.2,-1.7309999999999999,15,250,20,0,-1,8.5999999999999996,7,1.2,4,6,2.8574999999999999,False,False,jaw_or_rail_rejection,side|1.2|15|250|20|0|1
pocket_scan_01543,side,-1.2,-1.7309999999999999,15,250,20,0,1,8.5999999999999996,7,1.2,4,6,2.8574999999999999,False,False,jaw_or_rail_rejection,side|1.2|15|250|20|0|1
pocket_scan_01544,side,-1.2,-1.7309999999999999,15,250,-20,0,-1,8.5999999999999996,7,1.2,4,6,2.8574999999999999,False,False,jaw_or_rail_rejection,side|1.2|15|250|-20|0|1
pocket_scan_01545,side,-1.2,-1.7309999999999999,15,250,-20,0,1,8.5999999999999996,7,1.2,4,6,2.8574999999999999,False,False,jaw_or_rail_rejection,side|1.2|15|250|-20|0|1
pocket_scan_01546,side,-1.2,-1.7309999999999999,15,250,0,20,-1,8.5999999999999996,7,1.2,4,6,2.8574999999999999,False,False,jaw_or_rail_rejection,side|1.2|15|250|0|20|1
pocket_scan_01547,side,-1.2,-1.7309999999999999,15,250,0,20,1,8.5999999999999996,7,1.2,4,6,2.8574999999999999,False,False,jaw_or_rail_rejection,side|1.2|15|250|0|20|1
pocket_scan_01548,side,-1.2,-1.7309999999999999,15,250,0,-20,-1,8.5999999999999996,7,1.2,4,6,2.8574999999999999,False,False,jaw_or_rail_rejection,side|1.2|15|250|0|20|1
pocket_scan_01549,side,-1.2,-1.7309999999999999,15,250,0,-20,1,8.5999999999999996,7,1.2,4,6,2.8574999999999999,False,False,jaw_or_rail_rejection,side|1.2|15|250|0|20|1
pocket_scan_01550,side,-1.2,-1.7309999999999999,15,500,0,0,-1,8.5999999999999996,7,1.2,4,6,2.8574999999999999,False,False,jaw_or_rail_rejection,side|1.2|15|500|0|0|1
pocket_scan_01551,side,-1.2,-1.7309999999999999,15,500,0,0,1,8.5999999999999996,7,1.2,4,6,2.8574999999999999,False,False,jaw_or_rail_rejection,side|1.2|15|500|0|0|1
pocket_scan_01552,side,-1.2,-1.7309999999999999,15,500,20,0,-1,8.5999999999999996,7,1.2,4,6,2.8574999999999999,False,False,jaw_or_rail_rejection,side|1.2|15|500|20|0|1
pocket_scan_01553,side,-1.2,-1.7309999999999999,15,500,20,0,1,8.5999999999999996,7,1.2,4,6,2.8574999999999999,False,False,jaw_or_rail_rejection,side|1.2|15|500|20|0|1
pocket_scan_01554,side,-1.2,-1.7309999999999999,15,500,-20,0,-1,8.5999999999999996,7,1.2,4,6,2.8574999999999999,False,False,jaw_or_rail_rejection,side|1.2|15|500|-20|0|1
pocket_scan_01555,side,-1.2,-1.7309999999999999,15,500,-20,0,1,8.5999999999999996,7,1.2,4,6,2.8574999999999999,False,False,jaw_or_rail_rejection,side|1.2|15|500|-20|0|1
pocket_scan_01556,side,-1.2,-1.7309999999999999,15,500,0,20,-1,8.5999999999999996,7,1.2,4,6,2.8574999999999999,False,False,jaw_or_rail_rejection,side|1.2|15|500|0|20|1
pocket_scan_01557,side,-1.2,-1.7309999999999999,15,500,0,20,1,8.5999999999999996,7,1.2,4,6,2.8574999999999999,False,False,jaw_or_rail_rejection,side|1.2|15|500|0|20|1
pocket_scan_01558,side,-1.2,-1.7309999999999999,15,500,0,-20,-1,8.5999999999999996,7,1.2,4,6,2.8574999999999999,False,False,jaw_or_rail_rejection,side|1.2|15|500|0|20|1
pocket_scan_01559,side,-1.2,-1.7309999999999999,15,500,0,-20,1,8.5999999999999996,7,1.2,4,6,2.8574999999999999,False,False,jaw_or_rail_rejection,side|1.2|15|500|0|20|1
pocket_scan_01560,side,-1.2,-1.7309999999999999,30,25,0,0,-1,8.5999999999999996,7,1.2,4,6,2.8574999999999999,False,False,jaw_or_rail_rejection,side|1.2|30|25|0|0|1
pocket_scan_01561,side,-1.2,-1.7309999999999999,30,25,0,0,1,8.5999999999999996,7,1.2,4,6,2.8574999999999999,False,False,jaw_or_rail_rejection,side|1.2|30|25|0|0|1
pocket_scan_01562,side,-1.2,-1.7309999999999999,30,25,20,0,-1,8.5999999999999996,7,1.2,4,6,2.8574999999999999,False,False,jaw_or_rail_rejection,side|1.2|30|25|20|0|1
pocket_scan_01563,side,-1.2,-1.7309999999999999,30,25,20,0,1,8.5999999999999996,7,1.2,4,6,2.8574999999999999,False,False,jaw_or_rail_rejection,side|1.2|30|25|20|0|1
pocket_scan_01564,side,-1.2,-1.7309999999999999,30,25,-20,0,-1,8.5999999999999996,7,1.2,4,6,2.8574999999999999,False,False,jaw_or_rail_rejection,side|1.2|30|25|-20|0|1
pocket_scan_01565,side,-1.2,-1.7309999999999999,30,25,-20,0,1,8.5999999999999996,7,1.2,4,6,2.8574999999999999,False,False,jaw_or_rail_rejection,side|1.2|30|25|-20|0|1
pocket_scan_01566,side,-1.2,-1.7309999999999999,30,25,0,20,-1,8.5999999999999996,7,1.2,4,6,2.8574999999999999,False,False,jaw_or_rail_rejection,side|1.2|30|25|0|20|1
pocket_scan_01567,side,-1.2,-1.7309999999999999,30,25,0,20,1,8.5999999999999996,7,1.2,4,6,2.8574999999999999,False,False,jaw_or_rail_rejection,side|1.2|30|25|0|20|1
pocket_scan_01568,side,-1.2,-1.7309999999999999,30,25,0,-20,-1,8.5999999999999996,7,1.2,4,6,2.8574999999999999,False,False,jaw_or_rail_rejection,side|1.2|30|25|0|20|1
pocket_scan_01569,side,-1.2,-1.7309999999999999,30,25,0,-20,1,8.5999999999999996,7,1.2,4,6,2.8574999999999999,False,False,jaw_or_rail_rejection,side|1.2|30|25|0|20|1
pocket_scan_01570,side,-1.2,-1.7309999999999999,30,100,0,0,-1,8.5999999999999996,7,1.2,4,6,2.8574999999999999,False,False,jaw_or_rail_rejection,side|1.2|30|100|0|0|1
pocket_scan_01571,side,-1.2,-1.7309999999999999,30,100,0,0,1,8.5999999999999996,7,1.2,4,6,2.8574999999999999,False,False,jaw_or_rail_rejection,side|1.2|30|100|0|0|1
pocket_scan_01572,side,-1.2,-1.7309999999999999,30,100,20,0,-1,8.5999999999999996,7,1.2,4,6,2.8574999999999999,False,False,jaw_or_rail_rejection,side|1.2|30|100|20|0|1
pocket_scan_01573,side,-1.2,-1.7309999999999999,30,100,20,0,1,8.5999999999999996,7,1.2,4,6,2.8574999999999999,False,False,jaw_or_rail_rejection,side|1.2|30|100|20|0|1
pocket_scan_01574,side,-1.2,-1.7309999999999999,30,100,-20,0,-1,8.5999999999999996,7,1.2,4,6,2.8574999999999999,False,False,jaw_or_rail_rejection,side|1.2|30|100|-20|0|1
pocket_scan_01575,side,-1.2,-1.7309999999999999,30,100,-20,0,1,8.5999999999999996,7,1.2,4,6,2.8574999999999999,False,False,jaw_or_rail_rejection,side|1.2|30|100|-20|0|1
pocket_scan_01576,side,-1.2,-1.7309999999999999,30,100,0,20,-1,8.5999999999999996,7,1.2,4,6,2.8574999999999999,False,False,jaw_or_rail_rejection,side|1.2|30|100|0|20|1
pocket_scan_01577,side,-1.2,-1.7309999999999999,30,100,0,20,1,8.5999999999999996,7,1.2,4,6,2.8574999999999999,False,False,jaw_or_rail_rejection,side|1.2|30|100|0|20|1
pocket_scan_01578,side,-1.2,-1.7309999999999999,30,100,0,-20,-1,8.5999999999999996,7,1.2,4,6,2.8574999999999999,False,False,jaw_or_rail_rejection,side|1.2|30|100|0|20|1
pocket_scan_01579,side,-1.2,-1.7309999999999999,30,100,0,-20,1,8.5999999999999996,7,1.2,4,6,2.8574999999999999,False,False,jaw_or_rail_rejection,side|1.2|30|100|0|20|1
pocket_scan_01580,side,-1.2,-1.7309999999999999,30,250,0,0,-1,8.5999999999999996,7,1.2,4,6,2.8574999999999999,False,False,jaw_or_rail_rejection,side|1.2|30|250|0|0|1
pocket_scan_01581,side,-1.2,-1.7309999999999999,30,250,0,0,1,8.5999999999999996,7,1.2,4,6,2.8574999999999999,False,False,jaw_or_rail_rejection,side|1.2|30|250|0|0|1
pocket_scan_01582,side,-1.2,-1.7309999999999999,30,250,20,0,-1,8.5999999999999996,7,1.2,4,6,2.8574999999999999,False,False,jaw_or_rail_rejection,side|1.2|30|250|20|0|1
pocket_scan_01583,side,-1.2,-1.7309999999999999,30,250,20,0,1,8.5999999999999996,7,1.2,4,6,2.8574999999999999,False,False,jaw_or_rail_rejection,side|1.2|30|250|20|0|1
pocket_scan_01584,side,-1.2,-1.7309999999999999,30,250,-20,0,-1,8.5999999999999996,7,1.2,4,6,2.8574999999999999,False,False,jaw_or_rail_rejection,side|1.2|30|250|-20|0|1
pocket_scan_01585,side,-1.2,-1.7309999999999999,30,250,-20,0,1,8.5999999999999996,7,1.2,4,6,2.8574999999999999,False,False,jaw_or_rail_rejection,side|1.2|30|250|-20|0|1
pocket_scan_01586,side,-1.2,-1.7309999999999999,30,250,0,20,-1,8.5999999999999996,7,1.2,4,6,2.8574999999999999,False,False,jaw_or_rail_rejection,side|1.2|30|250|0|20|1
pocket_scan_01587,side,-1.2,-1.7309999999999999,30,250,0,20,1,8.5999999999999996,7,1.2,4,6,2.8574999999999999,False,False,jaw_or_rail_rejection,side|1.2|30|250|0|20|1
pocket_scan_01588,side,-1.2,-1.7309999999999999,30,250,0,-20,-1,8.5999999999999996,7,1.2,4,6,2.8574999999999999,False,False,jaw_or_rail_rejection,side|1.2|30|250|0|20|1
pocket_scan_01589,side,-1.2,-1.7309999999999999,30,250,0,-20,1,8.5999999999999996,7,1.2,4,6,2.8574999999999999,False,False,jaw_or_rail_rejection,side|1.2|30|250|0|20|1
pocket_scan_01590,side,-1.2,-1.7309999999999999,30,500,0,0,-1,8.5999999999999996,7,1.2,4,6,2.8574999999999999,False,False,jaw_or_rail_rejection,side|1.2|30|500|0|0|1
pocket_scan_01591,side,-1.2,-1.7309999999999999,30,500,0,0,1,8.5999999999999996,7,1.2,4,6,2.8574999999999999,False,False,jaw_or_rail_rejection,side|1.2|30|500|0|0|1
pocket_scan_01592,side,-1.2,-1.7309999999999999,30,500,20,0,-1,8.5999999999999996,7,1.2,4,6,2.8574999999999999,False,False,jaw_or_rail_rejection,side|1.2|30|500|20|0|1
pocket_scan_01593,side,-1.2,-1.7309999999999999,30,500,20,0,1,8.5999999999999996,7,1.2,4,6,2.8574999999999999,False,False,jaw_or_rail_rejection,side|1.2|30|500|20|0|1
pocket_scan_01594,side,-1.2,-1.7309999999999999,30,500,-20,0,-1,8.5999999999999996,7,1.2,4,6,2.8574999999999999,False,False,jaw_or_rail_rejection,side|1.2|30|500|-20|0|1
pocket_scan_01595,side,-1.2,-1.7309999999999999,30,500,-20,0,1,8.5999999999999996,7,1.2,4,6,2.8574999999999999,False,False,jaw_or_rail_rejection,side|1.2|30|500|-20|0|1
pocket_scan_01596,side,-1.2,-1.7309999999999999,30,500,0,20,-1,8.5999999999999996,7,1.2,4,6,2.8574999999999999,False,False,jaw_or_rail_rejection,side|1.2|30|500|0|20|1
pocket_scan_01597,side,-1.2,-1.7309999999999999,30,500,0,20,1,8.5999999999999996,7,1.2,4,6,2.8574999999999999,False,False,jaw_or_rail_rejection,side|1.2|30|500|0|20|1
pocket_scan_01598,side,-1.2,-1.7309999999999999,30,500,0,-20,-1,8.5999999999999996,7,1.2,4,6,2.8574999999999999,False,False,jaw_or_rail_rejection,side|1.2|30|500|0|20|1
pocket_scan_01599,side,-1.2,-1.7309999999999999,30,500,0,-20,1,8.5999999999999996,7,1.2,4,6,2.8574999999999999,False,False,jaw_or_rail_rejection,side|1.2|30|500|0|20|1
pocket_scan_01600,side,-0.80000000000000004,-1.1539999999999999,-30,25,0,0,-1,8.5999999999999996,7,1.2,4,6,2.8574999999999999,True,False,jaw_or_rail_rejection,side|0.80000000000000004|30|25|0|0|1
pocket_scan_01601,side,-0.80000000000000004,-1.1539999999999999,-30,25,0,0,1,8.5999999999999996,7,1.2,4,6,2.8574999999999999,True,False,jaw_or_rail_rejection,side|0.80000000000000004|30|25|0|0|1
pocket_scan_01602,side,-0.80000000000000004,-1.1539999999999999,-30,25,20,0,-1,8.5999999999999996,7,1.2,4,6,2.8574999999999999,True,False,jaw_or_rail_rejection,side|0.80000000000000004|30|25|20|0|1
pocket_scan_01603,side,-0.80000000000000004,-1.1539999999999999,-30,25,20,0,1,8.5999999999999996,7,1.2,4,6,2.8574999999999999,True,False,jaw_or_rail_rejection,side|0.80000000000000004|30|25|20|0|1
pocket_scan_01604,side,-0.80000000000000004,-1.1539999999999999,-30,25,-20,0,-1,8.5999999999999996,7,1.2,4,6,2.8574999999999999,True,False,jaw_or_rail_rejection,side|0.80000000000000004|30|25|-20|0|1
pocket_scan_01605,side,-0.80000000000000004,-1.1539999999999999,-30,25,-20,0,1,8.5999999999999996,7,1.2,4,6,2.8574999999999999,True,False,jaw_or_rail_rejection,side|0.80000000000000004|30|25|-20|0|1
pocket_scan_01606,side,-0.80000000000000004,-1.1539999999999999,-30,25,0,20,-1,8.5999999999999996,7,1.2,4,6,2.8574999999999999,True,False,jaw_or_rail_rejection,side|0.80000000000000004|30|25|0|20|1
pocket_scan_01607,side,-0.80000000000000004,-1.1539999999999999,-30,25,0,20,1,8.5999999999999996,7,1.2,4,6,2.8574999999999999,True,False,jaw_or_rail_rejection,side|0.80000000000000004|30|25|0|20|1
pocket_scan_01608,side,-0.80000000000000004,-1.1539999999999999,-30,25,0,-20,-1,8.5999999999999996,7,1.2,4,6,2.8574999999999999,True,False,jaw_or_rail_rejection,side|0.80000000000000004|30|25|0|20|1
pocket_scan_01609,side,-0.80000000000000004,-1.1539999999999999,-30,25,0,-20,1,8.5999999999999996,7,1.2,4,6,2.8574999999999999,True,False,jaw_or_rail_rejection,side|0.80000000000000004|30|25|0|20|1
pocket_scan_01610,side,-0.80000000000000004,-1.1539999999999999,-30,100,0,0,-1,8.5999999999999996,7,1.2,4,6,2.8574999999999999,True,False,jaw_or_rail_rejection,side|0.80000000000000004|30|100|0|0|1
pocket_scan_01611,side,-0.80000000000000004,-1.1539999999999999,-30,100,0,0,1,8.5999999999999996,7,1.2,4,6,2.8574999999999999,True,False,jaw_or_rail_rejection,side|0.80000000000000004|30|100|0|0|1
pocket_scan_01612,side,-0.80000000000000004,-1.1539999999999999,-30,100,20,0,-1,8.5999999999999996,7,1.2,4,6,2.8574999999999999,True,False,jaw_or_rail_rejection,side|0.80000000000000004|30|100|20|0|1
pocket_scan_01613,side,-0.80000000000000004,-1.1539999999999999,-30,100,20,0,1,8.5999999999999996,7,1.2,4,6,2.8574999999999999,True,False,jaw_or_rail_rejection,side|0.80000000000000004|30|100|20|0|1
pocket_scan_01614,side,-0.80000000000000004,-1.1539999999999999,-30,100,-20,0,-1,8.5999999999999996,7,1.2,4,6,2.8574999999999999,True,False,jaw_or_rail_rejection,side|0.80000000000000004|30|100|-20|0|1
pocket_scan_01615,side,-0.80000000000000004,-1.1539999999999999,-30,100,-20,0,1,8.5999999999999996,7,1.2,4,6,2.8574999999999999,True,False,jaw_or_rail_rejection,side|0.80000000000000004|30|100|-20|0|1
pocket_scan_01616,side,-0.80000000000000004,-1.1539999999999999,-30,100,0,20,-1,8.5999999999999996,7,1.2,4,6,2.8574999999999999,True,False,jaw_or_rail_rejection,side|0.80000000000000004|30|100|0|20|1
pocket_scan_01617,side,-0.80000000000000004,-1.1539999999999999,-30,100,0,20,1,8.5999999999999996,7,1.2,4,6,2.8574999999999999,True,False,jaw_or_rail_rejection,side|0.80000000000000004|30|100|0|20|1
pocket_scan_01618,side,-0.80000000000000004,-1.1539999999999999,-30,100,0,-20,-1,8.5999999999999996,7,1.2,4,6,2.8574999999999999,True,False,jaw_or_rail_rejection,side|0.80000000000000004|30|100|0|20|1
pocket_scan_01619,side,-0.80000000000000004,-1.1539999999999999,-30,100,0,-20,1,8.5999999999999996,7,1.2,4,6,2.8574999999999999,True,False,jaw_or_rail_rejection,side|0.80000000000000004|30|100|0|20|1
pocket_scan_01620,side,-0.80000000000000004,-1.1539999999999999,-30,250,0,0,-1,8.5999999999999996,7,1.2,4,6,2.8574999999999999,True,False,jaw_or_rail_rejection,side|0.80000000000000004|30|250|0|0|1
pocket_scan_01621,side,-0.80000000000000004,-1.1539999999999999,-30,250,0,0,1,8.5999999999999996,7,1.2,4,6,2.8574999999999999,True,False,jaw_or_rail_rejection,side|0.80000000000000004|30|250|0|0|1
pocket_scan_01622,side,-0.80000000000000004,-1.1539999999999999,-30,250,20,0,-1,8.5999999999999996,7,1.2,4,6,2.8574999999999999,True,False,jaw_or_rail_rejection,side|0.80000000000000004|30|250|20|0|1
pocket_scan_01623,side,-0.80000000000000004,-1.1539999999999999,-30,250,20,0,1,8.5999999999999996,7,1.2,4,6,2.8574999999999999,True,False,jaw_or_rail_rejection,side|0.80000000000000004|30|250|20|0|1
pocket_scan_01624,side,-0.80000000000000004,-1.1539999999999999,-30,250,-20,0,-1,8.5999999999999996,7,1.2,4,6,2.8574999999999999,True,False,jaw_or_rail_rejection,side|0.80000000000000004|30|250|-20|0|1
pocket_scan_01625,side,-0.80000000000000004,-1.1539999999999999,-30,250,-20,0,1,8.5999999999999996,7,1.2,4,6,2.8574999999999999,True,False,jaw_or_rail_rejection,side|0.80000000000000004|30|250|-20|0|1
pocket_scan_01626,side,-0.80000000000000004,-1.1539999999999999,-30,250,0,20,-1,8.5999999999999996,7,1.2,4,6,2.8574999999999999,True,False,jaw_or_rail_rejection,side|0.80000000000000004|30|250|0|20|1
pocket_scan_01627,side,-0.80000000000000004,-1.1539999999999999,-30,250,0,20,1,8.5999999999999996,7,1.2,4,6,2.8574999999999999,True,False,jaw_or_rail_rejection,side|0.80000000000000004|30|250|0|20|1
pocket_scan_01628,side,-0.80000000000000004,-1.1539999999999999,-30,250,0,-20,-1,8.5999999999999996,7,1.2,4,6,2.8574999999999999,True,False,jaw_or_rail_rejection,side|0.80000000000000004|30|250|0|20|1
pocket_scan_01629,side,-0.80000000000000004,-1.1539999999999999,-30,250,0,-20,1,8.5999999999999996,7,1.2,4,6,2.8574999999999999,True,False,jaw_or_rail_rejection,side|0.80000000000000004|30|250|0|20|1
pocket_scan_01630,side,-0.80000000000000004,-1.1539999999999999,-30,500,0,0,-1,8.5999999999999996,7,1.2,4,6,2.8574999999999999,True,False,jaw_or_rail_rejection,side|0.80000000000000004|30|500|0|0|1
pocket_scan_01631,side,-0.80000000000000004,-1.1539999999999999,-30,500,0,0,1,8.5999999999999996,7,1.2,4,6,2.8574999999999999,True,False,jaw_or_rail_rejection,side|0.80000000000000004|30|500|0|0|1
pocket_scan_01632,side,-0.80000000000000004,-1.1539999999999999,-30,500,20,0,-1,8.5999999999999996,7,1.2,4,6,2.8574999999999999,True,False,jaw_or_rail_rejection,side|0.80000000000000004|30|500|20|0|1
pocket_scan_01633,side,-0.80000000000000004,-1.1539999999999999,-30,500,20,0,1,8.5999999999999996,7,1.2,4,6,2.8574999999999999,True,False,jaw_or_rail_rejection,side|0.80000000000000004|30|500|20|0|1
pocket_scan_01634,side,-0.80000000000000004,-1.1539999999999999,-30,500,-20,0,-1,8.5999999999999996,7,1.2,4,6,2.8574999999999999,True,False,jaw_or_rail_rejection,side|0.80000000000000004|30|500|-20|0|1
pocket_scan_01635,side,-0.80000000000000004,-1.1539999999999999,-30,500,-20,0,1,8.5999999999999996,7,1.2,4,6,2.8574999999999999,True,False,jaw_or_rail_rejection,side|0.80000000000000004|30|500|-20|0|1
pocket_scan_01636,side,-0.80000000000000004,-1.1539999999999999,-30,500,0,20,-1,8.5999999999999996,7,1.2,4,6,2.8574999999999999,True,False,jaw_or_rail_rejection,side|0.80000000000000004|30|500|0|20|1
pocket_scan_01637,side,-0.80000000000000004,-1.1539999999999999,-30,500,0,20,1,8.5999999999999996,7,1.2,4,6,2.8574999999999999,True,False,jaw_or_rail_rejection,side|0.80000000000000004|30|500|0|20|1
pocket_scan_01638,side,-0.80000000000000004,-1.1539999999999999,-30,500,0,-20,-1,8.5999999999999996,7,1.2,4,6,2.8574999999999999,True,False,jaw_or_rail_rejection,side|0.80000000000000004|30|500|0|20|1
pocket_scan_01639,side,-0.80000000000000004,-1.1539999999999999,-30,500,0,-20,1,8.5999999999999996,7,1.2,4,6,2.8574999999999999,True,False,jaw_or_rail_rejection,side|0.80000000000000004|30|500|0|20|1
pocket_scan_01640,side,-0.80000000000000004,-1.1539999999999999,-15,25,0,0,-1,8.5999999999999996,7,1.2,4,6,2.8574999999999999,True,False,jaw_or_rail_rejection,side|0.80000000000000004|15|25|0|0|1
pocket_scan_01641,side,-0.80000000000000004,-1.1539999999999999,-15,25,0,0,1,8.5999999999999996,7,1.2,4,6,2.8574999999999999,True,False,jaw_or_rail_rejection,side|0.80000000000000004|15|25|0|0|1
pocket_scan_01642,side,-0.80000000000000004,-1.1539999999999999,-15,25,20,0,-1,8.5999999999999996,7,1.2,4,6,2.8574999999999999,True,False,jaw_or_rail_rejection,side|0.80000000000000004|15|25|20|0|1
pocket_scan_01643,side,-0.80000000000000004,-1.1539999999999999,-15,25,20,0,1,8.5999999999999996,7,1.2,4,6,2.8574999999999999,True,False,jaw_or_rail_rejection,side|0.80000000000000004|15|25|20|0|1
pocket_scan_01644,side,-0.80000000000000004,-1.1539999999999999,-15,25,-20,0,-1,8.5999999999999996,7,1.2,4,6,2.8574999999999999,True,False,jaw_or_rail_rejection,side|0.80000000000000004|15|25|-20|0|1
pocket_scan_01645,side,-0.80000000000000004,-1.1539999999999999,-15,25,-20,0,1,8.5999999999999996,7,1.2,4,6,2.8574999999999999,True,False,jaw_or_rail_rejection,side|0.80000000000000004|15|25|-20|0|1
pocket_scan_01646,side,-0.80000000000000004,-1.1539999999999999,-15,25,0,20,-1,8.5999999999999996,7,1.2,4,6,2.8574999999999999,True,False,jaw_or_rail_rejection,side|0.80000000000000004|15|25|0|20|1
pocket_scan_01647,side,-0.80000000000000004,-1.1539999999999999,-15,25,0,20,1,8.5999999999999996,7,1.2,4,6,2.8574999999999999,True,False,jaw_or_rail_rejection,side|0.80000000000000004|15|25|0|20|1
pocket_scan_01648,side,-0.80000000000000004,-1.1539999999999999,-15,25,0,-20,-1,8.5999999999999996,7,1.2,4,6,2.8574999999999999,True,False,jaw_or_rail_rejection,side|0.80000000000000004|15|25|0|20|1
pocket_scan_01649,side,-0.80000000000000004,-1.1539999999999999,-15,25,0,-20,1,8.5999999999999996,7,1.2,4,6,2.8574999999999999,True,False,jaw_or_rail_rejection,side|0.80000000000000004|15|25|0|20|1
pocket_scan_01650,side,-0.80000000000000004,-1.1539999999999999,-15,100,0,0,-1,8.5999999999999996,7,1.2,4,6,2.8574999999999999,True,False,jaw_or_rail_rejection,side|0.80000000000000004|15|100|0|0|1
pocket_scan_01651,side,-0.80000000000000004,-1.1539999999999999,-15,100,0,0,1,8.5999999999999996,7,1.2,4,6,2.8574999999999999,True,False,jaw_or_rail_rejection,side|0.80000000000000004|15|100|0|0|1
pocket_scan_01652,side,-0.80000000000000004,-1.1539999999999999,-15,100,20,0,-1,8.5999999999999996,7,1.2,4,6,2.8574999999999999,True,False,jaw_or_rail_rejection,side|0.80000000000000004|15|100|20|0|1
pocket_scan_01653,side,-0.80000000000000004,-1.1539999999999999,-15,100,20,0,1,8.5999999999999996,7,1.2,4,6,2.8574999999999999,True,False,jaw_or_rail_rejection,side|0.80000000000000004|15|100|20|0|1
pocket_scan_01654,side,-0.80000000000000004,-1.1539999999999999,-15,100,-20,0,-1,8.5999999999999996,7,1.2,4,6,2.8574999999999999,True,False,jaw_or_rail_rejection,side|0.80000000000000004|15|100|-20|0|1
pocket_scan_01655,side,-0.80000000000000004,-1.1539999999999999,-15,100,-20,0,1,8.5999999999999996,7,1.2,4,6,2.8574999999999999,True,False,jaw_or_rail_rejection,side|0.80000000000000004|15|100|-20|0|1
pocket_scan_01656,side,-0.80000000000000004,-1.1539999999999999,-15,100,0,20,-1,8.5999999999999996,7,1.2,4,6,2.8574999999999999,True,False,jaw_or_rail_rejection,side|0.80000000000000004|15|100|0|20|1
pocket_scan_01657,side,-0.80000000000000004,-1.1539999999999999,-15,100,0,20,1,8.5999999999999996,7,1.2,4,6,2.8574999999999999,True,False,jaw_or_rail_rejection,side|0.80000000000000004|15|100|0|20|1
pocket_scan_01658,side,-0.80000000000000004,-1.1539999999999999,-15,100,0,-20,-1,8.5999999999999996,7,1.2,4,6,2.8574999999999999,True,False,jaw_or_rail_rejection,side|0.80000000000000004|15|100|0|20|1
pocket_scan_01659,side,-0.80000000000000004,-1.1539999999999999,-15,100,0,-20,1,8.5999999999999996,7,1.2,4,6,2.8574999999999999,True,False,jaw_or_rail_rejection,side|0.80000000000000004|15|100|0|20|1
pocket_scan_01660,side,-0.80000000000000004,-1.1539999999999999,-15,250,0,0,-1,8.5999999999999996,7,1.2,4,6,2.8574999999999999,True,False,jaw_or_rail_rejection,side|0.80000000000000004|15|250|0|0|1
pocket_scan_01661,side,-0.80000000000000004,-1.1539999999999999,-15,250,0,0,1,8.5999999999999996,7,1.2,4,6,2.8574999999999999,True,False,jaw_or_rail_rejection,side|0.80000000000000004|15|250|0|0|1
pocket_scan_01662,side,-0.80000000000000004,-1.1539999999999999,-15,250,20,0,-1,8.5999999999999996,7,1.2,4,6,2.8574999999999999,True,False,jaw_or_rail_rejection,side|0.80000000000000004|15|250|20|0|1
pocket_scan_01663,side,-0.80000000000000004,-1.1539999999999999,-15,250,20,0,1,8.5999999999999996,7,1.2,4,6,2.8574999999999999,True,False,jaw_or_rail_rejection,side|0.80000000000000004|15|250|20|0|1
pocket_scan_01664,side,-0.80000000000000004,-1.1539999999999999,-15,250,-20,0,-1,8.5999999999999996,7,1.2,4,6,2.8574999999999999,True,False,jaw_or_rail_rejection,side|0.80000000000000004|15|250|-20|0|1
pocket_scan_01665,side,-0.80000000000000004,-1.1539999999999999,-15,250,-20,0,1,8.5999999999999996,7,1.2,4,6,2.8574999999999999,True,False,jaw_or_rail_rejection,side|0.80000000000000004|15|250|-20|0|1
pocket_scan_01666,side,-0.80000000000000004,-1.1539999999999999,-15,250,0,20,-1,8.5999999999999996,7,1.2,4,6,2.8574999999999999,True,False,jaw_or_rail_rejection,side|0.80000000000000004|15|250|0|20|1
pocket_scan_01667,side,-0.80000000000000004,-1.1539999999999999,-15,250,0,20,1,8.5999999999999996,7,1.2,4,6,2.8574999999999999,True,False,jaw_or_rail_rejection,side|0.80000000000000004|15|250|0|20|1
pocket_scan_01668,side,-0.80000000000000004,-1.1539999999999999,-15,250,0,-20,-1,8.5999999999999996,7,1.2,4,6,2.8574999999999999,True,False,jaw_or_rail_rejection,side|0.80000000000000004|15|250|0|20|1
pocket_scan_01669,side,-0.80000000000000004,-1.1539999999999999,-15,250,0,-20,1,8.5999999999999996,7,1.2,4,6,2.8574999999999999,True,False,jaw_or_rail_rejection,side|0.80000000000000004|15|250|0|20|1
pocket_scan_01670,side,-0.80000000000000004,-1.1539999999999999,-15,500,0,0,-1,8.5999999999999996,7,1.2,4,6,2.8574999999999999,True,False,jaw_or_rail_rejection,side|0.80000000000000004|15|500|0|0|1
pocket_scan_01671,side,-0.80000000000000004,-1.1539999999999999,-15,500,0,0,1,8.5999999999999996,7,1.2,4,6,2.8574999999999999,True,False,jaw_or_rail_rejection,side|0.80000000000000004|15|500|0|0|1
pocket_scan_01672,side,-0.80000000000000004,-1.1539999999999999,-15,500,20,0,-1,8.5999999999999996,7,1.2,4,6,2.8574999999999999,True,False,jaw_or_rail_rejection,side|0.80000000000000004|15|500|20|0|1
pocket_scan_01673,side,-0.80000000000000004,-1.1539999999999999,-15,500,20,0,1,8.5999999999999996,7,1.2,4,6,2.8574999999999999,True,False,jaw_or_rail_rejection,side|0.80000000000000004|15|500|20|0|1
pocket_scan_01674,side,-0.80000000000000004,-1.1539999999999999,-15,500,-20,0,-1,8.5999999999999996,7,1.2,4,6,2.8574999999999999,True,False,jaw_or_rail_rejection,side|0.80000000000000004|15|500|-20|0|1
pocket_scan_01675,side,-0.80000000000000004,-1.1539999999999999,-15,500,-20,0,1,8.5999999999999996,7,1.2,4,6,2.8574999999999999,True,False,jaw_or_rail_rejection,side|0.80000000000000004|15|500|-20|0|1
pocket_scan_01676,side,-0.80000000000000004,-1.1539999999999999,-15,500,0,20,-1,8.5999999999999996,7,1.2,4,6,2.8574999999999999,True,False,jaw_or_rail_rejection,side|0.80000000000000004|15|500|0|20|1
pocket_scan_01677,side,-0.80000000000000004,-1.1539999999999999,-15,500,0,20,1,8.5999999999999996,7,1.2,4,6,2.8574999999999999,True,False,jaw_or_rail_rejection,side|0.80000000000000004|15|500|0|20|1
pocket_scan_01678,side,-0.80000000000000004,-1.1539999999999999,-15,500,0,-20,-1,8.5999999999999996,7,1.2,4,6,2.8574999999999999,True,False,jaw_or_rail_rejection,side|0.80000000000000004|15|500|0|20|1
pocket_scan_01679,side,-0.80000000000000004,-1.1539999999999999,-15,500,0,-20,1,8.5999999999999996,7,1.2,4,6,2.8574999999999999,True,False,jaw_or_rail_rejection,side|0.80000000000000004|15|500|0|20|1
pocket_scan_01680,side,-0.80000000000000004,-1.1539999999999999,0,25,0,0,-1,8.5999999999999996,7,1.2,4,6,2.8574999999999999,True,False,jaw_or_rail_rejection,side|0.80000000000000004|0|25|0|0|1
pocket_scan_01681,side,-0.80000000000000004,-1.1539999999999999,0,25,0,0,1,8.5999999999999996,7,1.2,4,6,2.8574999999999999,True,False,jaw_or_rail_rejection,side|0.80000000000000004|0|25|0|0|1
pocket_scan_01682,side,-0.80000000000000004,-1.1539999999999999,0,25,20,0,-1,8.5999999999999996,7,1.2,4,6,2.8574999999999999,True,False,jaw_or_rail_rejection,side|0.80000000000000004|0|25|20|0|1
pocket_scan_01683,side,-0.80000000000000004,-1.1539999999999999,0,25,20,0,1,8.5999999999999996,7,1.2,4,6,2.8574999999999999,True,False,jaw_or_rail_rejection,side|0.80000000000000004|0|25|20|0|1
pocket_scan_01684,side,-0.80000000000000004,-1.1539999999999999,0,25,-20,0,-1,8.5999999999999996,7,1.2,4,6,2.8574999999999999,True,False,jaw_or_rail_rejection,side|0.80000000000000004|0|25|-20|0|1
pocket_scan_01685,side,-0.80000000000000004,-1.1539999999999999,0,25,-20,0,1,8.5999999999999996,7,1.2,4,6,2.8574999999999999,True,False,jaw_or_rail_rejection,side|0.80000000000000004|0|25|-20|0|1
pocket_scan_01686,side,-0.80000000000000004,-1.1539999999999999,0,25,0,20,-1,8.5999999999999996,7,1.2,4,6,2.8574999999999999,True,False,jaw_or_rail_rejection,side|0.80000000000000004|0|25|0|20|1
pocket_scan_01687,side,-0.80000000000000004,-1.1539999999999999,0,25,0,20,1,8.5999999999999996,7,1.2,4,6,2.8574999999999999,True,False,jaw_or_rail_rejection,side|0.80000000000000004|0|25|0|20|1
pocket_scan_01688,side,-0.80000000000000004,-1.1539999999999999,0,25,0,-20,-1,8.5999999999999996,7,1.2,4,6,2.8574999999999999,True,False,jaw_or_rail_rejection,side|0.80000000000000004|0|25|0|20|1
pocket_scan_01689,side,-0.80000000000000004,-1.1539999999999999,0,25,0,-20,1,8.5999999999999996,7,1.2,4,6,2.8574999999999999,True,False,jaw_or_rail_rejection,side|0.80000000000000004|0|25|0|20|1
pocket_scan_01690,side,-0.80000000000000004,-1.1539999999999999,0,100,0,0,-1,8.5999999999999996,7,1.2,4,6,2.8574999999999999,True,False,jaw_or_rail_rejection,side|0.80000000000000004|0|100|0|0|1
pocket_scan_01691,side,-0.80000000000000004,-1.1539999999999999,0,100,0,0,1,8.5999999999999996,7,1.2,4,6,2.8574999999999999,True,False,jaw_or_rail_rejection,side|0.80000000000000004|0|100|0|0|1
pocket_scan_01692,side,-0.80000000000000004,-1.1539999999999999,0,100,20,0,-1,8.5999999999999996,7,1.2,4,6,2.8574999999999999,True,False,jaw_or_rail_rejection,side|0.80000000000000004|0|100|20|0|1
pocket_scan_01693,side,-0.80000000000000004,-1.1539999999999999,0,100,20,0,1,8.5999999999999996,7,1.2,4,6,2.8574999999999999,True,False,jaw_or_rail_rejection,side|0.80000000000000004|0|100|20|0|1
pocket_scan_01694,side,-0.80000000000000004,-1.1539999999999999,0,100,-20,0,-1,8.5999999999999996,7,1.2,4,6,2.8574999999999999,True,False,jaw_or_rail_rejection,side|0.80000000000000004|0|100|-20|0|1
pocket_scan_01695,side,-0.80000000000000004,-1.1539999999999999,0,100,-20,0,1,8.5999999999999996,7,1.2,4,6,2.8574999999999999,True,False,jaw_or_rail_rejection,side|0.80000000000000004|0|100|-20|0|1
pocket_scan_01696,side,-0.80000000000000004,-1.1539999999999999,0,100,0,20,-1,8.5999999999999996,7,1.2,4,6,2.8574999999999999,True,False,jaw_or_rail_rejection,side|0.80000000000000004|0|100|0|20|1
pocket_scan_01697,side,-0.80000000000000004,-1.1539999999999999,0,100,0,20,1,8.5999999999999996,7,1.2,4,6,2.8574999999999999,True,False,jaw_or_rail_rejection,side|0.80000000000000004|0|100|0|20|1
pocket_scan_01698,side,-0.80000000000000004,-1.1539999999999999,0,100,0,-20,-1,8.5999999999999996,7,1.2,4,6,2.8574999999999999,True,False,jaw_or_rail_rejection,side|0.80000000000000004|0|100|0|20|1
pocket_scan_01699,side,-0.80000000000000004,-1.1539999999999999,0,100,0,-20,1,8.5999999999999996,7,1.2,4,6,2.8574999999999999,True,False,jaw_or_rail_rejection,side|0.80000000000000004|0|100|0|20|1
pocket_scan_01700,side,-0.80000000000000004,-1.1539999999999999,0,250,0,0,-1,8.5999999999999996,7,1.2,4,6,2.8574999999999999,True,False,jaw_or_rail_rejection,side|0.80000000000000004|0|250|0|0|1
pocket_scan_01701,side,-0.80000000000000004,-1.1539999999999999,0,250,0,0,1,8.5999999999999996,7,1.2,4,6,2.8574999999999999,True,False,jaw_or_rail_rejection,side|0.80000000000000004|0|250|0|0|1
pocket_scan_01702,side,-0.80000000000000004,-1.1539999999999999,0,250,20,0,-1,8.5999999999999996,7,1.2,4,6,2.8574999999999999,True,False,jaw_or_rail_rejection,side|0.80000000000000004|0|250|20|0|1
pocket_scan_01703,side,-0.80000000000000004,-1.1539999999999999,0,250,20,0,1,8.5999999999999996,7,1.2,4,6,2.8574999999999999,True,False,jaw_or_rail_rejection,side|0.80000000000000004|0|250|20|0|1
pocket_scan_01704,side,-0.80000000000000004,-1.1539999999999999,0,250,-20,0,-1,8.5999999999999996,7,1.2,4,6,2.8574999999999999,True,False,jaw_or_rail_rejection,side|0.80000000000000004|0|250|-20|0|1
pocket_scan_01705,side,-0.80000000000000004,-1.1539999999999999,0,250,-20,0,1,8.5999999999999996,7,1.2,4,6,2.8574999999999999,True,False,jaw_or_rail_rejection,side|0.80000000000000004|0|250|-20|0|1
pocket_scan_01706,side,-0.80000000000000004,-1.1539999999999999,0,250,0,20,-1,8.5999999999999996,7,1.2,4,6,2.8574999999999999,True,False,jaw_or_rail_rejection,side|0.80000000000000004|0|250|0|20|1
pocket_scan_01707,side,-0.80000000000000004,-1.1539999999999999,0,250,0,20,1,8.5999999999999996,7,1.2,4,6,2.8574999999999999,True,False,jaw_or_rail_rejection,side|0.80000000000000004|0|250|0|20|1
pocket_scan_01708,side,-0.80000000000000004,-1.1539999999999999,0,250,0,-20,-1,8.5999999999999996,7,1.2,4,6,2.8574999999999999,True,False,jaw_or_rail_rejection,side|0.80000000000000004|0|250|0|20|1
pocket_scan_01709,side,-0.80000000000000004,-1.1539999999999999,0,250,0,-20,1,8.5999999999999996,7,1.2,4,6,2.8574999999999999,True,False,jaw_or_rail_rejection,side|0.80000000000000004|0|250|0|20|1
pocket_scan_01710,side,-0.80000000000000004,-1.1539999999999999,0,500,0,0,-1,8.5999999999999996,7,1.2,4,6,2.8574999999999999,True,False,jaw_or_rail_rejection,side|0.80000000000000004|0|500|0|0|1
pocket_scan_01711,side,-0.80000000000000004,-1.1539999999999999,0,500,0,0,1,8.5999999999999996,7,1.2,4,6,2.8574999999999999,True,False,jaw_or_rail_rejection,side|0.80000000000000004|0|500|0|0|1
pocket_scan_01712,side,-0.80000000000000004,-1.1539999999999999,0,500,20,0,-1,8.5999999999999996,7,1.2,4,6,2.8574999999999999,True,False,jaw_or_rail_rejection,side|0.80000000000000004|0|500|20|0|1
pocket_scan_01713,side,-0.80000000000000004,-1.1539999999999999,0,500,20,0,1,8.5999999999999996,7,1.2,4,6,2.8574999999999999,True,False,jaw_or_rail_rejection,side|0.80000000000000004|0|500|20|0|1
pocket_scan_01714,side,-0.80000000000000004,-1.1539999999999999,0,500,-20,0,-1,8.5999999999999996,7,1.2,4,6,2.8574999999999999,True,False,jaw_or_rail_rejection,side|0.80000000000000004|0|500|-20|0|1
pocket_scan_01715,side,-0.80000000000000004,-1.1539999999999999,0,500,-20,0,1,8.5999999999999996,7,1.2,4,6,2.8574999999999999,True,False,jaw_or_rail_rejection,side|0.80000000000000004|0|500|-20|0|1
pocket_scan_01716,side,-0.80000000000000004,-1.1539999999999999,0,500,0,20,-1,8.5999999999999996,7,1.2,4,6,2.8574999999999999,True,False,jaw_or_rail_rejection,side|0.80000000000000004|0|500|0|20|1
pocket_scan_01717,side,-0.80000000000000004,-1.1539999999999999,0,500,0,20,1,8.5999999999999996,7,1.2,4,6,2.8574999999999999,True,False,jaw_or_rail_rejection,side|0.80000000000000004|0|500|0|20|1
pocket_scan_01718,side,-0.80000000000000004,-1.1539999999999999,0,500,0,-20,-1,8.5999999999999996,7,1.2,4,6,2.8574999999999999,True,False,jaw_or_rail_rejection,side|0.80000000000000004|0|500|0|20|1
pocket_scan_01719,side,-0.80000000000000004,-1.1539999999999999,0,500,0,-20,1,8.5999999999999996,7,1.2,4,6,2.8574999999999999,True,False,jaw_or_rail_rejection,side|0.80000000000000004|0|500|0|20|1
pocket_scan_01720,side,-0.80000000000000004,-1.1539999999999999,15,25,0,0,-1,8.5999999999999996,7,1.2,4,6,2.8574999999999999,True,False,jaw_or_rail_rejection,side|0.80000000000000004|15|25|0|0|1
pocket_scan_01721,side,-0.80000000000000004,-1.1539999999999999,15,25,0,0,1,8.5999999999999996,7,1.2,4,6,2.8574999999999999,True,False,jaw_or_rail_rejection,side|0.80000000000000004|15|25|0|0|1
pocket_scan_01722,side,-0.80000000000000004,-1.1539999999999999,15,25,20,0,-1,8.5999999999999996,7,1.2,4,6,2.8574999999999999,True,False,jaw_or_rail_rejection,side|0.80000000000000004|15|25|20|0|1
pocket_scan_01723,side,-0.80000000000000004,-1.1539999999999999,15,25,20,0,1,8.5999999999999996,7,1.2,4,6,2.8574999999999999,True,False,jaw_or_rail_rejection,side|0.80000000000000004|15|25|20|0|1
pocket_scan_01724,side,-0.80000000000000004,-1.1539999999999999,15,25,-20,0,-1,8.5999999999999996,7,1.2,4,6,2.8574999999999999,True,False,jaw_or_rail_rejection,side|0.80000000000000004|15|25|-20|0|1
pocket_scan_01725,side,-0.80000000000000004,-1.1539999999999999,15,25,-20,0,1,8.5999999999999996,7,1.2,4,6,2.8574999999999999,True,False,jaw_or_rail_rejection,side|0.80000000000000004|15|25|-20|0|1
pocket_scan_01726,side,-0.80000000000000004,-1.1539999999999999,15,25,0,20,-1,8.5999999999999996,7,1.2,4,6,2.8574999999999999,True,False,jaw_or_rail_rejection,side|0.80000000000000004|15|25|0|20|1
pocket_scan_01727,side,-0.80000000000000004,-1.1539999999999999,15,25,0,20,1,8.5999999999999996,7,1.2,4,6,2.8574999999999999,True,False,jaw_or_rail_rejection,side|0.80000000000000004|15|25|0|20|1
pocket_scan_01728,side,-0.80000000000000004,-1.1539999999999999,15,25,0,-20,-1,8.5999999999999996,7,1.2,4,6,2.8574999999999999,True,False,jaw_or_rail_rejection,side|0.80000000000000004|15|25|0|20|1
pocket_scan_01729,side,-0.80000000000000004,-1.1539999999999999,15,25,0,-20,1,8.5999999999999996,7,1.2,4,6,2.8574999999999999,True,False,jaw_or_rail_rejection,side|0.80000000000000004|15|25|0|20|1
pocket_scan_01730,side,-0.80000000000000004,-1.1539999999999999,15,100,0,0,-1,8.5999999999999996,7,1.2,4,6,2.8574999999999999,True,False,jaw_or_rail_rejection,side|0.80000000000000004|15|100|0|0|1
pocket_scan_01731,side,-0.80000000000000004,-1.1539999999999999,15,100,0,0,1,8.5999999999999996,7,1.2,4,6,2.8574999999999999,True,False,jaw_or_rail_rejection,side|0.80000000000000004|15|100|0|0|1
pocket_scan_01732,side,-0.80000000000000004,-1.1539999999999999,15,100,20,0,-1,8.5999999999999996,7,1.2,4,6,2.8574999999999999,True,False,jaw_or_rail_rejection,side|0.80000000000000004|15|100|20|0|1
pocket_scan_01733,side,-0.80000000000000004,-1.1539999999999999,15,100,20,0,1,8.5999999999999996,7,1.2,4,6,2.8574999999999999,True,False,jaw_or_rail_rejection,side|0.80000000000000004|15|100|20|0|1
pocket_scan_01734,side,-0.80000000000000004,-1.1539999999999999,15,100,-20,0,-1,8.5999999999999996,7,1.2,4,6,2.8574999999999999,True,False,jaw_or_rail_rejection,side|0.80000000000000004|15|100|-20|0|1
pocket_scan_01735,side,-0.80000000000000004,-1.1539999999999999,15,100,-20,0,1,8.5999999999999996,7,1.2,4,6,2.8574999999999999,True,False,jaw_or_rail_rejection,side|0.80000000000000004|15|100|-20|0|1
pocket_scan_01736,side,-0.80000000000000004,-1.1539999999999999,15,100,0,20,-1,8.5999999999999996,7,1.2,4,6,2.8574999999999999,True,False,jaw_or_rail_rejection,side|0.80000000000000004|15|100|0|20|1
pocket_scan_01737,side,-0.80000000000000004,-1.1539999999999999,15,100,0,20,1,8.5999999999999996,7,1.2,4,6,2.8574999999999999,True,False,jaw_or_rail_rejection,side|0.80000000000000004|15|100|0|20|1
pocket_scan_01738,side,-0.80000000000000004,-1.1539999999999999,15,100,0,-20,-1,8.5999999999999996,7,1.2,4,6,2.8574999999999999,True,False,jaw_or_rail_rejection,side|0.80000000000000004|15|100|0|20|1
pocket_scan_01739,side,-0.80000000000000004,-1.1539999999999999,15,100,0,-20,1,8.5999999999999996,7,1.2,4,6,2.8574999999999999,True,False,jaw_or_rail_rejection,side|0.80000000000000004|15|100|0|20|1
pocket_scan_01740,side,-0.80000000000000004,-1.1539999999999999,15,250,0,0,-1,8.5999999999999996,7,1.2,4,6,2.8574999999999999,True,False,jaw_or_rail_rejection,side|0.80000000000000004|15|250|0|0|1
pocket_scan_01741,side,-0.80000000000000004,-1.1539999999999999,15,250,0,0,1,8.5999999999999996,7,1.2,4,6,2.8574999999999999,True,False,jaw_or_rail_rejection,side|0.80000000000000004|15|250|0|0|1
pocket_scan_01742,side,-0.80000000000000004,-1.1539999999999999,15,250,20,0,-1,8.5999999999999996,7,1.2,4,6,2.8574999999999999,True,False,jaw_or_rail_rejection,side|0.80000000000000004|15|250|20|0|1
pocket_scan_01743,side,-0.80000000000000004,-1.1539999999999999,15,250,20,0,1,8.5999999999999996,7,1.2,4,6,2.8574999999999999,True,False,jaw_or_rail_rejection,side|0.80000000000000004|15|250|20|0|1
pocket_scan_01744,side,-0.80000000000000004,-1.1539999999999999,15,250,-20,0,-1,8.5999999999999996,7,1.2,4,6,2.8574999999999999,True,False,jaw_or_rail_rejection,side|0.80000000000000004|15|250|-20|0|1
pocket_scan_01745,side,-0.80000000000000004,-1.1539999999999999,15,250,-20,0,1,8.5999999999999996,7,1.2,4,6,2.8574999999999999,True,False,jaw_or_rail_rejection,side|0.80000000000000004|15|250|-20|0|1
pocket_scan_01746,side,-0.80000000000000004,-1.1539999999999999,15,250,0,20,-1,8.5999999999999996,7,1.2,4,6,2.8574999999999999,True,False,jaw_or_rail_rejection,side|0.80000000000000004|15|250|0|20|1
pocket_scan_01747,side,-0.80000000000000004,-1.1539999999999999,15,250,0,20,1,8.5999999999999996,7,1.2,4,6,2.8574999999999999,True,False,jaw_or_rail_rejection,side|0.80000000000000004|15|250|0|20|1
pocket_scan_01748,side,-0.80000000000000004,-1.1539999999999999,15,250,0,-20,-1,8.5999999999999996,7,1.2,4,6,2.8574999999999999,True,False,jaw_or_rail_rejection,side|0.80000000000000004|15|250|0|20|1
pocket_scan_01749,side,-0.80000000000000004,-1.1539999999999999,15,250,0,-20,1,8.5999999999999996,7,1.2,4,6,2.8574999999999999,True,False,jaw_or_rail_rejection,side|0.80000000000000004|15|250|0|20|1
pocket_scan_01750,side,-0.80000000000000004,-1.1539999999999999,15,500,0,0,-1,8.5999999999999996,7,1.2,4,6,2.8574999999999999,True,False,jaw_or_rail_rejection,side|0.80000000000000004|15|500|0|0|1
pocket_scan_01751,side,-0.80000000000000004,-1.1539999999999999,15,500,0,0,1,8.5999999999999996,7,1.2,4,6,2.8574999999999999,True,False,jaw_or_rail_rejection,side|0.80000000000000004|15|500|0|0|1
pocket_scan_01752,side,-0.80000000000000004,-1.1539999999999999,15,500,20,0,-1,8.5999999999999996,7,1.2,4,6,2.8574999999999999,True,False,jaw_or_rail_rejection,side|0.80000000000000004|15|500|20|0|1
pocket_scan_01753,side,-0.80000000000000004,-1.1539999999999999,15,500,20,0,1,8.5999999999999996,7,1.2,4,6,2.8574999999999999,True,False,jaw_or_rail_rejection,side|0.80000000000000004|15|500|20|0|1
pocket_scan_01754,side,-0.80000000000000004,-1.1539999999999999,15,500,-20,0,-1,8.5999999999999996,7,1.2,4,6,2.8574999999999999,True,False,jaw_or_rail_rejection,side|0.80000000000000004|15|500|-20|0|1
pocket_scan_01755,side,-0.80000000000000004,-1.1539999999999999,15,500,-20,0,1,8.5999999999999996,7,1.2,4,6,2.8574999999999999,True,False,jaw_or_rail_rejection,side|0.80000000000000004|15|500|-20|0|1
pocket_scan_01756,side,-0.80000000000000004,-1.1539999999999999,15,500,0,20,-1,8.5999999999999996,7,1.2,4,6,2.8574999999999999,True,False,jaw_or_rail_rejection,side|0.80000000000000004|15|500|0|20|1
pocket_scan_01757,side,-0.80000000000000004,-1.1539999999999999,15,500,0,20,1,8.5999999999999996,7,1.2,4,6,2.8574999999999999,True,False,jaw_or_rail_rejection,side|0.80000000000000004|15|500|0|20|1
pocket_scan_01758,side,-0.80000000000000004,-1.1539999999999999,15,500,0,-20,-1,8.5999999999999996,7,1.2,4,6,2.8574999999999999,True,False,jaw_or_rail_rejection,side|0.80000000000000004|15|500|0|20|1
pocket_scan_01759,side,-0.80000000000000004,-1.1539999999999999,15,500,0,-20,1,8.5999999999999996,7,1.2,4,6,2.8574999999999999,True,False,jaw_or_rail_rejection,side|0.80000000000000004|15|500|0|20|1
pocket_scan_01760,side,-0.80000000000000004,-1.1539999999999999,30,25,0,0,-1,8.5999999999999996,7,1.2,4,6,2.8574999999999999,True,False,jaw_or_rail_rejection,side|0.80000000000000004|30|25|0|0|1
pocket_scan_01761,side,-0.80000000000000004,-1.1539999999999999,30,25,0,0,1,8.5999999999999996,7,1.2,4,6,2.8574999999999999,True,False,jaw_or_rail_rejection,side|0.80000000000000004|30|25|0|0|1
pocket_scan_01762,side,-0.80000000000000004,-1.1539999999999999,30,25,20,0,-1,8.5999999999999996,7,1.2,4,6,2.8574999999999999,True,False,jaw_or_rail_rejection,side|0.80000000000000004|30|25|20|0|1
pocket_scan_01763,side,-0.80000000000000004,-1.1539999999999999,30,25,20,0,1,8.5999999999999996,7,1.2,4,6,2.8574999999999999,True,False,jaw_or_rail_rejection,side|0.80000000000000004|30|25|20|0|1
pocket_scan_01764,side,-0.80000000000000004,-1.1539999999999999,30,25,-20,0,-1,8.5999999999999996,7,1.2,4,6,2.8574999999999999,True,False,jaw_or_rail_rejection,side|0.80000000000000004|30|25|-20|0|1
pocket_scan_01765,side,-0.80000000000000004,-1.1539999999999999,30,25,-20,0,1,8.5999999999999996,7,1.2,4,6,2.8574999999999999,True,False,jaw_or_rail_rejection,side|0.80000000000000004|30|25|-20|0|1
pocket_scan_01766,side,-0.80000000000000004,-1.1539999999999999,30,25,0,20,-1,8.5999999999999996,7,1.2,4,6,2.8574999999999999,True,False,jaw_or_rail_rejection,side|0.80000000000000004|30|25|0|20|1
pocket_scan_01767,side,-0.80000000000000004,-1.1539999999999999,30,25,0,20,1,8.5999999999999996,7,1.2,4,6,2.8574999999999999,True,False,jaw_or_rail_rejection,side|0.80000000000000004|30|25|0|20|1
pocket_scan_01768,side,-0.80000000000000004,-1.1539999999999999,30,25,0,-20,-1,8.5999999999999996,7,1.2,4,6,2.8574999999999999,True,False,jaw_or_rail_rejection,side|0.80000000000000004|30|25|0|20|1
pocket_scan_01769,side,-0.80000000000000004,-1.1539999999999999,30,25,0,-20,1,8.5999999999999996,7,1.2,4,6,2.8574999999999999,True,False,jaw_or_rail_rejection,side|0.80000000000000004|30|25|0|20|1
pocket_scan_01770,side,-0.80000000000000004,-1.1539999999999999,30,100,0,0,-1,8.5999999999999996,7,1.2,4,6,2.8574999999999999,True,False,jaw_or_rail_rejection,side|0.80000000000000004|30|100|0|0|1
pocket_scan_01771,side,-0.80000000000000004,-1.1539999999999999,30,100,0,0,1,8.5999999999999996,7,1.2,4,6,2.8574999999999999,True,False,jaw_or_rail_rejection,side|0.80000000000000004|30|100|0|0|1
pocket_scan_01772,side,-0.80000000000000004,-1.1539999999999999,30,100,20,0,-1,8.5999999999999996,7,1.2,4,6,2.8574999999999999,True,False,jaw_or_rail_rejection,side|0.80000000000000004|30|100|20|0|1
pocket_scan_01773,side,-0.80000000000000004,-1.1539999999999999,30,100,20,0,1,8.5999999999999996,7,1.2,4,6,2.8574999999999999,True,False,jaw_or_rail_rejection,side|0.80000000000000004|30|100|20|0|1
pocket_scan_01774,side,-0.80000000000000004,-1.1539999999999999,30,100,-20,0,-1,8.5999999999999996,7,1.2,4,6,2.8574999999999999,True,False,jaw_or_rail_rejection,side|0.80000000000000004|30|100|-20|0|1
pocket_scan_01775,side,-0.80000000000000004,-1.1539999999999999,30,100,-20,0,1,8.5999999999999996,7,1.2,4,6,2.8574999999999999,True,False,jaw_or_rail_rejection,side|0.80000000000000004|30|100|-20|0|1
pocket_scan_01776,side,-0.80000000000000004,-1.1539999999999999,30,100,0,20,-1,8.5999999999999996,7,1.2,4,6,2.8574999999999999,True,False,jaw_or_rail_rejection,side|0.80000000000000004|30|100|0|20|1
pocket_scan_01777,side,-0.80000000000000004,-1.1539999999999999,30,100,0,20,1,8.5999999999999996,7,1.2,4,6,2.8574999999999999,True,False,jaw_or_rail_rejection,side|0.80000000000000004|30|100|0|20|1
pocket_scan_01778,side,-0.80000000000000004,-1.1539999999999999,30,100,0,-20,-1,8.5999999999999996,7,1.2,4,6,2.8574999999999999,True,False,jaw_or_rail_rejection,side|0.80000000000000004|30|100|0|20|1
pocket_scan_01779,side,-0.80000000000000004,-1.1539999999999999,30,100,0,-20,1,8.5999999999999996,7,1.2,4,6,2.8574999999999999,True,False,jaw_or_rail_rejection,side|0.80000000000000004|30|100|0|20|1
pocket_scan_01780,side,-0.80000000000000004,-1.1539999999999999,30,250,0,0,-1,8.5999999999999996,7,1.2,4,6,2.8574999999999999,True,False,jaw_or_rail_rejection,side|0.80000000000000004|30|250|0|0|1
pocket_scan_01781,side,-0.80000000000000004,-1.1539999999999999,30,250,0,0,1,8.5999999999999996,7,1.2,4,6,2.8574999999999999,True,False,jaw_or_rail_rejection,side|0.80000000000000004|30|250|0|0|1
pocket_scan_01782,side,-0.80000000000000004,-1.1539999999999999,30,250,20,0,-1,8.5999999999999996,7,1.2,4,6,2.8574999999999999,True,False,jaw_or_rail_rejection,side|0.80000000000000004|30|250|20|0|1
pocket_scan_01783,side,-0.80000000000000004,-1.1539999999999999,30,250,20,0,1,8.5999999999999996,7,1.2,4,6,2.8574999999999999,True,False,jaw_or_rail_rejection,side|0.80000000000000004|30|250|20|0|1
pocket_scan_01784,side,-0.80000000000000004,-1.1539999999999999,30,250,-20,0,-1,8.5999999999999996,7,1.2,4,6,2.8574999999999999,True,False,jaw_or_rail_rejection,side|0.80000000000000004|30|250|-20|0|1
pocket_scan_01785,side,-0.80000000000000004,-1.1539999999999999,30,250,-20,0,1,8.5999999999999996,7,1.2,4,6,2.8574999999999999,True,False,jaw_or_rail_rejection,side|0.80000000000000004|30|250|-20|0|1
pocket_scan_01786,side,-0.80000000000000004,-1.1539999999999999,30,250,0,20,-1,8.5999999999999996,7,1.2,4,6,2.8574999999999999,True,False,jaw_or_rail_rejection,side|0.80000000000000004|30|250|0|20|1
pocket_scan_01787,side,-0.80000000000000004,-1.1539999999999999,30,250,0,20,1,8.5999999999999996,7,1.2,4,6,2.8574999999999999,True,False,jaw_or_rail_rejection,side|0.80000000000000004|30|250|0|20|1
pocket_scan_01788,side,-0.80000000000000004,-1.1539999999999999,30,250,0,-20,-1,8.5999999999999996,7,1.2,4,6,2.8574999999999999,True,False,jaw_or_rail_rejection,side|0.80000000000000004|30|250|0|20|1
pocket_scan_01789,side,-0.80000000000000004,-1.1539999999999999,30,250,0,-20,1,8.5999999999999996,7,1.2,4,6,2.8574999999999999,True,False,jaw_or_rail_rejection,side|0.80000000000000004|30|250|0|20|1
pocket_scan_01790,side,-0.80000000000000004,-1.1539999999999999,30,500,0,0,-1,8.5999999999999996,7,1.2,4,6,2.8574999999999999,True,False,jaw_or_rail_rejection,side|0.80000000000000004|30|500|0|0|1
pocket_scan_01791,side,-0.80000000000000004,-1.1539999999999999,30,500,0,0,1,8.5999999999999996,7,1.2,4,6,2.8574999999999999,True,False,jaw_or_rail_rejection,side|0.80000000000000004|30|500|0|0|1
pocket_scan_01792,side,-0.80000000000000004,-1.1539999999999999,30,500,20,0,-1,8.5999999999999996,7,1.2,4,6,2.8574999999999999,True,False,jaw_or_rail_rejection,side|0.80000000000000004|30|500|20|0|1
pocket_scan_01793,side,-0.80000000000000004,-1.1539999999999999,30,500,20,0,1,8.5999999999999996,7,1.2,4,6,2.8574999999999999,True,False,jaw_or_rail_rejection,side|0.80000000000000004|30|500|20|0|1
pocket_scan_01794,side,-0.80000000000000004,-1.1539999999999999,30,500,-20,0,-1,8.5999999999999996,7,1.2,4,6,2.8574999999999999,True,False,jaw_or_rail_rejection,side|0.80000000000000004|30|500|-20|0|1
pocket_scan_01795,side,-0.80000000000000004,-1.1539999999999999,30,500,-20,0,1,8.5999999999999996,7,1.2,4,6,2.8574999999999999,True,False,jaw_or_rail_rejection,side|0.80000000000000004|30|500|-20|0|1
pocket_scan_01796,side,-0.80000000000000004,-1.1539999999999999,30,500,0,20,-1,8.5999999999999996,7,1.2,4,6,2.8574999999999999,True,False,jaw_or_rail_rejection,side|0.80000000000000004|30|500|0|20|1
pocket_scan_01797,side,-0.80000000000000004,-1.1539999999999999,30,500,0,20,1,8.5999999999999996,7,1.2,4,6,2.8574999999999999,True,False,jaw_or_rail_rejection,side|0.80000000000000004|30|500|0|20|1
pocket_scan_01798,side,-0.80000000000000004,-1.1539999999999999,30,500,0,-20,-1,8.5999999999999996,7,1.2,4,6,2.8574999999999999,True,False,jaw_or_rail_rejection,side|0.80000000000000004|30|500|0|20|1
pocket_scan_01799,side,-0.80000000000000004,-1.1539999999999999,30,500,0,-20,1,8.5999999999999996,7,1.2,4,6,2.8574999999999999,True,False,jaw_or_rail_rejection,side|0.80000000000000004|30|500|0|20|1
pocket_scan_01800,side,-0.40000000000000002,-0.57699999999999996,-30,25,0,0,-1,8.5999999999999996,7,1.2,4,6,2.8574999999999999,True,True,capture,side|0.40000000000000002|30|25|0|0|1
pocket_scan_01801,side,-0.40000000000000002,-0.57699999999999996,-30,25,0,0,1,8.5999999999999996,7,1.2,4,6,2.8574999999999999,True,True,capture,side|0.40000000000000002|30|25|0|0|1
pocket_scan_01802,side,-0.40000000000000002,-0.57699999999999996,-30,25,20,0,-1,8.5999999999999996,7,1.2,4,6,2.8574999999999999,True,True,capture,side|0.40000000000000002|30|25|20|0|1
pocket_scan_01803,side,-0.40000000000000002,-0.57699999999999996,-30,25,20,0,1,8.5999999999999996,7,1.2,4,6,2.8574999999999999,True,True,capture,side|0.40000000000000002|30|25|20|0|1
pocket_scan_01804,side,-0.40000000000000002,-0.57699999999999996,-30,25,-20,0,-1,8.5999999999999996,7,1.2,4,6,2.8574999999999999,True,True,capture,side|0.40000000000000002|30|25|-20|0|1
pocket_scan_01805,side,-0.40000000000000002,-0.57699999999999996,-30,25,-20,0,1,8.5999999999999996,7,1.2,4,6,2.8574999999999999,True,True,capture,side|0.40000000000000002|30|25|-20|0|1
pocket_scan_01806,side,-0.40000000000000002,-0.57699999999999996,-30,25,0,20,-1,8.5999999999999996,7,1.2,4,6,2.8574999999999999,True,True,capture,side|0.40000000000000002|30|25|0|20|1
pocket_scan_01807,side,-0.40000000000000002,-0.57699999999999996,-30,25,0,20,1,8.5999999999999996,7,1.2,4,6,2.8574999999999999,True,True,capture,side|0.40000000000000002|30|25|0|20|1
pocket_scan_01808,side,-0.40000000000000002,-0.57699999999999996,-30,25,0,-20,-1,8.5999999999999996,7,1.2,4,6,2.8574999999999999,True,True,capture,side|0.40000000000000002|30|25|0|20|1
pocket_scan_01809,side,-0.40000000000000002,-0.57699999999999996,-30,25,0,-20,1,8.5999999999999996,7,1.2,4,6,2.8574999999999999,True,True,capture,side|0.40000000000000002|30|25|0|20|1
pocket_scan_01810,side,-0.40000000000000002,-0.57699999999999996,-30,100,0,0,-1,8.5999999999999996,7,1.2,4,6,2.8574999999999999,True,True,capture,side|0.40000000000000002|30|100|0|0|1
pocket_scan_01811,side,-0.40000000000000002,-0.57699999999999996,-30,100,0,0,1,8.5999999999999996,7,1.2,4,6,2.8574999999999999,True,True,capture,side|0.40000000000000002|30|100|0|0|1
pocket_scan_01812,side,-0.40000000000000002,-0.57699999999999996,-30,100,20,0,-1,8.5999999999999996,7,1.2,4,6,2.8574999999999999,True,True,capture,side|0.40000000000000002|30|100|20|0|1
pocket_scan_01813,side,-0.40000000000000002,-0.57699999999999996,-30,100,20,0,1,8.5999999999999996,7,1.2,4,6,2.8574999999999999,True,True,capture,side|0.40000000000000002|30|100|20|0|1
pocket_scan_01814,side,-0.40000000000000002,-0.57699999999999996,-30,100,-20,0,-1,8.5999999999999996,7,1.2,4,6,2.8574999999999999,True,True,capture,side|0.40000000000000002|30|100|-20|0|1
pocket_scan_01815,side,-0.40000000000000002,-0.57699999999999996,-30,100,-20,0,1,8.5999999999999996,7,1.2,4,6,2.8574999999999999,True,True,capture,side|0.40000000000000002|30|100|-20|0|1
pocket_scan_01816,side,-0.40000000000000002,-0.57699999999999996,-30,100,0,20,-1,8.5999999999999996,7,1.2,4,6,2.8574999999999999,True,True,capture,side|0.40000000000000002|30|100|0|20|1
pocket_scan_01817,side,-0.40000000000000002,-0.57699999999999996,-30,100,0,20,1,8.5999999999999996,7,1.2,4,6,2.8574999999999999,True,True,capture,side|0.40000000000000002|30|100|0|20|1
pocket_scan_01818,side,-0.40000000000000002,-0.57699999999999996,-30,100,0,-20,-1,8.5999999999999996,7,1.2,4,6,2.8574999999999999,True,True,capture,side|0.40000000000000002|30|100|0|20|1
pocket_scan_01819,side,-0.40000000000000002,-0.57699999999999996,-30,100,0,-20,1,8.5999999999999996,7,1.2,4,6,2.8574999999999999,True,True,capture,side|0.40000000000000002|30|100|0|20|1
pocket_scan_01820,side,-0.40000000000000002,-0.57699999999999996,-30,250,0,0,-1,8.5999999999999996,7,1.2,4,6,2.8574999999999999,True,True,capture,side|0.40000000000000002|30|250|0|0|1
pocket_scan_01821,side,-0.40000000000000002,-0.57699999999999996,-30,250,0,0,1,8.5999999999999996,7,1.2,4,6,2.8574999999999999,True,True,capture,side|0.40000000000000002|30|250|0|0|1
pocket_scan_01822,side,-0.40000000000000002,-0.57699999999999996,-30,250,20,0,-1,8.5999999999999996,7,1.2,4,6,2.8574999999999999,True,True,capture,side|0.40000000000000002|30|250|20|0|1
pocket_scan_01823,side,-0.40000000000000002,-0.57699999999999996,-30,250,20,0,1,8.5999999999999996,7,1.2,4,6,2.8574999999999999,True,True,capture,side|0.40000000000000002|30|250|20|0|1
pocket_scan_01824,side,-0.40000000000000002,-0.57699999999999996,-30,250,-20,0,-1,8.5999999999999996,7,1.2,4,6,2.8574999999999999,True,True,capture,side|0.40000000000000002|30|250|-20|0|1
pocket_scan_01825,side,-0.40000000000000002,-0.57699999999999996,-30,250,-20,0,1,8.5999999999999996,7,1.2,4,6,2.8574999999999999,True,True,capture,side|0.40000000000000002|30|250|-20|0|1
pocket_scan_01826,side,-0.40000000000000002,-0.57699999999999996,-30,250,0,20,-1,8.5999999999999996,7,1.2,4,6,2.8574999999999999,True,True,capture,side|0.40000000000000002|30|250|0|20|1
pocket_scan_01827,side,-0.40000000000000002,-0.57699999999999996,-30,250,0,20,1,8.5999999999999996,7,1.2,4,6,2.8574999999999999,True,True,capture,side|0.40000000000000002|30|250|0|20|1
pocket_scan_01828,side,-0.40000000000000002,-0.57699999999999996,-30,250,0,-20,-1,8.5999999999999996,7,1.2,4,6,2.8574999999999999,True,True,capture,side|0.40000000000000002|30|250|0|20|1
pocket_scan_01829,side,-0.40000000000000002,-0.57699999999999996,-30,250,0,-20,1,8.5999999999999996,7,1.2,4,6,2.8574999999999999,True,True,capture,side|0.40000000000000002|30|250|0|20|1
pocket_scan_01830,side,-0.40000000000000002,-0.57699999999999996,-30,500,0,0,-1,8.5999999999999996,7,1.2,4,6,2.8574999999999999,True,True,capture,side|0.40000000000000002|30|500|0|0|1
pocket_scan_01831,side,-0.40000000000000002,-0.57699999999999996,-30,500,0,0,1,8.5999999999999996,7,1.2,4,6,2.8574999999999999,True,True,capture,side|0.40000000000000002|30|500|0|0|1
pocket_scan_01832,side,-0.40000000000000002,-0.57699999999999996,-30,500,20,0,-1,8.5999999999999996,7,1.2,4,6,2.8574999999999999,True,True,capture,side|0.40000000000000002|30|500|20|0|1
pocket_scan_01833,side,-0.40000000000000002,-0.57699999999999996,-30,500,20,0,1,8.5999999999999996,7,1.2,4,6,2.8574999999999999,True,True,capture,side|0.40000000000000002|30|500|20|0|1
pocket_scan_01834,side,-0.40000000000000002,-0.57699999999999996,-30,500,-20,0,-1,8.5999999999999996,7,1.2,4,6,2.8574999999999999,True,True,capture,side|0.40000000000000002|30|500|-20|0|1
pocket_scan_01835,side,-0.40000000000000002,-0.57699999999999996,-30,500,-20,0,1,8.5999999999999996,7,1.2,4,6,2.8574999999999999,True,True,capture,side|0.40000000000000002|30|500|-20|0|1
pocket_scan_01836,side,-0.40000000000000002,-0.57699999999999996,-30,500,0,20,-1,8.5999999999999996,7,1.2,4,6,2.8574999999999999,True,True,capture,side|0.40000000000000002|30|500|0|20|1
pocket_scan_01837,side,-0.40000000000000002,-0.57699999999999996,-30,500,0,20,1,8.5999999999999996,7,1.2,4,6,2.8574999999999999,True,True,capture,side|0.40000000000000002|30|500|0|20|1
pocket_scan_01838,side,-0.40000000000000002,-0.57699999999999996,-30,500,0,-20,-1,8.5999999999999996,7,1.2,4,6,2.8574999999999999,True,True,capture,side|0.40000000000000002|30|500|0|20|1
pocket_scan_01839,side,-0.40000000000000002,-0.57699999999999996,-30,500,0,-20,1,8.5999999999999996,7,1.2,4,6,2.8574999999999999,True,True,capture,side|0.40000000000000002|30|500|0|20|1
pocket_scan_01840,side,-0.40000000000000002,-0.57699999999999996,-15,25,0,0,-1,8.5999999999999996,7,1.2,4,6,2.8574999999999999,True,True,capture,side|0.40000000000000002|15|25|0|0|1
pocket_scan_01841,side,-0.40000000000000002,-0.57699999999999996,-15,25,0,0,1,8.5999999999999996,7,1.2,4,6,2.8574999999999999,True,True,capture,side|0.40000000000000002|15|25|0|0|1
pocket_scan_01842,side,-0.40000000000000002,-0.57699999999999996,-15,25,20,0,-1,8.5999999999999996,7,1.2,4,6,2.8574999999999999,True,True,capture,side|0.40000000000000002|15|25|20|0|1
pocket_scan_01843,side,-0.40000000000000002,-0.57699999999999996,-15,25,20,0,1,8.5999999999999996,7,1.2,4,6,2.8574999999999999,True,True,capture,side|0.40000000000000002|15|25|20|0|1
pocket_scan_01844,side,-0.40000000000000002,-0.57699999999999996,-15,25,-20,0,-1,8.5999999999999996,7,1.2,4,6,2.8574999999999999,True,True,capture,side|0.40000000000000002|15|25|-20|0|1
pocket_scan_01845,side,-0.40000000000000002,-0.57699999999999996,-15,25,-20,0,1,8.5999999999999996,7,1.2,4,6,2.8574999999999999,True,True,capture,side|0.40000000000000002|15|25|-20|0|1
pocket_scan_01846,side,-0.40000000000000002,-0.57699999999999996,-15,25,0,20,-1,8.5999999999999996,7,1.2,4,6,2.8574999999999999,True,True,capture,side|0.40000000000000002|15|25|0|20|1
pocket_scan_01847,side,-0.40000000000000002,-0.57699999999999996,-15,25,0,20,1,8.5999999999999996,7,1.2,4,6,2.8574999999999999,True,True,capture,side|0.40000000000000002|15|25|0|20|1
pocket_scan_01848,side,-0.40000000000000002,-0.57699999999999996,-15,25,0,-20,-1,8.5999999999999996,7,1.2,4,6,2.8574999999999999,True,True,capture,side|0.40000000000000002|15|25|0|20|1
pocket_scan_01849,side,-0.40000000000000002,-0.57699999999999996,-15,25,0,-20,1,8.5999999999999996,7,1.2,4,6,2.8574999999999999,True,True,capture,side|0.40000000000000002|15|25|0|20|1
pocket_scan_01850,side,-0.40000000000000002,-0.57699999999999996,-15,100,0,0,-1,8.5999999999999996,7,1.2,4,6,2.8574999999999999,True,True,capture,side|0.40000000000000002|15|100|0|0|1
pocket_scan_01851,side,-0.40000000000000002,-0.57699999999999996,-15,100,0,0,1,8.5999999999999996,7,1.2,4,6,2.8574999999999999,True,True,capture,side|0.40000000000000002|15|100|0|0|1
pocket_scan_01852,side,-0.40000000000000002,-0.57699999999999996,-15,100,20,0,-1,8.5999999999999996,7,1.2,4,6,2.8574999999999999,True,True,capture,side|0.40000000000000002|15|100|20|0|1
pocket_scan_01853,side,-0.40000000000000002,-0.57699999999999996,-15,100,20,0,1,8.5999999999999996,7,1.2,4,6,2.8574999999999999,True,True,capture,side|0.40000000000000002|15|100|20|0|1
pocket_scan_01854,side,-0.40000000000000002,-0.57699999999999996,-15,100,-20,0,-1,8.5999999999999996,7,1.2,4,6,2.8574999999999999,True,True,capture,side|0.40000000000000002|15|100|-20|0|1
pocket_scan_01855,side,-0.40000000000000002,-0.57699999999999996,-15,100,-20,0,1,8.5999999999999996,7,1.2,4,6,2.8574999999999999,True,True,capture,side|0.40000000000000002|15|100|-20|0|1
pocket_scan_01856,side,-0.40000000000000002,-0.57699999999999996,-15,100,0,20,-1,8.5999999999999996,7,1.2,4,6,2.8574999999999999,True,True,capture,side|0.40000000000000002|15|100|0|20|1
pocket_scan_01857,side,-0.40000000000000002,-0.57699999999999996,-15,100,0,20,1,8.5999999999999996,7,1.2,4,6,2.8574999999999999,True,True,capture,side|0.40000000000000002|15|100|0|20|1
pocket_scan_01858,side,-0.40000000000000002,-0.57699999999999996,-15,100,0,-20,-1,8.5999999999999996,7,1.2,4,6,2.8574999999999999,True,True,capture,side|0.40000000000000002|15|100|0|20|1
pocket_scan_01859,side,-0.40000000000000002,-0.57699999999999996,-15,100,0,-20,1,8.5999999999999996,7,1.2,4,6,2.8574999999999999,True,True,capture,side|0.40000000000000002|15|100|0|20|1
pocket_scan_01860,side,-0.40000000000000002,-0.57699999999999996,-15,250,0,0,-1,8.5999999999999996,7,1.2,4,6,2.8574999999999999,True,True,capture,side|0.40000000000000002|15|250|0|0|1
pocket_scan_01861,side,-0.40000000000000002,-0.57699999999999996,-15,250,0,0,1,8.5999999999999996,7,1.2,4,6,2.8574999999999999,True,True,capture,side|0.40000000000000002|15|250|0|0|1
pocket_scan_01862,side,-0.40000000000000002,-0.57699999999999996,-15,250,20,0,-1,8.5999999999999996,7,1.2,4,6,2.8574999999999999,True,True,capture,side|0.40000000000000002|15|250|20|0|1
pocket_scan_01863,side,-0.40000000000000002,-0.57699999999999996,-15,250,20,0,1,8.5999999999999996,7,1.2,4,6,2.8574999999999999,True,True,capture,side|0.40000000000000002|15|250|20|0|1
pocket_scan_01864,side,-0.40000000000000002,-0.57699999999999996,-15,250,-20,0,-1,8.5999999999999996,7,1.2,4,6,2.8574999999999999,True,True,capture,side|0.40000000000000002|15|250|-20|0|1
pocket_scan_01865,side,-0.40000000000000002,-0.57699999999999996,-15,250,-20,0,1,8.5999999999999996,7,1.2,4,6,2.8574999999999999,True,True,capture,side|0.40000000000000002|15|250|-20|0|1
pocket_scan_01866,side,-0.40000000000000002,-0.57699999999999996,-15,250,0,20,-1,8.5999999999999996,7,1.2,4,6,2.8574999999999999,True,True,capture,side|0.40000000000000002|15|250|0|20|1
pocket_scan_01867,side,-0.40000000000000002,-0.57699999999999996,-15,250,0,20,1,8.5999999999999996,7,1.2,4,6,2.8574999999999999,True,True,capture,side|0.40000000000000002|15|250|0|20|1
pocket_scan_01868,side,-0.40000000000000002,-0.57699999999999996,-15,250,0,-20,-1,8.5999999999999996,7,1.2,4,6,2.8574999999999999,True,True,capture,side|0.40000000000000002|15|250|0|20|1
pocket_scan_01869,side,-0.40000000000000002,-0.57699999999999996,-15,250,0,-20,1,8.5999999999999996,7,1.2,4,6,2.8574999999999999,True,True,capture,side|0.40000000000000002|15|250|0|20|1
pocket_scan_01870,side,-0.40000000000000002,-0.57699999999999996,-15,500,0,0,-1,8.5999999999999996,7,1.2,4,6,2.8574999999999999,True,True,capture,side|0.40000000000000002|15|500|0|0|1
pocket_scan_01871,side,-0.40000000000000002,-0.57699999999999996,-15,500,0,0,1,8.5999999999999996,7,1.2,4,6,2.8574999999999999,True,True,capture,side|0.40000000000000002|15|500|0|0|1
pocket_scan_01872,side,-0.40000000000000002,-0.57699999999999996,-15,500,20,0,-1,8.5999999999999996,7,1.2,4,6,2.8574999999999999,True,True,capture,side|0.40000000000000002|15|500|20|0|1
pocket_scan_01873,side,-0.40000000000000002,-0.57699999999999996,-15,500,20,0,1,8.5999999999999996,7,1.2,4,6,2.8574999999999999,True,True,capture,side|0.40000000000000002|15|500|20|0|1
pocket_scan_01874,side,-0.40000000000000002,-0.57699999999999996,-15,500,-20,0,-1,8.5999999999999996,7,1.2,4,6,2.8574999999999999,True,True,capture,side|0.40000000000000002|15|500|-20|0|1
pocket_scan_01875,side,-0.40000000000000002,-0.57699999999999996,-15,500,-20,0,1,8.5999999999999996,7,1.2,4,6,2.8574999999999999,True,True,capture,side|0.40000000000000002|15|500|-20|0|1
pocket_scan_01876,side,-0.40000000000000002,-0.57699999999999996,-15,500,0,20,-1,8.5999999999999996,7,1.2,4,6,2.8574999999999999,True,True,capture,side|0.40000000000000002|15|500|0|20|1
pocket_scan_01877,side,-0.40000000000000002,-0.57699999999999996,-15,500,0,20,1,8.5999999999999996,7,1.2,4,6,2.8574999999999999,True,True,capture,side|0.40000000000000002|15|500|0|20|1
pocket_scan_01878,side,-0.40000000000000002,-0.57699999999999996,-15,500,0,-20,-1,8.5999999999999996,7,1.2,4,6,2.8574999999999999,True,True,capture,side|0.40000000000000002|15|500|0|20|1
pocket_scan_01879,side,-0.40000000000000002,-0.57699999999999996,-15,500,0,-20,1,8.5999999999999996,7,1.2,4,6,2.8574999999999999,True,True,capture,side|0.40000000000000002|15|500|0|20|1
pocket_scan_01880,side,-0.40000000000000002,-0.57699999999999996,0,25,0,0,-1,8.5999999999999996,7,1.2,4,6,2.8574999999999999,True,True,capture,side|0.40000000000000002|0|25|0|0|1
pocket_scan_01881,side,-0.40000000000000002,-0.57699999999999996,0,25,0,0,1,8.5999999999999996,7,1.2,4,6,2.8574999999999999,True,True,capture,side|0.40000000000000002|0|25|0|0|1
pocket_scan_01882,side,-0.40000000000000002,-0.57699999999999996,0,25,20,0,-1,8.5999999999999996,7,1.2,4,6,2.8574999999999999,True,True,capture,side|0.40000000000000002|0|25|20|0|1
pocket_scan_01883,side,-0.40000000000000002,-0.57699999999999996,0,25,20,0,1,8.5999999999999996,7,1.2,4,6,2.8574999999999999,True,True,capture,side|0.40000000000000002|0|25|20|0|1
pocket_scan_01884,side,-0.40000000000000002,-0.57699999999999996,0,25,-20,0,-1,8.5999999999999996,7,1.2,4,6,2.8574999999999999,True,True,capture,side|0.40000000000000002|0|25|-20|0|1
pocket_scan_01885,side,-0.40000000000000002,-0.57699999999999996,0,25,-20,0,1,8.5999999999999996,7,1.2,4,6,2.8574999999999999,True,True,capture,side|0.40000000000000002|0|25|-20|0|1
pocket_scan_01886,side,-0.40000000000000002,-0.57699999999999996,0,25,0,20,-1,8.5999999999999996,7,1.2,4,6,2.8574999999999999,True,True,capture,side|0.40000000000000002|0|25|0|20|1
pocket_scan_01887,side,-0.40000000000000002,-0.57699999999999996,0,25,0,20,1,8.5999999999999996,7,1.2,4,6,2.8574999999999999,True,True,capture,side|0.40000000000000002|0|25|0|20|1
pocket_scan_01888,side,-0.40000000000000002,-0.57699999999999996,0,25,0,-20,-1,8.5999999999999996,7,1.2,4,6,2.8574999999999999,True,True,capture,side|0.40000000000000002|0|25|0|20|1
pocket_scan_01889,side,-0.40000000000000002,-0.57699999999999996,0,25,0,-20,1,8.5999999999999996,7,1.2,4,6,2.8574999999999999,True,True,capture,side|0.40000000000000002|0|25|0|20|1
pocket_scan_01890,side,-0.40000000000000002,-0.57699999999999996,0,100,0,0,-1,8.5999999999999996,7,1.2,4,6,2.8574999999999999,True,True,capture,side|0.40000000000000002|0|100|0|0|1
pocket_scan_01891,side,-0.40000000000000002,-0.57699999999999996,0,100,0,0,1,8.5999999999999996,7,1.2,4,6,2.8574999999999999,True,True,capture,side|0.40000000000000002|0|100|0|0|1
pocket_scan_01892,side,-0.40000000000000002,-0.57699999999999996,0,100,20,0,-1,8.5999999999999996,7,1.2,4,6,2.8574999999999999,True,True,capture,side|0.40000000000000002|0|100|20|0|1
pocket_scan_01893,side,-0.40000000000000002,-0.57699999999999996,0,100,20,0,1,8.5999999999999996,7,1.2,4,6,2.8574999999999999,True,True,capture,side|0.40000000000000002|0|100|20|0|1
pocket_scan_01894,side,-0.40000000000000002,-0.57699999999999996,0,100,-20,0,-1,8.5999999999999996,7,1.2,4,6,2.8574999999999999,True,True,capture,side|0.40000000000000002|0|100|-20|0|1
pocket_scan_01895,side,-0.40000000000000002,-0.57699999999999996,0,100,-20,0,1,8.5999999999999996,7,1.2,4,6,2.8574999999999999,True,True,capture,side|0.40000000000000002|0|100|-20|0|1
pocket_scan_01896,side,-0.40000000000000002,-0.57699999999999996,0,100,0,20,-1,8.5999999999999996,7,1.2,4,6,2.8574999999999999,True,True,capture,side|0.40000000000000002|0|100|0|20|1
pocket_scan_01897,side,-0.40000000000000002,-0.57699999999999996,0,100,0,20,1,8.5999999999999996,7,1.2,4,6,2.8574999999999999,True,True,capture,side|0.40000000000000002|0|100|0|20|1
pocket_scan_01898,side,-0.40000000000000002,-0.57699999999999996,0,100,0,-20,-1,8.5999999999999996,7,1.2,4,6,2.8574999999999999,True,True,capture,side|0.40000000000000002|0|100|0|20|1
pocket_scan_01899,side,-0.40000000000000002,-0.57699999999999996,0,100,0,-20,1,8.5999999999999996,7,1.2,4,6,2.8574999999999999,True,True,capture,side|0.40000000000000002|0|100|0|20|1
pocket_scan_01900,side,-0.40000000000000002,-0.57699999999999996,0,250,0,0,-1,8.5999999999999996,7,1.2,4,6,2.8574999999999999,True,True,capture,side|0.40000000000000002|0|250|0|0|1
pocket_scan_01901,side,-0.40000000000000002,-0.57699999999999996,0,250,0,0,1,8.5999999999999996,7,1.2,4,6,2.8574999999999999,True,True,capture,side|0.40000000000000002|0|250|0|0|1
pocket_scan_01902,side,-0.40000000000000002,-0.57699999999999996,0,250,20,0,-1,8.5999999999999996,7,1.2,4,6,2.8574999999999999,True,True,capture,side|0.40000000000000002|0|250|20|0|1
pocket_scan_01903,side,-0.40000000000000002,-0.57699999999999996,0,250,20,0,1,8.5999999999999996,7,1.2,4,6,2.8574999999999999,True,True,capture,side|0.40000000000000002|0|250|20|0|1
pocket_scan_01904,side,-0.40000000000000002,-0.57699999999999996,0,250,-20,0,-1,8.5999999999999996,7,1.2,4,6,2.8574999999999999,True,True,capture,side|0.40000000000000002|0|250|-20|0|1
pocket_scan_01905,side,-0.40000000000000002,-0.57699999999999996,0,250,-20,0,1,8.5999999999999996,7,1.2,4,6,2.8574999999999999,True,True,capture,side|0.40000000000000002|0|250|-20|0|1
pocket_scan_01906,side,-0.40000000000000002,-0.57699999999999996,0,250,0,20,-1,8.5999999999999996,7,1.2,4,6,2.8574999999999999,True,True,capture,side|0.40000000000000002|0|250|0|20|1
pocket_scan_01907,side,-0.40000000000000002,-0.57699999999999996,0,250,0,20,1,8.5999999999999996,7,1.2,4,6,2.8574999999999999,True,True,capture,side|0.40000000000000002|0|250|0|20|1
pocket_scan_01908,side,-0.40000000000000002,-0.57699999999999996,0,250,0,-20,-1,8.5999999999999996,7,1.2,4,6,2.8574999999999999,True,True,capture,side|0.40000000000000002|0|250|0|20|1
pocket_scan_01909,side,-0.40000000000000002,-0.57699999999999996,0,250,0,-20,1,8.5999999999999996,7,1.2,4,6,2.8574999999999999,True,True,capture,side|0.40000000000000002|0|250|0|20|1
pocket_scan_01910,side,-0.40000000000000002,-0.57699999999999996,0,500,0,0,-1,8.5999999999999996,7,1.2,4,6,2.8574999999999999,True,True,capture,side|0.40000000000000002|0|500|0|0|1
pocket_scan_01911,side,-0.40000000000000002,-0.57699999999999996,0,500,0,0,1,8.5999999999999996,7,1.2,4,6,2.8574999999999999,True,True,capture,side|0.40000000000000002|0|500|0|0|1
pocket_scan_01912,side,-0.40000000000000002,-0.57699999999999996,0,500,20,0,-1,8.5999999999999996,7,1.2,4,6,2.8574999999999999,True,True,capture,side|0.40000000000000002|0|500|20|0|1
pocket_scan_01913,side,-0.40000000000000002,-0.57699999999999996,0,500,20,0,1,8.5999999999999996,7,1.2,4,6,2.8574999999999999,True,True,capture,side|0.40000000000000002|0|500|20|0|1
pocket_scan_01914,side,-0.40000000000000002,-0.57699999999999996,0,500,-20,0,-1,8.5999999999999996,7,1.2,4,6,2.8574999999999999,True,True,capture,side|0.40000000000000002|0|500|-20|0|1
pocket_scan_01915,side,-0.40000000000000002,-0.57699999999999996,0,500,-20,0,1,8.5999999999999996,7,1.2,4,6,2.8574999999999999,True,True,capture,side|0.40000000000000002|0|500|-20|0|1
pocket_scan_01916,side,-0.40000000000000002,-0.57699999999999996,0,500,0,20,-1,8.5999999999999996,7,1.2,4,6,2.8574999999999999,True,True,capture,side|0.40000000000000002|0|500|0|20|1
pocket_scan_01917,side,-0.40000000000000002,-0.57699999999999996,0,500,0,20,1,8.5999999999999996,7,1.2,4,6,2.8574999999999999,True,True,capture,side|0.40000000000000002|0|500|0|20|1
pocket_scan_01918,side,-0.40000000000000002,-0.57699999999999996,0,500,0,-20,-1,8.5999999999999996,7,1.2,4,6,2.8574999999999999,True,True,capture,side|0.40000000000000002|0|500|0|20|1
pocket_scan_01919,side,-0.40000000000000002,-0.57699999999999996,0,500,0,-20,1,8.5999999999999996,7,1.2,4,6,2.8574999999999999,True,True,capture,side|0.40000000000000002|0|500|0|20|1
pocket_scan_01920,side,-0.40000000000000002,-0.57699999999999996,15,25,0,0,-1,8.5999999999999996,7,1.2,4,6,2.8574999999999999,True,True,capture,side|0.40000000000000002|15|25|0|0|1
pocket_scan_01921,side,-0.40000000000000002,-0.57699999999999996,15,25,0,0,1,8.5999999999999996,7,1.2,4,6,2.8574999999999999,True,True,capture,side|0.40000000000000002|15|25|0|0|1
pocket_scan_01922,side,-0.40000000000000002,-0.57699999999999996,15,25,20,0,-1,8.5999999999999996,7,1.2,4,6,2.8574999999999999,True,True,capture,side|0.40000000000000002|15|25|20|0|1
pocket_scan_01923,side,-0.40000000000000002,-0.57699999999999996,15,25,20,0,1,8.5999999999999996,7,1.2,4,6,2.8574999999999999,True,True,capture,side|0.40000000000000002|15|25|20|0|1
pocket_scan_01924,side,-0.40000000000000002,-0.57699999999999996,15,25,-20,0,-1,8.5999999999999996,7,1.2,4,6,2.8574999999999999,True,True,capture,side|0.40000000000000002|15|25|-20|0|1
pocket_scan_01925,side,-0.40000000000000002,-0.57699999999999996,15,25,-20,0,1,8.5999999999999996,7,1.2,4,6,2.8574999999999999,True,True,capture,side|0.40000000000000002|15|25|-20|0|1
pocket_scan_01926,side,-0.40000000000000002,-0.57699999999999996,15,25,0,20,-1,8.5999999999999996,7,1.2,4,6,2.8574999999999999,True,True,capture,side|0.40000000000000002|15|25|0|20|1
pocket_scan_01927,side,-0.40000000000000002,-0.57699999999999996,15,25,0,20,1,8.5999999999999996,7,1.2,4,6,2.8574999999999999,True,True,capture,side|0.40000000000000002|15|25|0|20|1
pocket_scan_01928,side,-0.40000000000000002,-0.57699999999999996,15,25,0,-20,-1,8.5999999999999996,7,1.2,4,6,2.8574999999999999,True,True,capture,side|0.40000000000000002|15|25|0|20|1
pocket_scan_01929,side,-0.40000000000000002,-0.57699999999999996,15,25,0,-20,1,8.5999999999999996,7,1.2,4,6,2.8574999999999999,True,True,capture,side|0.40000000000000002|15|25|0|20|1
pocket_scan_01930,side,-0.40000000000000002,-0.57699999999999996,15,100,0,0,-1,8.5999999999999996,7,1.2,4,6,2.8574999999999999,True,True,capture,side|0.40000000000000002|15|100|0|0|1
pocket_scan_01931,side,-0.40000000000000002,-0.57699999999999996,15,100,0,0,1,8.5999999999999996,7,1.2,4,6,2.8574999999999999,True,True,capture,side|0.40000000000000002|15|100|0|0|1
pocket_scan_01932,side,-0.40000000000000002,-0.57699999999999996,15,100,20,0,-1,8.5999999999999996,7,1.2,4,6,2.8574999999999999,True,True,capture,side|0.40000000000000002|15|100|20|0|1
pocket_scan_01933,side,-0.40000000000000002,-0.57699999999999996,15,100,20,0,1,8.5999999999999996,7,1.2,4,6,2.8574999999999999,True,True,capture,side|0.40000000000000002|15|100|20|0|1
pocket_scan_01934,side,-0.40000000000000002,-0.57699999999999996,15,100,-20,0,-1,8.5999999999999996,7,1.2,4,6,2.8574999999999999,True,True,capture,side|0.40000000000000002|15|100|-20|0|1
pocket_scan_01935,side,-0.40000000000000002,-0.57699999999999996,15,100,-20,0,1,8.5999999999999996,7,1.2,4,6,2.8574999999999999,True,True,capture,side|0.40000000000000002|15|100|-20|0|1
pocket_scan_01936,side,-0.40000000000000002,-0.57699999999999996,15,100,0,20,-1,8.5999999999999996,7,1.2,4,6,2.8574999999999999,True,True,capture,side|0.40000000000000002|15|100|0|20|1
pocket_scan_01937,side,-0.40000000000000002,-0.57699999999999996,15,100,0,20,1,8.5999999999999996,7,1.2,4,6,2.8574999999999999,True,True,capture,side|0.40000000000000002|15|100|0|20|1
pocket_scan_01938,side,-0.40000000000000002,-0.57699999999999996,15,100,0,-20,-1,8.5999999999999996,7,1.2,4,6,2.8574999999999999,True,True,capture,side|0.40000000000000002|15|100|0|20|1
pocket_scan_01939,side,-0.40000000000000002,-0.57699999999999996,15,100,0,-20,1,8.5999999999999996,7,1.2,4,6,2.8574999999999999,True,True,capture,side|0.40000000000000002|15|100|0|20|1
pocket_scan_01940,side,-0.40000000000000002,-0.57699999999999996,15,250,0,0,-1,8.5999999999999996,7,1.2,4,6,2.8574999999999999,True,True,capture,side|0.40000000000000002|15|250|0|0|1
pocket_scan_01941,side,-0.40000000000000002,-0.57699999999999996,15,250,0,0,1,8.5999999999999996,7,1.2,4,6,2.8574999999999999,True,True,capture,side|0.40000000000000002|15|250|0|0|1
pocket_scan_01942,side,-0.40000000000000002,-0.57699999999999996,15,250,20,0,-1,8.5999999999999996,7,1.2,4,6,2.8574999999999999,True,True,capture,side|0.40000000000000002|15|250|20|0|1
pocket_scan_01943,side,-0.40000000000000002,-0.57699999999999996,15,250,20,0,1,8.5999999999999996,7,1.2,4,6,2.8574999999999999,True,True,capture,side|0.40000000000000002|15|250|20|0|1
pocket_scan_01944,side,-0.40000000000000002,-0.57699999999999996,15,250,-20,0,-1,8.5999999999999996,7,1.2,4,6,2.8574999999999999,True,True,capture,side|0.40000000000000002|15|250|-20|0|1
pocket_scan_01945,side,-0.40000000000000002,-0.57699999999999996,15,250,-20,0,1,8.5999999999999996,7,1.2,4,6,2.8574999999999999,True,True,capture,side|0.40000000000000002|15|250|-20|0|1
pocket_scan_01946,side,-0.40000000000000002,-0.57699999999999996,15,250,0,20,-1,8.5999999999999996,7,1.2,4,6,2.8574999999999999,True,True,capture,side|0.40000000000000002|15|250|0|20|1
pocket_scan_01947,side,-0.40000000000000002,-0.57699999999999996,15,250,0,20,1,8.5999999999999996,7,1.2,4,6,2.8574999999999999,True,True,capture,side|0.40000000000000002|15|250|0|20|1
pocket_scan_01948,side,-0.40000000000000002,-0.57699999999999996,15,250,0,-20,-1,8.5999999999999996,7,1.2,4,6,2.8574999999999999,True,True,capture,side|0.40000000000000002|15|250|0|20|1
pocket_scan_01949,side,-0.40000000000000002,-0.57699999999999996,15,250,0,-20,1,8.5999999999999996,7,1.2,4,6,2.8574999999999999,True,True,capture,side|0.40000000000000002|15|250|0|20|1
pocket_scan_01950,side,-0.40000000000000002,-0.57699999999999996,15,500,0,0,-1,8.5999999999999996,7,1.2,4,6,2.8574999999999999,True,True,capture,side|0.40000000000000002|15|500|0|0|1
pocket_scan_01951,side,-0.40000000000000002,-0.57699999999999996,15,500,0,0,1,8.5999999999999996,7,1.2,4,6,2.8574999999999999,True,True,capture,side|0.40000000000000002|15|500|0|0|1
pocket_scan_01952,side,-0.40000000000000002,-0.57699999999999996,15,500,20,0,-1,8.5999999999999996,7,1.2,4,6,2.8574999999999999,True,True,capture,side|0.40000000000000002|15|500|20|0|1
pocket_scan_01953,side,-0.40000000000000002,-0.57699999999999996,15,500,20,0,1,8.5999999999999996,7,1.2,4,6,2.8574999999999999,True,True,capture,side|0.40000000000000002|15|500|20|0|1
pocket_scan_01954,side,-0.40000000000000002,-0.57699999999999996,15,500,-20,0,-1,8.5999999999999996,7,1.2,4,6,2.8574999999999999,True,True,capture,side|0.40000000000000002|15|500|-20|0|1
pocket_scan_01955,side,-0.40000000000000002,-0.57699999999999996,15,500,-20,0,1,8.5999999999999996,7,1.2,4,6,2.8574999999999999,True,True,capture,side|0.40000000000000002|15|500|-20|0|1
pocket_scan_01956,side,-0.40000000000000002,-0.57699999999999996,15,500,0,20,-1,8.5999999999999996,7,1.2,4,6,2.8574999999999999,True,True,capture,side|0.40000000000000002|15|500|0|20|1
pocket_scan_01957,side,-0.40000000000000002,-0.57699999999999996,15,500,0,20,1,8.5999999999999996,7,1.2,4,6,2.8574999999999999,True,True,capture,side|0.40000000000000002|15|500|0|20|1
pocket_scan_01958,side,-0.40000000000000002,-0.57699999999999996,15,500,0,-20,-1,8.5999999999999996,7,1.2,4,6,2.8574999999999999,True,True,capture,side|0.40000000000000002|15|500|0|20|1
pocket_scan_01959,side,-0.40000000000000002,-0.57699999999999996,15,500,0,-20,1,8.5999999999999996,7,1.2,4,6,2.8574999999999999,True,True,capture,side|0.40000000000000002|15|500|0|20|1
pocket_scan_01960,side,-0.40000000000000002,-0.57699999999999996,30,25,0,0,-1,8.5999999999999996,7,1.2,4,6,2.8574999999999999,True,True,capture,side|0.40000000000000002|30|25|0|0|1
pocket_scan_01961,side,-0.40000000000000002,-0.57699999999999996,30,25,0,0,1,8.5999999999999996,7,1.2,4,6,2.8574999999999999,True,True,capture,side|0.40000000000000002|30|25|0|0|1
pocket_scan_01962,side,-0.40000000000000002,-0.57699999999999996,30,25,20,0,-1,8.5999999999999996,7,1.2,4,6,2.8574999999999999,True,True,capture,side|0.40000000000000002|30|25|20|0|1
pocket_scan_01963,side,-0.40000000000000002,-0.57699999999999996,30,25,20,0,1,8.5999999999999996,7,1.2,4,6,2.8574999999999999,True,True,capture,side|0.40000000000000002|30|25|20|0|1
pocket_scan_01964,side,-0.40000000000000002,-0.57699999999999996,30,25,-20,0,-1,8.5999999999999996,7,1.2,4,6,2.8574999999999999,True,True,capture,side|0.40000000000000002|30|25|-20|0|1
pocket_scan_01965,side,-0.40000000000000002,-0.57699999999999996,30,25,-20,0,1,8.5999999999999996,7,1.2,4,6,2.8574999999999999,True,True,capture,side|0.40000000000000002|30|25|-20|0|1
pocket_scan_01966,side,-0.40000000000000002,-0.57699999999999996,30,25,0,20,-1,8.5999999999999996,7,1.2,4,6,2.8574999999999999,True,True,capture,side|0.40000000000000002|30|25|0|20|1
pocket_scan_01967,side,-0.40000000000000002,-0.57699999999999996,30,25,0,20,1,8.5999999999999996,7,1.2,4,6,2.8574999999999999,True,True,capture,side|0.40000000000000002|30|25|0|20|1
pocket_scan_01968,side,-0.40000000000000002,-0.57699999999999996,30,25,0,-20,-1,8.5999999999999996,7,1.2,4,6,2.8574999999999999,True,True,capture,side|0.40000000000000002|30|25|0|20|1
pocket_scan_01969,side,-0.40000000000000002,-0.57699999999999996,30,25,0,-20,1,8.5999999999999996,7,1.2,4,6,2.8574999999999999,True,True,capture,side|0.40000000000000002|30|25|0|20|1
pocket_scan_01970,side,-0.40000000000000002,-0.57699999999999996,30,100,0,0,-1,8.5999999999999996,7,1.2,4,6,2.8574999999999999,True,True,capture,side|0.40000000000000002|30|100|0|0|1
pocket_scan_01971,side,-0.40000000000000002,-0.57699999999999996,30,100,0,0,1,8.5999999999999996,7,1.2,4,6,2.8574999999999999,True,True,capture,side|0.40000000000000002|30|100|0|0|1
pocket_scan_01972,side,-0.40000000000000002,-0.57699999999999996,30,100,20,0,-1,8.5999999999999996,7,1.2,4,6,2.8574999999999999,True,True,capture,side|0.40000000000000002|30|100|20|0|1
pocket_scan_01973,side,-0.40000000000000002,-0.57699999999999996,30,100,20,0,1,8.5999999999999996,7,1.2,4,6,2.8574999999999999,True,True,capture,side|0.40000000000000002|30|100|20|0|1
pocket_scan_01974,side,-0.40000000000000002,-0.57699999999999996,30,100,-20,0,-1,8.5999999999999996,7,1.2,4,6,2.8574999999999999,True,True,capture,side|0.40000000000000002|30|100|-20|0|1
pocket_scan_01975,side,-0.40000000000000002,-0.57699999999999996,30,100,-20,0,1,8.5999999999999996,7,1.2,4,6,2.8574999999999999,True,True,capture,side|0.40000000000000002|30|100|-20|0|1
pocket_scan_01976,side,-0.40000000000000002,-0.57699999999999996,30,100,0,20,-1,8.5999999999999996,7,1.2,4,6,2.8574999999999999,True,True,capture,side|0.40000000000000002|30|100|0|20|1
pocket_scan_01977,side,-0.40000000000000002,-0.57699999999999996,30,100,0,20,1,8.5999999999999996,7,1.2,4,6,2.8574999999999999,True,True,capture,side|0.40000000000000002|30|100|0|20|1
pocket_scan_01978,side,-0.40000000000000002,-0.57699999999999996,30,100,0,-20,-1,8.5999999999999996,7,1.2,4,6,2.8574999999999999,True,True,capture,side|0.40000000000000002|30|100|0|20|1
pocket_scan_01979,side,-0.40000000000000002,-0.57699999999999996,30,100,0,-20,1,8.5999999999999996,7,1.2,4,6,2.8574999999999999,True,True,capture,side|0.40000000000000002|30|100|0|20|1
pocket_scan_01980,side,-0.40000000000000002,-0.57699999999999996,30,250,0,0,-1,8.5999999999999996,7,1.2,4,6,2.8574999999999999,True,True,capture,side|0.40000000000000002|30|250|0|0|1
pocket_scan_01981,side,-0.40000000000000002,-0.57699999999999996,30,250,0,0,1,8.5999999999999996,7,1.2,4,6,2.8574999999999999,True,True,capture,side|0.40000000000000002|30|250|0|0|1
pocket_scan_01982,side,-0.40000000000000002,-0.57699999999999996,30,250,20,0,-1,8.5999999999999996,7,1.2,4,6,2.8574999999999999,True,True,capture,side|0.40000000000000002|30|250|20|0|1
pocket_scan_01983,side,-0.40000000000000002,-0.57699999999999996,30,250,20,0,1,8.5999999999999996,7,1.2,4,6,2.8574999999999999,True,True,capture,side|0.40000000000000002|30|250|20|0|1
pocket_scan_01984,side,-0.40000000000000002,-0.57699999999999996,30,250,-20,0,-1,8.5999999999999996,7,1.2,4,6,2.8574999999999999,True,True,capture,side|0.40000000000000002|30|250|-20|0|1
pocket_scan_01985,side,-0.40000000000000002,-0.57699999999999996,30,250,-20,0,1,8.5999999999999996,7,1.2,4,6,2.8574999999999999,True,True,capture,side|0.40000000000000002|30|250|-20|0|1
pocket_scan_01986,side,-0.40000000000000002,-0.57699999999999996,30,250,0,20,-1,8.5999999999999996,7,1.2,4,6,2.8574999999999999,True,True,capture,side|0.40000000000000002|30|250|0|20|1
pocket_scan_01987,side,-0.40000000000000002,-0.57699999999999996,30,250,0,20,1,8.5999999999999996,7,1.2,4,6,2.8574999999999999,True,True,capture,side|0.40000000000000002|30|250|0|20|1
pocket_scan_01988,side,-0.40000000000000002,-0.57699999999999996,30,250,0,-20,-1,8.5999999999999996,7,1.2,4,6,2.8574999999999999,True,True,capture,side|0.40000000000000002|30|250|0|20|1
pocket_scan_01989,side,-0.40000000000000002,-0.57699999999999996,30,250,0,-20,1,8.5999999999999996,7,1.2,4,6,2.8574999999999999,True,True,capture,side|0.40000000000000002|30|250|0|20|1
pocket_scan_01990,side,-0.40000000000000002,-0.57699999999999996,30,500,0,0,-1,8.5999999999999996,7,1.2,4,6,2.8574999999999999,True,True,capture,side|0.40000000000000002|30|500|0|0|1
pocket_scan_01991,side,-0.40000000000000002,-0.57699999999999996,30,500,0,0,1,8.5999999999999996,7,1.2,4,6,2.8574999999999999,True,True,capture,side|0.40000000000000002|30|500|0|0|1
pocket_scan_01992,side,-0.40000000000000002,-0.57699999999999996,30,500,20,0,-1,8.5999999999999996,7,1.2,4,6,2.8574999999999999,True,True,capture,side|0.40000000000000002|30|500|20|0|1
pocket_scan_01993,side,-0.40000000000000002,-0.57699999999999996,30,500,20,0,1,8.5999999999999996,7,1.2,4,6,2.8574999999999999,True,True,capture,side|0.40000000000000002|30|500|20|0|1
pocket_scan_01994,side,-0.40000000000000002,-0.57699999999999996,30,500,-20,0,-1,8.5999999999999996,7,1.2,4,6,2.8574999999999999,True,True,capture,side|0.40000000000000002|30|500|-20|0|1
pocket_scan_01995,side,-0.40000000000000002,-0.57699999999999996,30,500,-20,0,1,8.5999999999999996,7,1.2,4,6,2.8574999999999999,True,True,capture,side|0.40000000000000002|30|500|-20|0|1
pocket_scan_01996,side,-0.40000000000000002,-0.57699999999999996,30,500,0,20,-1,8.5999999999999996,7,1.2,4,6,2.8574999999999999,True,True,capture,side|0.40000000000000002|30|500|0|20|1
pocket_scan_01997,side,-0.40000000000000002,-0.57699999999999996,30,500,0,20,1,8.5999999999999996,7,1.2,4,6,2.8574999999999999,True,True,capture,side|0.40000000000000002|30|500|0|20|1
pocket_scan_01998,side,-0.40000000000000002,-0.57699999999999996,30,500,0,-20,-1,8.5999999999999996,7,1.2,4,6,2.8574999999999999,True,True,capture,side|0.40000000000000002|30|500|0|20|1
pocket_scan_01999,side,-0.40000000000000002,-0.57699999999999996,30,500,0,-20,1,8.5999999999999996,7,1.2,4,6,2.8574999999999999,True,True,capture,side|0.40000000000000002|30|500|0|20|1
pocket_scan_02000,side,0,0,-30,25,0,0,-1,8.5999999999999996,7,1.2,4,6,2.8574999999999999,True,True,capture,side|0|30|25|0|0|1
pocket_scan_02001,side,0,0,-30,25,0,0,1,8.5999999999999996,7,1.2,4,6,2.8574999999999999,True,True,capture,side|0|30|25|0|0|1
pocket_scan_02002,side,0,0,-30,25,20,0,-1,8.5999999999999996,7,1.2,4,6,2.8574999999999999,True,True,capture,side|0|30|25|20|0|1
pocket_scan_02003,side,0,0,-30,25,20,0,1,8.5999999999999996,7,1.2,4,6,2.8574999999999999,True,True,capture,side|0|30|25|20|0|1
pocket_scan_02004,side,0,0,-30,25,-20,0,-1,8.5999999999999996,7,1.2,4,6,2.8574999999999999,True,True,capture,side|0|30|25|-20|0|1
pocket_scan_02005,side,0,0,-30,25,-20,0,1,8.5999999999999996,7,1.2,4,6,2.8574999999999999,True,True,capture,side|0|30|25|-20|0|1
pocket_scan_02006,side,0,0,-30,25,0,20,-1,8.5999999999999996,7,1.2,4,6,2.8574999999999999,True,True,capture,side|0|30|25|0|20|1
pocket_scan_02007,side,0,0,-30,25,0,20,1,8.5999999999999996,7,1.2,4,6,2.8574999999999999,True,True,capture,side|0|30|25|0|20|1
pocket_scan_02008,side,0,0,-30,25,0,-20,-1,8.5999999999999996,7,1.2,4,6,2.8574999999999999,True,True,capture,side|0|30|25|0|20|1
pocket_scan_02009,side,0,0,-30,25,0,-20,1,8.5999999999999996,7,1.2,4,6,2.8574999999999999,True,True,capture,side|0|30|25|0|20|1
pocket_scan_02010,side,0,0,-30,100,0,0,-1,8.5999999999999996,7,1.2,4,6,2.8574999999999999,True,True,capture,side|0|30|100|0|0|1
pocket_scan_02011,side,0,0,-30,100,0,0,1,8.5999999999999996,7,1.2,4,6,2.8574999999999999,True,True,capture,side|0|30|100|0|0|1
pocket_scan_02012,side,0,0,-30,100,20,0,-1,8.5999999999999996,7,1.2,4,6,2.8574999999999999,True,True,capture,side|0|30|100|20|0|1
pocket_scan_02013,side,0,0,-30,100,20,0,1,8.5999999999999996,7,1.2,4,6,2.8574999999999999,True,True,capture,side|0|30|100|20|0|1
pocket_scan_02014,side,0,0,-30,100,-20,0,-1,8.5999999999999996,7,1.2,4,6,2.8574999999999999,True,True,capture,side|0|30|100|-20|0|1
pocket_scan_02015,side,0,0,-30,100,-20,0,1,8.5999999999999996,7,1.2,4,6,2.8574999999999999,True,True,capture,side|0|30|100|-20|0|1
pocket_scan_02016,side,0,0,-30,100,0,20,-1,8.5999999999999996,7,1.2,4,6,2.8574999999999999,True,True,capture,side|0|30|100|0|20|1
pocket_scan_02017,side,0,0,-30,100,0,20,1,8.5999999999999996,7,1.2,4,6,2.8574999999999999,True,True,capture,side|0|30|100|0|20|1
pocket_scan_02018,side,0,0,-30,100,0,-20,-1,8.5999999999999996,7,1.2,4,6,2.8574999999999999,True,True,capture,side|0|30|100|0|20|1
pocket_scan_02019,side,0,0,-30,100,0,-20,1,8.5999999999999996,7,1.2,4,6,2.8574999999999999,True,True,capture,side|0|30|100|0|20|1
pocket_scan_02020,side,0,0,-30,250,0,0,-1,8.5999999999999996,7,1.2,4,6,2.8574999999999999,True,True,capture,side|0|30|250|0|0|1
pocket_scan_02021,side,0,0,-30,250,0,0,1,8.5999999999999996,7,1.2,4,6,2.8574999999999999,True,True,capture,side|0|30|250|0|0|1
pocket_scan_02022,side,0,0,-30,250,20,0,-1,8.5999999999999996,7,1.2,4,6,2.8574999999999999,True,True,capture,side|0|30|250|20|0|1
pocket_scan_02023,side,0,0,-30,250,20,0,1,8.5999999999999996,7,1.2,4,6,2.8574999999999999,True,True,capture,side|0|30|250|20|0|1
pocket_scan_02024,side,0,0,-30,250,-20,0,-1,8.5999999999999996,7,1.2,4,6,2.8574999999999999,True,True,capture,side|0|30|250|-20|0|1
pocket_scan_02025,side,0,0,-30,250,-20,0,1,8.5999999999999996,7,1.2,4,6,2.8574999999999999,True,True,capture,side|0|30|250|-20|0|1
pocket_scan_02026,side,0,0,-30,250,0,20,-1,8.5999999999999996,7,1.2,4,6,2.8574999999999999,True,True,capture,side|0|30|250|0|20|1
pocket_scan_02027,side,0,0,-30,250,0,20,1,8.5999999999999996,7,1.2,4,6,2.8574999999999999,True,True,capture,side|0|30|250|0|20|1
pocket_scan_02028,side,0,0,-30,250,0,-20,-1,8.5999999999999996,7,1.2,4,6,2.8574999999999999,True,True,capture,side|0|30|250|0|20|1
pocket_scan_02029,side,0,0,-30,250,0,-20,1,8.5999999999999996,7,1.2,4,6,2.8574999999999999,True,True,capture,side|0|30|250|0|20|1
pocket_scan_02030,side,0,0,-30,500,0,0,-1,8.5999999999999996,7,1.2,4,6,2.8574999999999999,True,True,capture,side|0|30|500|0|0|1
pocket_scan_02031,side,0,0,-30,500,0,0,1,8.5999999999999996,7,1.2,4,6,2.8574999999999999,True,True,capture,side|0|30|500|0|0|1
pocket_scan_02032,side,0,0,-30,500,20,0,-1,8.5999999999999996,7,1.2,4,6,2.8574999999999999,True,True,capture,side|0|30|500|20|0|1
pocket_scan_02033,side,0,0,-30,500,20,0,1,8.5999999999999996,7,1.2,4,6,2.8574999999999999,True,True,capture,side|0|30|500|20|0|1
pocket_scan_02034,side,0,0,-30,500,-20,0,-1,8.5999999999999996,7,1.2,4,6,2.8574999999999999,True,True,capture,side|0|30|500|-20|0|1
pocket_scan_02035,side,0,0,-30,500,-20,0,1,8.5999999999999996,7,1.2,4,6,2.8574999999999999,True,True,capture,side|0|30|500|-20|0|1
pocket_scan_02036,side,0,0,-30,500,0,20,-1,8.5999999999999996,7,1.2,4,6,2.8574999999999999,True,True,capture,side|0|30|500|0|20|1
pocket_scan_02037,side,0,0,-30,500,0,20,1,8.5999999999999996,7,1.2,4,6,2.8574999999999999,True,True,capture,side|0|30|500|0|20|1
pocket_scan_02038,side,0,0,-30,500,0,-20,-1,8.5999999999999996,7,1.2,4,6,2.8574999999999999,True,True,capture,side|0|30|500|0|20|1
pocket_scan_02039,side,0,0,-30,500,0,-20,1,8.5999999999999996,7,1.2,4,6,2.8574999999999999,True,True,capture,side|0|30|500|0|20|1
pocket_scan_02040,side,0,0,-15,25,0,0,-1,8.5999999999999996,7,1.2,4,6,2.8574999999999999,True,True,capture,side|0|15|25|0|0|1
pocket_scan_02041,side,0,0,-15,25,0,0,1,8.5999999999999996,7,1.2,4,6,2.8574999999999999,True,True,capture,side|0|15|25|0|0|1
pocket_scan_02042,side,0,0,-15,25,20,0,-1,8.5999999999999996,7,1.2,4,6,2.8574999999999999,True,True,capture,side|0|15|25|20|0|1
pocket_scan_02043,side,0,0,-15,25,20,0,1,8.5999999999999996,7,1.2,4,6,2.8574999999999999,True,True,capture,side|0|15|25|20|0|1
pocket_scan_02044,side,0,0,-15,25,-20,0,-1,8.5999999999999996,7,1.2,4,6,2.8574999999999999,True,True,capture,side|0|15|25|-20|0|1
pocket_scan_02045,side,0,0,-15,25,-20,0,1,8.5999999999999996,7,1.2,4,6,2.8574999999999999,True,True,capture,side|0|15|25|-20|0|1
pocket_scan_02046,side,0,0,-15,25,0,20,-1,8.5999999999999996,7,1.2,4,6,2.8574999999999999,True,True,capture,side|0|15|25|0|20|1
pocket_scan_02047,side,0,0,-15,25,0,20,1,8.5999999999999996,7,1.2,4,6,2.8574999999999999,True,True,capture,side|0|15|25|0|20|1
pocket_scan_02048,side,0,0,-15,25,0,-20,-1,8.5999999999999996,7,1.2,4,6,2.8574999999999999,True,True,capture,side|0|15|25|0|20|1
pocket_scan_02049,side,0,0,-15,25,0,-20,1,8.5999999999999996,7,1.2,4,6,2.8574999999999999,True,True,capture,side|0|15|25|0|20|1
pocket_scan_02050,side,0,0,-15,100,0,0,-1,8.5999999999999996,7,1.2,4,6,2.8574999999999999,True,True,capture,side|0|15|100|0|0|1
pocket_scan_02051,side,0,0,-15,100,0,0,1,8.5999999999999996,7,1.2,4,6,2.8574999999999999,True,True,capture,side|0|15|100|0|0|1
pocket_scan_02052,side,0,0,-15,100,20,0,-1,8.5999999999999996,7,1.2,4,6,2.8574999999999999,True,True,capture,side|0|15|100|20|0|1
pocket_scan_02053,side,0,0,-15,100,20,0,1,8.5999999999999996,7,1.2,4,6,2.8574999999999999,True,True,capture,side|0|15|100|20|0|1
pocket_scan_02054,side,0,0,-15,100,-20,0,-1,8.5999999999999996,7,1.2,4,6,2.8574999999999999,True,True,capture,side|0|15|100|-20|0|1
pocket_scan_02055,side,0,0,-15,100,-20,0,1,8.5999999999999996,7,1.2,4,6,2.8574999999999999,True,True,capture,side|0|15|100|-20|0|1
pocket_scan_02056,side,0,0,-15,100,0,20,-1,8.5999999999999996,7,1.2,4,6,2.8574999999999999,True,True,capture,side|0|15|100|0|20|1
pocket_scan_02057,side,0,0,-15,100,0,20,1,8.5999999999999996,7,1.2,4,6,2.8574999999999999,True,True,capture,side|0|15|100|0|20|1
pocket_scan_02058,side,0,0,-15,100,0,-20,-1,8.5999999999999996,7,1.2,4,6,2.8574999999999999,True,True,capture,side|0|15|100|0|20|1
pocket_scan_02059,side,0,0,-15,100,0,-20,1,8.5999999999999996,7,1.2,4,6,2.8574999999999999,True,True,capture,side|0|15|100|0|20|1
pocket_scan_02060,side,0,0,-15,250,0,0,-1,8.5999999999999996,7,1.2,4,6,2.8574999999999999,True,True,capture,side|0|15|250|0|0|1
pocket_scan_02061,side,0,0,-15,250,0,0,1,8.5999999999999996,7,1.2,4,6,2.8574999999999999,True,True,capture,side|0|15|250|0|0|1
pocket_scan_02062,side,0,0,-15,250,20,0,-1,8.5999999999999996,7,1.2,4,6,2.8574999999999999,True,True,capture,side|0|15|250|20|0|1
pocket_scan_02063,side,0,0,-15,250,20,0,1,8.5999999999999996,7,1.2,4,6,2.8574999999999999,True,True,capture,side|0|15|250|20|0|1
pocket_scan_02064,side,0,0,-15,250,-20,0,-1,8.5999999999999996,7,1.2,4,6,2.8574999999999999,True,True,capture,side|0|15|250|-20|0|1
pocket_scan_02065,side,0,0,-15,250,-20,0,1,8.5999999999999996,7,1.2,4,6,2.8574999999999999,True,True,capture,side|0|15|250|-20|0|1
pocket_scan_02066,side,0,0,-15,250,0,20,-1,8.5999999999999996,7,1.2,4,6,2.8574999999999999,True,True,capture,side|0|15|250|0|20|1
pocket_scan_02067,side,0,0,-15,250,0,20,1,8.5999999999999996,7,1.2,4,6,2.8574999999999999,True,True,capture,side|0|15|250|0|20|1
pocket_scan_02068,side,0,0,-15,250,0,-20,-1,8.5999999999999996,7,1.2,4,6,2.8574999999999999,True,True,capture,side|0|15|250|0|20|1
pocket_scan_02069,side,0,0,-15,250,0,-20,1,8.5999999999999996,7,1.2,4,6,2.8574999999999999,True,True,capture,side|0|15|250|0|20|1
pocket_scan_02070,side,0,0,-15,500,0,0,-1,8.5999999999999996,7,1.2,4,6,2.8574999999999999,True,True,capture,side|0|15|500|0|0|1
pocket_scan_02071,side,0,0,-15,500,0,0,1,8.5999999999999996,7,1.2,4,6,2.8574999999999999,True,True,capture,side|0|15|500|0|0|1
pocket_scan_02072,side,0,0,-15,500,20,0,-1,8.5999999999999996,7,1.2,4,6,2.8574999999999999,True,True,capture,side|0|15|500|20|0|1
pocket_scan_02073,side,0,0,-15,500,20,0,1,8.5999999999999996,7,1.2,4,6,2.8574999999999999,True,True,capture,side|0|15|500|20|0|1
pocket_scan_02074,side,0,0,-15,500,-20,0,-1,8.5999999999999996,7,1.2,4,6,2.8574999999999999,True,True,capture,side|0|15|500|-20|0|1
pocket_scan_02075,side,0,0,-15,500,-20,0,1,8.5999999999999996,7,1.2,4,6,2.8574999999999999,True,True,capture,side|0|15|500|-20|0|1
pocket_scan_02076,side,0,0,-15,500,0,20,-1,8.5999999999999996,7,1.2,4,6,2.8574999999999999,True,True,capture,side|0|15|500|0|20|1
pocket_scan_02077,side,0,0,-15,500,0,20,1,8.5999999999999996,7,1.2,4,6,2.8574999999999999,True,True,capture,side|0|15|500|0|20|1
pocket_scan_02078,side,0,0,-15,500,0,-20,-1,8.5999999999999996,7,1.2,4,6,2.8574999999999999,True,True,capture,side|0|15|500|0|20|1
pocket_scan_02079,side,0,0,-15,500,0,-20,1,8.5999999999999996,7,1.2,4,6,2.8574999999999999,True,True,capture,side|0|15|500|0|20|1
pocket_scan_02080,side,0,0,0,25,0,0,-1,8.5999999999999996,7,1.2,4,6,2.8574999999999999,True,True,capture,side|0|0|25|0|0|1
pocket_scan_02081,side,0,0,0,25,0,0,1,8.5999999999999996,7,1.2,4,6,2.8574999999999999,True,True,capture,side|0|0|25|0|0|1
pocket_scan_02082,side,0,0,0,25,20,0,-1,8.5999999999999996,7,1.2,4,6,2.8574999999999999,True,True,capture,side|0|0|25|20|0|1
pocket_scan_02083,side,0,0,0,25,20,0,1,8.5999999999999996,7,1.2,4,6,2.8574999999999999,True,True,capture,side|0|0|25|20|0|1
pocket_scan_02084,side,0,0,0,25,-20,0,-1,8.5999999999999996,7,1.2,4,6,2.8574999999999999,True,True,capture,side|0|0|25|-20|0|1
pocket_scan_02085,side,0,0,0,25,-20,0,1,8.5999999999999996,7,1.2,4,6,2.8574999999999999,True,True,capture,side|0|0|25|-20|0|1
pocket_scan_02086,side,0,0,0,25,0,20,-1,8.5999999999999996,7,1.2,4,6,2.8574999999999999,True,True,capture,side|0|0|25|0|20|1
pocket_scan_02087,side,0,0,0,25,0,20,1,8.5999999999999996,7,1.2,4,6,2.8574999999999999,True,True,capture,side|0|0|25|0|20|1
pocket_scan_02088,side,0,0,0,25,0,-20,-1,8.5999999999999996,7,1.2,4,6,2.8574999999999999,True,True,capture,side|0|0|25|0|20|1
pocket_scan_02089,side,0,0,0,25,0,-20,1,8.5999999999999996,7,1.2,4,6,2.8574999999999999,True,True,capture,side|0|0|25|0|20|1
pocket_scan_02090,side,0,0,0,100,0,0,-1,8.5999999999999996,7,1.2,4,6,2.8574999999999999,True,True,capture,side|0|0|100|0|0|1
pocket_scan_02091,side,0,0,0,100,0,0,1,8.5999999999999996,7,1.2,4,6,2.8574999999999999,True,True,capture,side|0|0|100|0|0|1
pocket_scan_02092,side,0,0,0,100,20,0,-1,8.5999999999999996,7,1.2,4,6,2.8574999999999999,True,True,capture,side|0|0|100|20|0|1
pocket_scan_02093,side,0,0,0,100,20,0,1,8.5999999999999996,7,1.2,4,6,2.8574999999999999,True,True,capture,side|0|0|100|20|0|1
pocket_scan_02094,side,0,0,0,100,-20,0,-1,8.5999999999999996,7,1.2,4,6,2.8574999999999999,True,True,capture,side|0|0|100|-20|0|1
pocket_scan_02095,side,0,0,0,100,-20,0,1,8.5999999999999996,7,1.2,4,6,2.8574999999999999,True,True,capture,side|0|0|100|-20|0|1
pocket_scan_02096,side,0,0,0,100,0,20,-1,8.5999999999999996,7,1.2,4,6,2.8574999999999999,True,True,capture,side|0|0|100|0|20|1
pocket_scan_02097,side,0,0,0,100,0,20,1,8.5999999999999996,7,1.2,4,6,2.8574999999999999,True,True,capture,side|0|0|100|0|20|1
pocket_scan_02098,side,0,0,0,100,0,-20,-1,8.5999999999999996,7,1.2,4,6,2.8574999999999999,True,True,capture,side|0|0|100|0|20|1
pocket_scan_02099,side,0,0,0,100,0,-20,1,8.5999999999999996,7,1.2,4,6,2.8574999999999999,True,True,capture,side|0|0|100|0|20|1
pocket_scan_02100,side,0,0,0,250,0,0,-1,8.5999999999999996,7,1.2,4,6,2.8574999999999999,True,True,capture,side|0|0|250|0|0|1
pocket_scan_02101,side,0,0,0,250,0,0,1,8.5999999999999996,7,1.2,4,6,2.8574999999999999,True,True,capture,side|0|0|250|0|0|1
pocket_scan_02102,side,0,0,0,250,20,0,-1,8.5999999999999996,7,1.2,4,6,2.8574999999999999,True,True,capture,side|0|0|250|20|0|1
pocket_scan_02103,side,0,0,0,250,20,0,1,8.5999999999999996,7,1.2,4,6,2.8574999999999999,True,True,capture,side|0|0|250|20|0|1
pocket_scan_02104,side,0,0,0,250,-20,0,-1,8.5999999999999996,7,1.2,4,6,2.8574999999999999,True,True,capture,side|0|0|250|-20|0|1
pocket_scan_02105,side,0,0,0,250,-20,0,1,8.5999999999999996,7,1.2,4,6,2.8574999999999999,True,True,capture,side|0|0|250|-20|0|1
pocket_scan_02106,side,0,0,0,250,0,20,-1,8.5999999999999996,7,1.2,4,6,2.8574999999999999,True,True,capture,side|0|0|250|0|20|1
pocket_scan_02107,side,0,0,0,250,0,20,1,8.5999999999999996,7,1.2,4,6,2.8574999999999999,True,True,capture,side|0|0|250|0|20|1
pocket_scan_02108,side,0,0,0,250,0,-20,-1,8.5999999999999996,7,1.2,4,6,2.8574999999999999,True,True,capture,side|0|0|250|0|20|1
pocket_scan_02109,side,0,0,0,250,0,-20,1,8.5999999999999996,7,1.2,4,6,2.8574999999999999,True,True,capture,side|0|0|250|0|20|1
pocket_scan_02110,side,0,0,0,500,0,0,-1,8.5999999999999996,7,1.2,4,6,2.8574999999999999,True,True,capture,side|0|0|500|0|0|1
pocket_scan_02111,side,0,0,0,500,0,0,1,8.5999999999999996,7,1.2,4,6,2.8574999999999999,True,True,capture,side|0|0|500|0|0|1
pocket_scan_02112,side,0,0,0,500,20,0,-1,8.5999999999999996,7,1.2,4,6,2.8574999999999999,True,True,capture,side|0|0|500|20|0|1
pocket_scan_02113,side,0,0,0,500,20,0,1,8.5999999999999996,7,1.2,4,6,2.8574999999999999,True,True,capture,side|0|0|500|20|0|1
pocket_scan_02114,side,0,0,0,500,-20,0,-1,8.5999999999999996,7,1.2,4,6,2.8574999999999999,True,True,capture,side|0|0|500|-20|0|1
pocket_scan_02115,side,0,0,0,500,-20,0,1,8.5999999999999996,7,1.2,4,6,2.8574999999999999,True,True,capture,side|0|0|500|-20|0|1
pocket_scan_02116,side,0,0,0,500,0,20,-1,8.5999999999999996,7,1.2,4,6,2.8574999999999999,True,True,capture,side|0|0|500|0|20|1
pocket_scan_02117,side,0,0,0,500,0,20,1,8.5999999999999996,7,1.2,4,6,2.8574999999999999,True,True,capture,side|0|0|500|0|20|1
pocket_scan_02118,side,0,0,0,500,0,-20,-1,8.5999999999999996,7,1.2,4,6,2.8574999999999999,True,True,capture,side|0|0|500|0|20|1
pocket_scan_02119,side,0,0,0,500,0,-20,1,8.5999999999999996,7,1.2,4,6,2.8574999999999999,True,True,capture,side|0|0|500|0|20|1
pocket_scan_02120,side,0,0,15,25,0,0,-1,8.5999999999999996,7,1.2,4,6,2.8574999999999999,True,True,capture,side|0|15|25|0|0|1
pocket_scan_02121,side,0,0,15,25,0,0,1,8.5999999999999996,7,1.2,4,6,2.8574999999999999,True,True,capture,side|0|15|25|0|0|1
pocket_scan_02122,side,0,0,15,25,20,0,-1,8.5999999999999996,7,1.2,4,6,2.8574999999999999,True,True,capture,side|0|15|25|20|0|1
pocket_scan_02123,side,0,0,15,25,20,0,1,8.5999999999999996,7,1.2,4,6,2.8574999999999999,True,True,capture,side|0|15|25|20|0|1
pocket_scan_02124,side,0,0,15,25,-20,0,-1,8.5999999999999996,7,1.2,4,6,2.8574999999999999,True,True,capture,side|0|15|25|-20|0|1
pocket_scan_02125,side,0,0,15,25,-20,0,1,8.5999999999999996,7,1.2,4,6,2.8574999999999999,True,True,capture,side|0|15|25|-20|0|1
pocket_scan_02126,side,0,0,15,25,0,20,-1,8.5999999999999996,7,1.2,4,6,2.8574999999999999,True,True,capture,side|0|15|25|0|20|1
pocket_scan_02127,side,0,0,15,25,0,20,1,8.5999999999999996,7,1.2,4,6,2.8574999999999999,True,True,capture,side|0|15|25|0|20|1
pocket_scan_02128,side,0,0,15,25,0,-20,-1,8.5999999999999996,7,1.2,4,6,2.8574999999999999,True,True,capture,side|0|15|25|0|20|1
pocket_scan_02129,side,0,0,15,25,0,-20,1,8.5999999999999996,7,1.2,4,6,2.8574999999999999,True,True,capture,side|0|15|25|0|20|1
pocket_scan_02130,side,0,0,15,100,0,0,-1,8.5999999999999996,7,1.2,4,6,2.8574999999999999,True,True,capture,side|0|15|100|0|0|1
pocket_scan_02131,side,0,0,15,100,0,0,1,8.5999999999999996,7,1.2,4,6,2.8574999999999999,True,True,capture,side|0|15|100|0|0|1
pocket_scan_02132,side,0,0,15,100,20,0,-1,8.5999999999999996,7,1.2,4,6,2.8574999999999999,True,True,capture,side|0|15|100|20|0|1
pocket_scan_02133,side,0,0,15,100,20,0,1,8.5999999999999996,7,1.2,4,6,2.8574999999999999,True,True,capture,side|0|15|100|20|0|1
pocket_scan_02134,side,0,0,15,100,-20,0,-1,8.5999999999999996,7,1.2,4,6,2.8574999999999999,True,True,capture,side|0|15|100|-20|0|1
pocket_scan_02135,side,0,0,15,100,-20,0,1,8.5999999999999996,7,1.2,4,6,2.8574999999999999,True,True,capture,side|0|15|100|-20|0|1
pocket_scan_02136,side,0,0,15,100,0,20,-1,8.5999999999999996,7,1.2,4,6,2.8574999999999999,True,True,capture,side|0|15|100|0|20|1
pocket_scan_02137,side,0,0,15,100,0,20,1,8.5999999999999996,7,1.2,4,6,2.8574999999999999,True,True,capture,side|0|15|100|0|20|1
pocket_scan_02138,side,0,0,15,100,0,-20,-1,8.5999999999999996,7,1.2,4,6,2.8574999999999999,True,True,capture,side|0|15|100|0|20|1
pocket_scan_02139,side,0,0,15,100,0,-20,1,8.5999999999999996,7,1.2,4,6,2.8574999999999999,True,True,capture,side|0|15|100|0|20|1
pocket_scan_02140,side,0,0,15,250,0,0,-1,8.5999999999999996,7,1.2,4,6,2.8574999999999999,True,True,capture,side|0|15|250|0|0|1
pocket_scan_02141,side,0,0,15,250,0,0,1,8.5999999999999996,7,1.2,4,6,2.8574999999999999,True,True,capture,side|0|15|250|0|0|1
pocket_scan_02142,side,0,0,15,250,20,0,-1,8.5999999999999996,7,1.2,4,6,2.8574999999999999,True,True,capture,side|0|15|250|20|0|1
pocket_scan_02143,side,0,0,15,250,20,0,1,8.5999999999999996,7,1.2,4,6,2.8574999999999999,True,True,capture,side|0|15|250|20|0|1
pocket_scan_02144,side,0,0,15,250,-20,0,-1,8.5999999999999996,7,1.2,4,6,2.8574999999999999,True,True,capture,side|0|15|250|-20|0|1
pocket_scan_02145,side,0,0,15,250,-20,0,1,8.5999999999999996,7,1.2,4,6,2.8574999999999999,True,True,capture,side|0|15|250|-20|0|1
pocket_scan_02146,side,0,0,15,250,0,20,-1,8.5999999999999996,7,1.2,4,6,2.8574999999999999,True,True,capture,side|0|15|250|0|20|1
pocket_scan_02147,side,0,0,15,250,0,20,1,8.5999999999999996,7,1.2,4,6,2.8574999999999999,True,True,capture,side|0|15|250|0|20|1
pocket_scan_02148,side,0,0,15,250,0,-20,-1,8.5999999999999996,7,1.2,4,6,2.8574999999999999,True,True,capture,side|0|15|250|0|20|1
pocket_scan_02149,side,0,0,15,250,0,-20,1,8.5999999999999996,7,1.2,4,6,2.8574999999999999,True,True,capture,side|0|15|250|0|20|1
pocket_scan_02150,side,0,0,15,500,0,0,-1,8.5999999999999996,7,1.2,4,6,2.8574999999999999,True,True,capture,side|0|15|500|0|0|1
pocket_scan_02151,side,0,0,15,500,0,0,1,8.5999999999999996,7,1.2,4,6,2.8574999999999999,True,True,capture,side|0|15|500|0|0|1
pocket_scan_02152,side,0,0,15,500,20,0,-1,8.5999999999999996,7,1.2,4,6,2.8574999999999999,True,True,capture,side|0|15|500|20|0|1
pocket_scan_02153,side,0,0,15,500,20,0,1,8.5999999999999996,7,1.2,4,6,2.8574999999999999,True,True,capture,side|0|15|500|20|0|1
pocket_scan_02154,side,0,0,15,500,-20,0,-1,8.5999999999999996,7,1.2,4,6,2.8574999999999999,True,True,capture,side|0|15|500|-20|0|1
pocket_scan_02155,side,0,0,15,500,-20,0,1,8.5999999999999996,7,1.2,4,6,2.8574999999999999,True,True,capture,side|0|15|500|-20|0|1
pocket_scan_02156,side,0,0,15,500,0,20,-1,8.5999999999999996,7,1.2,4,6,2.8574999999999999,True,True,capture,side|0|15|500|0|20|1
pocket_scan_02157,side,0,0,15,500,0,20,1,8.5999999999999996,7,1.2,4,6,2.8574999999999999,True,True,capture,side|0|15|500|0|20|1
pocket_scan_02158,side,0,0,15,500,0,-20,-1,8.5999999999999996,7,1.2,4,6,2.8574999999999999,True,True,capture,side|0|15|500|0|20|1
pocket_scan_02159,side,0,0,15,500,0,-20,1,8.5999999999999996,7,1.2,4,6,2.8574999999999999,True,True,capture,side|0|15|500|0|20|1
pocket_scan_02160,side,0,0,30,25,0,0,-1,8.5999999999999996,7,1.2,4,6,2.8574999999999999,True,True,capture,side|0|30|25|0|0|1
pocket_scan_02161,side,0,0,30,25,0,0,1,8.5999999999999996,7,1.2,4,6,2.8574999999999999,True,True,capture,side|0|30|25|0|0|1
pocket_scan_02162,side,0,0,30,25,20,0,-1,8.5999999999999996,7,1.2,4,6,2.8574999999999999,True,True,capture,side|0|30|25|20|0|1
pocket_scan_02163,side,0,0,30,25,20,0,1,8.5999999999999996,7,1.2,4,6,2.8574999999999999,True,True,capture,side|0|30|25|20|0|1
pocket_scan_02164,side,0,0,30,25,-20,0,-1,8.5999999999999996,7,1.2,4,6,2.8574999999999999,True,True,capture,side|0|30|25|-20|0|1
pocket_scan_02165,side,0,0,30,25,-20,0,1,8.5999999999999996,7,1.2,4,6,2.8574999999999999,True,True,capture,side|0|30|25|-20|0|1
pocket_scan_02166,side,0,0,30,25,0,20,-1,8.5999999999999996,7,1.2,4,6,2.8574999999999999,True,True,capture,side|0|30|25|0|20|1
pocket_scan_02167,side,0,0,30,25,0,20,1,8.5999999999999996,7,1.2,4,6,2.8574999999999999,True,True,capture,side|0|30|25|0|20|1
pocket_scan_02168,side,0,0,30,25,0,-20,-1,8.5999999999999996,7,1.2,4,6,2.8574999999999999,True,True,capture,side|0|30|25|0|20|1
pocket_scan_02169,side,0,0,30,25,0,-20,1,8.5999999999999996,7,1.2,4,6,2.8574999999999999,True,True,capture,side|0|30|25|0|20|1
pocket_scan_02170,side,0,0,30,100,0,0,-1,8.5999999999999996,7,1.2,4,6,2.8574999999999999,True,True,capture,side|0|30|100|0|0|1
pocket_scan_02171,side,0,0,30,100,0,0,1,8.5999999999999996,7,1.2,4,6,2.8574999999999999,True,True,capture,side|0|30|100|0|0|1
pocket_scan_02172,side,0,0,30,100,20,0,-1,8.5999999999999996,7,1.2,4,6,2.8574999999999999,True,True,capture,side|0|30|100|20|0|1
pocket_scan_02173,side,0,0,30,100,20,0,1,8.5999999999999996,7,1.2,4,6,2.8574999999999999,True,True,capture,side|0|30|100|20|0|1
pocket_scan_02174,side,0,0,30,100,-20,0,-1,8.5999999999999996,7,1.2,4,6,2.8574999999999999,True,True,capture,side|0|30|100|-20|0|1
pocket_scan_02175,side,0,0,30,100,-20,0,1,8.5999999999999996,7,1.2,4,6,2.8574999999999999,True,True,capture,side|0|30|100|-20|0|1
pocket_scan_02176,side,0,0,30,100,0,20,-1,8.5999999999999996,7,1.2,4,6,2.8574999999999999,True,True,capture,side|0|30|100|0|20|1
pocket_scan_02177,side,0,0,30,100,0,20,1,8.5999999999999996,7,1.2,4,6,2.8574999999999999,True,True,capture,side|0|30|100|0|20|1
pocket_scan_02178,side,0,0,30,100,0,-20,-1,8.5999999999999996,7,1.2,4,6,2.8574999999999999,True,True,capture,side|0|30|100|0|20|1
pocket_scan_02179,side,0,0,30,100,0,-20,1,8.5999999999999996,7,1.2,4,6,2.8574999999999999,True,True,capture,side|0|30|100|0|20|1
pocket_scan_02180,side,0,0,30,250,0,0,-1,8.5999999999999996,7,1.2,4,6,2.8574999999999999,True,True,capture,side|0|30|250|0|0|1
pocket_scan_02181,side,0,0,30,250,0,0,1,8.5999999999999996,7,1.2,4,6,2.8574999999999999,True,True,capture,side|0|30|250|0|0|1
pocket_scan_02182,side,0,0,30,250,20,0,-1,8.5999999999999996,7,1.2,4,6,2.8574999999999999,True,True,capture,side|0|30|250|20|0|1
pocket_scan_02183,side,0,0,30,250,20,0,1,8.5999999999999996,7,1.2,4,6,2.8574999999999999,True,True,capture,side|0|30|250|20|0|1
pocket_scan_02184,side,0,0,30,250,-20,0,-1,8.5999999999999996,7,1.2,4,6,2.8574999999999999,True,True,capture,side|0|30|250|-20|0|1
pocket_scan_02185,side,0,0,30,250,-20,0,1,8.5999999999999996,7,1.2,4,6,2.8574999999999999,True,True,capture,side|0|30|250|-20|0|1
pocket_scan_02186,side,0,0,30,250,0,20,-1,8.5999999999999996,7,1.2,4,6,2.8574999999999999,True,True,capture,side|0|30|250|0|20|1
pocket_scan_02187,side,0,0,30,250,0,20,1,8.5999999999999996,7,1.2,4,6,2.8574999999999999,True,True,capture,side|0|30|250|0|20|1
pocket_scan_02188,side,0,0,30,250,0,-20,-1,8.5999999999999996,7,1.2,4,6,2.8574999999999999,True,True,capture,side|0|30|250|0|20|1
pocket_scan_02189,side,0,0,30,250,0,-20,1,8.5999999999999996,7,1.2,4,6,2.8574999999999999,True,True,capture,side|0|30|250|0|20|1
pocket_scan_02190,side,0,0,30,500,0,0,-1,8.5999999999999996,7,1.2,4,6,2.8574999999999999,True,True,capture,side|0|30|500|0|0|1
pocket_scan_02191,side,0,0,30,500,0,0,1,8.5999999999999996,7,1.2,4,6,2.8574999999999999,True,True,capture,side|0|30|500|0|0|1
pocket_scan_02192,side,0,0,30,500,20,0,-1,8.5999999999999996,7,1.2,4,6,2.8574999999999999,True,True,capture,side|0|30|500|20|0|1
pocket_scan_02193,side,0,0,30,500,20,0,1,8.5999999999999996,7,1.2,4,6,2.8574999999999999,True,True,capture,side|0|30|500|20|0|1
pocket_scan_02194,side,0,0,30,500,-20,0,-1,8.5999999999999996,7,1.2,4,6,2.8574999999999999,True,True,capture,side|0|30|500|-20|0|1
pocket_scan_02195,side,0,0,30,500,-20,0,1,8.5999999999999996,7,1.2,4,6,2.8574999999999999,True,True,capture,side|0|30|500|-20|0|1
pocket_scan_02196,side,0,0,30,500,0,20,-1,8.5999999999999996,7,1.2,4,6,2.8574999999999999,True,True,capture,side|0|30|500|0|20|1
pocket_scan_02197,side,0,0,30,500,0,20,1,8.5999999999999996,7,1.2,4,6,2.8574999999999999,True,True,capture,side|0|30|500|0|20|1
pocket_scan_02198,side,0,0,30,500,0,-20,-1,8.5999999999999996,7,1.2,4,6,2.8574999999999999,True,True,capture,side|0|30|500|0|20|1
pocket_scan_02199,side,0,0,30,500,0,-20,1,8.5999999999999996,7,1.2,4,6,2.8574999999999999,True,True,capture,side|0|30|500|0|20|1
pocket_scan_02200,side,0.40000000000000002,0.57699999999999996,-30,25,0,0,-1,8.5999999999999996,7,1.2,4,6,2.8574999999999999,True,True,capture,side|0.40000000000000002|30|25|0|0|1
pocket_scan_02201,side,0.40000000000000002,0.57699999999999996,-30,25,0,0,1,8.5999999999999996,7,1.2,4,6,2.8574999999999999,True,True,capture,side|0.40000000000000002|30|25|0|0|1
pocket_scan_02202,side,0.40000000000000002,0.57699999999999996,-30,25,20,0,-1,8.5999999999999996,7,1.2,4,6,2.8574999999999999,True,True,capture,side|0.40000000000000002|30|25|20|0|1
pocket_scan_02203,side,0.40000000000000002,0.57699999999999996,-30,25,20,0,1,8.5999999999999996,7,1.2,4,6,2.8574999999999999,True,True,capture,side|0.40000000000000002|30|25|20|0|1
pocket_scan_02204,side,0.40000000000000002,0.57699999999999996,-30,25,-20,0,-1,8.5999999999999996,7,1.2,4,6,2.8574999999999999,True,True,capture,side|0.40000000000000002|30|25|-20|0|1
pocket_scan_02205,side,0.40000000000000002,0.57699999999999996,-30,25,-20,0,1,8.5999999999999996,7,1.2,4,6,2.8574999999999999,True,True,capture,side|0.40000000000000002|30|25|-20|0|1
pocket_scan_02206,side,0.40000000000000002,0.57699999999999996,-30,25,0,20,-1,8.5999999999999996,7,1.2,4,6,2.8574999999999999,True,True,capture,side|0.40000000000000002|30|25|0|20|1
pocket_scan_02207,side,0.40000000000000002,0.57699999999999996,-30,25,0,20,1,8.5999999999999996,7,1.2,4,6,2.8574999999999999,True,True,capture,side|0.40000000000000002|30|25|0|20|1
pocket_scan_02208,side,0.40000000000000002,0.57699999999999996,-30,25,0,-20,-1,8.5999999999999996,7,1.2,4,6,2.8574999999999999,True,True,capture,side|0.40000000000000002|30|25|0|20|1
pocket_scan_02209,side,0.40000000000000002,0.57699999999999996,-30,25,0,-20,1,8.5999999999999996,7,1.2,4,6,2.8574999999999999,True,True,capture,side|0.40000000000000002|30|25|0|20|1
pocket_scan_02210,side,0.40000000000000002,0.57699999999999996,-30,100,0,0,-1,8.5999999999999996,7,1.2,4,6,2.8574999999999999,True,True,capture,side|0.40000000000000002|30|100|0|0|1
pocket_scan_02211,side,0.40000000000000002,0.57699999999999996,-30,100,0,0,1,8.5999999999999996,7,1.2,4,6,2.8574999999999999,True,True,capture,side|0.40000000000000002|30|100|0|0|1
pocket_scan_02212,side,0.40000000000000002,0.57699999999999996,-30,100,20,0,-1,8.5999999999999996,7,1.2,4,6,2.8574999999999999,True,True,capture,side|0.40000000000000002|30|100|20|0|1
pocket_scan_02213,side,0.40000000000000002,0.57699999999999996,-30,100,20,0,1,8.5999999999999996,7,1.2,4,6,2.8574999999999999,True,True,capture,side|0.40000000000000002|30|100|20|0|1
pocket_scan_02214,side,0.40000000000000002,0.57699999999999996,-30,100,-20,0,-1,8.5999999999999996,7,1.2,4,6,2.8574999999999999,True,True,capture,side|0.40000000000000002|30|100|-20|0|1
pocket_scan_02215,side,0.40000000000000002,0.57699999999999996,-30,100,-20,0,1,8.5999999999999996,7,1.2,4,6,2.8574999999999999,True,True,capture,side|0.40000000000000002|30|100|-20|0|1
pocket_scan_02216,side,0.40000000000000002,0.57699999999999996,-30,100,0,20,-1,8.5999999999999996,7,1.2,4,6,2.8574999999999999,True,True,capture,side|0.40000000000000002|30|100|0|20|1
pocket_scan_02217,side,0.40000000000000002,0.57699999999999996,-30,100,0,20,1,8.5999999999999996,7,1.2,4,6,2.8574999999999999,True,True,capture,side|0.40000000000000002|30|100|0|20|1
pocket_scan_02218,side,0.40000000000000002,0.57699999999999996,-30,100,0,-20,-1,8.5999999999999996,7,1.2,4,6,2.8574999999999999,True,True,capture,side|0.40000000000000002|30|100|0|20|1
pocket_scan_02219,side,0.40000000000000002,0.57699999999999996,-30,100,0,-20,1,8.5999999999999996,7,1.2,4,6,2.8574999999999999,True,True,capture,side|0.40000000000000002|30|100|0|20|1
pocket_scan_02220,side,0.40000000000000002,0.57699999999999996,-30,250,0,0,-1,8.5999999999999996,7,1.2,4,6,2.8574999999999999,True,True,capture,side|0.40000000000000002|30|250|0|0|1
pocket_scan_02221,side,0.40000000000000002,0.57699999999999996,-30,250,0,0,1,8.5999999999999996,7,1.2,4,6,2.8574999999999999,True,True,capture,side|0.40000000000000002|30|250|0|0|1
pocket_scan_02222,side,0.40000000000000002,0.57699999999999996,-30,250,20,0,-1,8.5999999999999996,7,1.2,4,6,2.8574999999999999,True,True,capture,side|0.40000000000000002|30|250|20|0|1
pocket_scan_02223,side,0.40000000000000002,0.57699999999999996,-30,250,20,0,1,8.5999999999999996,7,1.2,4,6,2.8574999999999999,True,True,capture,side|0.40000000000000002|30|250|20|0|1
pocket_scan_02224,side,0.40000000000000002,0.57699999999999996,-30,250,-20,0,-1,8.5999999999999996,7,1.2,4,6,2.8574999999999999,True,True,capture,side|0.40000000000000002|30|250|-20|0|1
pocket_scan_02225,side,0.40000000000000002,0.57699999999999996,-30,250,-20,0,1,8.5999999999999996,7,1.2,4,6,2.8574999999999999,True,True,capture,side|0.40000000000000002|30|250|-20|0|1
pocket_scan_02226,side,0.40000000000000002,0.57699999999999996,-30,250,0,20,-1,8.5999999999999996,7,1.2,4,6,2.8574999999999999,True,True,capture,side|0.40000000000000002|30|250|0|20|1
pocket_scan_02227,side,0.40000000000000002,0.57699999999999996,-30,250,0,20,1,8.5999999999999996,7,1.2,4,6,2.8574999999999999,True,True,capture,side|0.40000000000000002|30|250|0|20|1
pocket_scan_02228,side,0.40000000000000002,0.57699999999999996,-30,250,0,-20,-1,8.5999999999999996,7,1.2,4,6,2.8574999999999999,True,True,capture,side|0.40000000000000002|30|250|0|20|1
pocket_scan_02229,side,0.40000000000000002,0.57699999999999996,-30,250,0,-20,1,8.5999999999999996,7,1.2,4,6,2.8574999999999999,True,True,capture,side|0.40000000000000002|30|250|0|20|1
pocket_scan_02230,side,0.40000000000000002,0.57699999999999996,-30,500,0,0,-1,8.5999999999999996,7,1.2,4,6,2.8574999999999999,True,True,capture,side|0.40000000000000002|30|500|0|0|1
pocket_scan_02231,side,0.40000000000000002,0.57699999999999996,-30,500,0,0,1,8.5999999999999996,7,1.2,4,6,2.8574999999999999,True,True,capture,side|0.40000000000000002|30|500|0|0|1
pocket_scan_02232,side,0.40000000000000002,0.57699999999999996,-30,500,20,0,-1,8.5999999999999996,7,1.2,4,6,2.8574999999999999,True,True,capture,side|0.40000000000000002|30|500|20|0|1
pocket_scan_02233,side,0.40000000000000002,0.57699999999999996,-30,500,20,0,1,8.5999999999999996,7,1.2,4,6,2.8574999999999999,True,True,capture,side|0.40000000000000002|30|500|20|0|1
pocket_scan_02234,side,0.40000000000000002,0.57699999999999996,-30,500,-20,0,-1,8.5999999999999996,7,1.2,4,6,2.8574999999999999,True,True,capture,side|0.40000000000000002|30|500|-20|0|1
pocket_scan_02235,side,0.40000000000000002,0.57699999999999996,-30,500,-20,0,1,8.5999999999999996,7,1.2,4,6,2.8574999999999999,True,True,capture,side|0.40000000000000002|30|500|-20|0|1
pocket_scan_02236,side,0.40000000000000002,0.57699999999999996,-30,500,0,20,-1,8.5999999999999996,7,1.2,4,6,2.8574999999999999,True,True,capture,side|0.40000000000000002|30|500|0|20|1
pocket_scan_02237,side,0.40000000000000002,0.57699999999999996,-30,500,0,20,1,8.5999999999999996,7,1.2,4,6,2.8574999999999999,True,True,capture,side|0.40000000000000002|30|500|0|20|1
pocket_scan_02238,side,0.40000000000000002,0.57699999999999996,-30,500,0,-20,-1,8.5999999999999996,7,1.2,4,6,2.8574999999999999,True,True,capture,side|0.40000000000000002|30|500|0|20|1
pocket_scan_02239,side,0.40000000000000002,0.57699999999999996,-30,500,0,-20,1,8.5999999999999996,7,1.2,4,6,2.8574999999999999,True,True,capture,side|0.40000000000000002|30|500|0|20|1
pocket_scan_02240,side,0.40000000000000002,0.57699999999999996,-15,25,0,0,-1,8.5999999999999996,7,1.2,4,6,2.8574999999999999,True,True,capture,side|0.40000000000000002|15|25|0|0|1
pocket_scan_02241,side,0.40000000000000002,0.57699999999999996,-15,25,0,0,1,8.5999999999999996,7,1.2,4,6,2.8574999999999999,True,True,capture,side|0.40000000000000002|15|25|0|0|1
pocket_scan_02242,side,0.40000000000000002,0.57699999999999996,-15,25,20,0,-1,8.5999999999999996,7,1.2,4,6,2.8574999999999999,True,True,capture,side|0.40000000000000002|15|25|20|0|1
pocket_scan_02243,side,0.40000000000000002,0.57699999999999996,-15,25,20,0,1,8.5999999999999996,7,1.2,4,6,2.8574999999999999,True,True,capture,side|0.40000000000000002|15|25|20|0|1
pocket_scan_02244,side,0.40000000000000002,0.57699999999999996,-15,25,-20,0,-1,8.5999999999999996,7,1.2,4,6,2.8574999999999999,True,True,capture,side|0.40000000000000002|15|25|-20|0|1
pocket_scan_02245,side,0.40000000000000002,0.57699999999999996,-15,25,-20,0,1,8.5999999999999996,7,1.2,4,6,2.8574999999999999,True,True,capture,side|0.40000000000000002|15|25|-20|0|1
pocket_scan_02246,side,0.40000000000000002,0.57699999999999996,-15,25,0,20,-1,8.5999999999999996,7,1.2,4,6,2.8574999999999999,True,True,capture,side|0.40000000000000002|15|25|0|20|1
pocket_scan_02247,side,0.40000000000000002,0.57699999999999996,-15,25,0,20,1,8.5999999999999996,7,1.2,4,6,2.8574999999999999,True,True,capture,side|0.40000000000000002|15|25|0|20|1
pocket_scan_02248,side,0.40000000000000002,0.57699999999999996,-15,25,0,-20,-1,8.5999999999999996,7,1.2,4,6,2.8574999999999999,True,True,capture,side|0.40000000000000002|15|25|0|20|1
pocket_scan_02249,side,0.40000000000000002,0.57699999999999996,-15,25,0,-20,1,8.5999999999999996,7,1.2,4,6,2.8574999999999999,True,True,capture,side|0.40000000000000002|15|25|0|20|1
pocket_scan_02250,side,0.40000000000000002,0.57699999999999996,-15,100,0,0,-1,8.5999999999999996,7,1.2,4,6,2.8574999999999999,True,True,capture,side|0.40000000000000002|15|100|0|0|1
pocket_scan_02251,side,0.40000000000000002,0.57699999999999996,-15,100,0,0,1,8.5999999999999996,7,1.2,4,6,2.8574999999999999,True,True,capture,side|0.40000000000000002|15|100|0|0|1
pocket_scan_02252,side,0.40000000000000002,0.57699999999999996,-15,100,20,0,-1,8.5999999999999996,7,1.2,4,6,2.8574999999999999,True,True,capture,side|0.40000000000000002|15|100|20|0|1
pocket_scan_02253,side,0.40000000000000002,0.57699999999999996,-15,100,20,0,1,8.5999999999999996,7,1.2,4,6,2.8574999999999999,True,True,capture,side|0.40000000000000002|15|100|20|0|1
pocket_scan_02254,side,0.40000000000000002,0.57699999999999996,-15,100,-20,0,-1,8.5999999999999996,7,1.2,4,6,2.8574999999999999,True,True,capture,side|0.40000000000000002|15|100|-20|0|1
pocket_scan_02255,side,0.40000000000000002,0.57699999999999996,-15,100,-20,0,1,8.5999999999999996,7,1.2,4,6,2.8574999999999999,True,True,capture,side|0.40000000000000002|15|100|-20|0|1
pocket_scan_02256,side,0.40000000000000002,0.57699999999999996,-15,100,0,20,-1,8.5999999999999996,7,1.2,4,6,2.8574999999999999,True,True,capture,side|0.40000000000000002|15|100|0|20|1
pocket_scan_02257,side,0.40000000000000002,0.57699999999999996,-15,100,0,20,1,8.5999999999999996,7,1.2,4,6,2.8574999999999999,True,True,capture,side|0.40000000000000002|15|100|0|20|1
pocket_scan_02258,side,0.40000000000000002,0.57699999999999996,-15,100,0,-20,-1,8.5999999999999996,7,1.2,4,6,2.8574999999999999,True,True,capture,side|0.40000000000000002|15|100|0|20|1
pocket_scan_02259,side,0.40000000000000002,0.57699999999999996,-15,100,0,-20,1,8.5999999999999996,7,1.2,4,6,2.8574999999999999,True,True,capture,side|0.40000000000000002|15|100|0|20|1
pocket_scan_02260,side,0.40000000000000002,0.57699999999999996,-15,250,0,0,-1,8.5999999999999996,7,1.2,4,6,2.8574999999999999,True,True,capture,side|0.40000000000000002|15|250|0|0|1
pocket_scan_02261,side,0.40000000000000002,0.57699999999999996,-15,250,0,0,1,8.5999999999999996,7,1.2,4,6,2.8574999999999999,True,True,capture,side|0.40000000000000002|15|250|0|0|1
pocket_scan_02262,side,0.40000000000000002,0.57699999999999996,-15,250,20,0,-1,8.5999999999999996,7,1.2,4,6,2.8574999999999999,True,True,capture,side|0.40000000000000002|15|250|20|0|1
pocket_scan_02263,side,0.40000000000000002,0.57699999999999996,-15,250,20,0,1,8.5999999999999996,7,1.2,4,6,2.8574999999999999,True,True,capture,side|0.40000000000000002|15|250|20|0|1
pocket_scan_02264,side,0.40000000000000002,0.57699999999999996,-15,250,-20,0,-1,8.5999999999999996,7,1.2,4,6,2.8574999999999999,True,True,capture,side|0.40000000000000002|15|250|-20|0|1
pocket_scan_02265,side,0.40000000000000002,0.57699999999999996,-15,250,-20,0,1,8.5999999999999996,7,1.2,4,6,2.8574999999999999,True,True,capture,side|0.40000000000000002|15|250|-20|0|1
pocket_scan_02266,side,0.40000000000000002,0.57699999999999996,-15,250,0,20,-1,8.5999999999999996,7,1.2,4,6,2.8574999999999999,True,True,capture,side|0.40000000000000002|15|250|0|20|1
pocket_scan_02267,side,0.40000000000000002,0.57699999999999996,-15,250,0,20,1,8.5999999999999996,7,1.2,4,6,2.8574999999999999,True,True,capture,side|0.40000000000000002|15|250|0|20|1
pocket_scan_02268,side,0.40000000000000002,0.57699999999999996,-15,250,0,-20,-1,8.5999999999999996,7,1.2,4,6,2.8574999999999999,True,True,capture,side|0.40000000000000002|15|250|0|20|1
pocket_scan_02269,side,0.40000000000000002,0.57699999999999996,-15,250,0,-20,1,8.5999999999999996,7,1.2,4,6,2.8574999999999999,True,True,capture,side|0.40000000000000002|15|250|0|20|1
pocket_scan_02270,side,0.40000000000000002,0.57699999999999996,-15,500,0,0,-1,8.5999999999999996,7,1.2,4,6,2.8574999999999999,True,True,capture,side|0.40000000000000002|15|500|0|0|1
pocket_scan_02271,side,0.40000000000000002,0.57699999999999996,-15,500,0,0,1,8.5999999999999996,7,1.2,4,6,2.8574999999999999,True,True,capture,side|0.40000000000000002|15|500|0|0|1
pocket_scan_02272,side,0.40000000000000002,0.57699999999999996,-15,500,20,0,-1,8.5999999999999996,7,1.2,4,6,2.8574999999999999,True,True,capture,side|0.40000000000000002|15|500|20|0|1
pocket_scan_02273,side,0.40000000000000002,0.57699999999999996,-15,500,20,0,1,8.5999999999999996,7,1.2,4,6,2.8574999999999999,True,True,capture,side|0.40000000000000002|15|500|20|0|1
pocket_scan_02274,side,0.40000000000000002,0.57699999999999996,-15,500,-20,0,-1,8.5999999999999996,7,1.2,4,6,2.8574999999999999,True,True,capture,side|0.40000000000000002|15|500|-20|0|1
pocket_scan_02275,side,0.40000000000000002,0.57699999999999996,-15,500,-20,0,1,8.5999999999999996,7,1.2,4,6,2.8574999999999999,True,True,capture,side|0.40000000000000002|15|500|-20|0|1
pocket_scan_02276,side,0.40000000000000002,0.57699999999999996,-15,500,0,20,-1,8.5999999999999996,7,1.2,4,6,2.8574999999999999,True,True,capture,side|0.40000000000000002|15|500|0|20|1
pocket_scan_02277,side,0.40000000000000002,0.57699999999999996,-15,500,0,20,1,8.5999999999999996,7,1.2,4,6,2.8574999999999999,True,True,capture,side|0.40000000000000002|15|500|0|20|1
pocket_scan_02278,side,0.40000000000000002,0.57699999999999996,-15,500,0,-20,-1,8.5999999999999996,7,1.2,4,6,2.8574999999999999,True,True,capture,side|0.40000000000000002|15|500|0|20|1
pocket_scan_02279,side,0.40000000000000002,0.57699999999999996,-15,500,0,-20,1,8.5999999999999996,7,1.2,4,6,2.8574999999999999,True,True,capture,side|0.40000000000000002|15|500|0|20|1
pocket_scan_02280,side,0.40000000000000002,0.57699999999999996,0,25,0,0,-1,8.5999999999999996,7,1.2,4,6,2.8574999999999999,True,True,capture,side|0.40000000000000002|0|25|0|0|1
pocket_scan_02281,side,0.40000000000000002,0.57699999999999996,0,25,0,0,1,8.5999999999999996,7,1.2,4,6,2.8574999999999999,True,True,capture,side|0.40000000000000002|0|25|0|0|1
pocket_scan_02282,side,0.40000000000000002,0.57699999999999996,0,25,20,0,-1,8.5999999999999996,7,1.2,4,6,2.8574999999999999,True,True,capture,side|0.40000000000000002|0|25|20|0|1
pocket_scan_02283,side,0.40000000000000002,0.57699999999999996,0,25,20,0,1,8.5999999999999996,7,1.2,4,6,2.8574999999999999,True,True,capture,side|0.40000000000000002|0|25|20|0|1
pocket_scan_02284,side,0.40000000000000002,0.57699999999999996,0,25,-20,0,-1,8.5999999999999996,7,1.2,4,6,2.8574999999999999,True,True,capture,side|0.40000000000000002|0|25|-20|0|1
pocket_scan_02285,side,0.40000000000000002,0.57699999999999996,0,25,-20,0,1,8.5999999999999996,7,1.2,4,6,2.8574999999999999,True,True,capture,side|0.40000000000000002|0|25|-20|0|1
pocket_scan_02286,side,0.40000000000000002,0.57699999999999996,0,25,0,20,-1,8.5999999999999996,7,1.2,4,6,2.8574999999999999,True,True,capture,side|0.40000000000000002|0|25|0|20|1
pocket_scan_02287,side,0.40000000000000002,0.57699999999999996,0,25,0,20,1,8.5999999999999996,7,1.2,4,6,2.8574999999999999,True,True,capture,side|0.40000000000000002|0|25|0|20|1
pocket_scan_02288,side,0.40000000000000002,0.57699999999999996,0,25,0,-20,-1,8.5999999999999996,7,1.2,4,6,2.8574999999999999,True,True,capture,side|0.40000000000000002|0|25|0|20|1
pocket_scan_02289,side,0.40000000000000002,0.57699999999999996,0,25,0,-20,1,8.5999999999999996,7,1.2,4,6,2.8574999999999999,True,True,capture,side|0.40000000000000002|0|25|0|20|1
pocket_scan_02290,side,0.40000000000000002,0.57699999999999996,0,100,0,0,-1,8.5999999999999996,7,1.2,4,6,2.8574999999999999,True,True,capture,side|0.40000000000000002|0|100|0|0|1
pocket_scan_02291,side,0.40000000000000002,0.57699999999999996,0,100,0,0,1,8.5999999999999996,7,1.2,4,6,2.8574999999999999,True,True,capture,side|0.40000000000000002|0|100|0|0|1
pocket_scan_02292,side,0.40000000000000002,0.57699999999999996,0,100,20,0,-1,8.5999999999999996,7,1.2,4,6,2.8574999999999999,True,True,capture,side|0.40000000000000002|0|100|20|0|1
pocket_scan_02293,side,0.40000000000000002,0.57699999999999996,0,100,20,0,1,8.5999999999999996,7,1.2,4,6,2.8574999999999999,True,True,capture,side|0.40000000000000002|0|100|20|0|1
pocket_scan_02294,side,0.40000000000000002,0.57699999999999996,0,100,-20,0,-1,8.5999999999999996,7,1.2,4,6,2.8574999999999999,True,True,capture,side|0.40000000000000002|0|100|-20|0|1
pocket_scan_02295,side,0.40000000000000002,0.57699999999999996,0,100,-20,0,1,8.5999999999999996,7,1.2,4,6,2.8574999999999999,True,True,capture,side|0.40000000000000002|0|100|-20|0|1
pocket_scan_02296,side,0.40000000000000002,0.57699999999999996,0,100,0,20,-1,8.5999999999999996,7,1.2,4,6,2.8574999999999999,True,True,capture,side|0.40000000000000002|0|100|0|20|1
pocket_scan_02297,side,0.40000000000000002,0.57699999999999996,0,100,0,20,1,8.5999999999999996,7,1.2,4,6,2.8574999999999999,True,True,capture,side|0.40000000000000002|0|100|0|20|1
pocket_scan_02298,side,0.40000000000000002,0.57699999999999996,0,100,0,-20,-1,8.5999999999999996,7,1.2,4,6,2.8574999999999999,True,True,capture,side|0.40000000000000002|0|100|0|20|1
pocket_scan_02299,side,0.40000000000000002,0.57699999999999996,0,100,0,-20,1,8.5999999999999996,7,1.2,4,6,2.8574999999999999,True,True,capture,side|0.40000000000000002|0|100|0|20|1
pocket_scan_02300,side,0.40000000000000002,0.57699999999999996,0,250,0,0,-1,8.5999999999999996,7,1.2,4,6,2.8574999999999999,True,True,capture,side|0.40000000000000002|0|250|0|0|1
pocket_scan_02301,side,0.40000000000000002,0.57699999999999996,0,250,0,0,1,8.5999999999999996,7,1.2,4,6,2.8574999999999999,True,True,capture,side|0.40000000000000002|0|250|0|0|1
pocket_scan_02302,side,0.40000000000000002,0.57699999999999996,0,250,20,0,-1,8.5999999999999996,7,1.2,4,6,2.8574999999999999,True,True,capture,side|0.40000000000000002|0|250|20|0|1
pocket_scan_02303,side,0.40000000000000002,0.57699999999999996,0,250,20,0,1,8.5999999999999996,7,1.2,4,6,2.8574999999999999,True,True,capture,side|0.40000000000000002|0|250|20|0|1
pocket_scan_02304,side,0.40000000000000002,0.57699999999999996,0,250,-20,0,-1,8.5999999999999996,7,1.2,4,6,2.8574999999999999,True,True,capture,side|0.40000000000000002|0|250|-20|0|1
pocket_scan_02305,side,0.40000000000000002,0.57699999999999996,0,250,-20,0,1,8.5999999999999996,7,1.2,4,6,2.8574999999999999,True,True,capture,side|0.40000000000000002|0|250|-20|0|1
pocket_scan_02306,side,0.40000000000000002,0.57699999999999996,0,250,0,20,-1,8.5999999999999996,7,1.2,4,6,2.8574999999999999,True,True,capture,side|0.40000000000000002|0|250|0|20|1
pocket_scan_02307,side,0.40000000000000002,0.57699999999999996,0,250,0,20,1,8.5999999999999996,7,1.2,4,6,2.8574999999999999,True,True,capture,side|0.40000000000000002|0|250|0|20|1
pocket_scan_02308,side,0.40000000000000002,0.57699999999999996,0,250,0,-20,-1,8.5999999999999996,7,1.2,4,6,2.8574999999999999,True,True,capture,side|0.40000000000000002|0|250|0|20|1
pocket_scan_02309,side,0.40000000000000002,0.57699999999999996,0,250,0,-20,1,8.5999999999999996,7,1.2,4,6,2.8574999999999999,True,True,capture,side|0.40000000000000002|0|250|0|20|1
pocket_scan_02310,side,0.40000000000000002,0.57699999999999996,0,500,0,0,-1,8.5999999999999996,7,1.2,4,6,2.8574999999999999,True,True,capture,side|0.40000000000000002|0|500|0|0|1
pocket_scan_02311,side,0.40000000000000002,0.57699999999999996,0,500,0,0,1,8.5999999999999996,7,1.2,4,6,2.8574999999999999,True,True,capture,side|0.40000000000000002|0|500|0|0|1
pocket_scan_02312,side,0.40000000000000002,0.57699999999999996,0,500,20,0,-1,8.5999999999999996,7,1.2,4,6,2.8574999999999999,True,True,capture,side|0.40000000000000002|0|500|20|0|1
pocket_scan_02313,side,0.40000000000000002,0.57699999999999996,0,500,20,0,1,8.5999999999999996,7,1.2,4,6,2.8574999999999999,True,True,capture,side|0.40000000000000002|0|500|20|0|1
pocket_scan_02314,side,0.40000000000000002,0.57699999999999996,0,500,-20,0,-1,8.5999999999999996,7,1.2,4,6,2.8574999999999999,True,True,capture,side|0.40000000000000002|0|500|-20|0|1
pocket_scan_02315,side,0.40000000000000002,0.57699999999999996,0,500,-20,0,1,8.5999999999999996,7,1.2,4,6,2.8574999999999999,True,True,capture,side|0.40000000000000002|0|500|-20|0|1
pocket_scan_02316,side,0.40000000000000002,0.57699999999999996,0,500,0,20,-1,8.5999999999999996,7,1.2,4,6,2.8574999999999999,True,True,capture,side|0.40000000000000002|0|500|0|20|1
pocket_scan_02317,side,0.40000000000000002,0.57699999999999996,0,500,0,20,1,8.5999999999999996,7,1.2,4,6,2.8574999999999999,True,True,capture,side|0.40000000000000002|0|500|0|20|1
pocket_scan_02318,side,0.40000000000000002,0.57699999999999996,0,500,0,-20,-1,8.5999999999999996,7,1.2,4,6,2.8574999999999999,True,True,capture,side|0.40000000000000002|0|500|0|20|1
pocket_scan_02319,side,0.40000000000000002,0.57699999999999996,0,500,0,-20,1,8.5999999999999996,7,1.2,4,6,2.8574999999999999,True,True,capture,side|0.40000000000000002|0|500|0|20|1
pocket_scan_02320,side,0.40000000000000002,0.57699999999999996,15,25,0,0,-1,8.5999999999999996,7,1.2,4,6,2.8574999999999999,True,True,capture,side|0.40000000000000002|15|25|0|0|1
pocket_scan_02321,side,0.40000000000000002,0.57699999999999996,15,25,0,0,1,8.5999999999999996,7,1.2,4,6,2.8574999999999999,True,True,capture,side|0.40000000000000002|15|25|0|0|1
pocket_scan_02322,side,0.40000000000000002,0.57699999999999996,15,25,20,0,-1,8.5999999999999996,7,1.2,4,6,2.8574999999999999,True,True,capture,side|0.40000000000000002|15|25|20|0|1
pocket_scan_02323,side,0.40000000000000002,0.57699999999999996,15,25,20,0,1,8.5999999999999996,7,1.2,4,6,2.8574999999999999,True,True,capture,side|0.40000000000000002|15|25|20|0|1
pocket_scan_02324,side,0.40000000000000002,0.57699999999999996,15,25,-20,0,-1,8.5999999999999996,7,1.2,4,6,2.8574999999999999,True,True,capture,side|0.40000000000000002|15|25|-20|0|1
pocket_scan_02325,side,0.40000000000000002,0.57699999999999996,15,25,-20,0,1,8.5999999999999996,7,1.2,4,6,2.8574999999999999,True,True,capture,side|0.40000000000000002|15|25|-20|0|1
pocket_scan_02326,side,0.40000000000000002,0.57699999999999996,15,25,0,20,-1,8.5999999999999996,7,1.2,4,6,2.8574999999999999,True,True,capture,side|0.40000000000000002|15|25|0|20|1
pocket_scan_02327,side,0.40000000000000002,0.57699999999999996,15,25,0,20,1,8.5999999999999996,7,1.2,4,6,2.8574999999999999,True,True,capture,side|0.40000000000000002|15|25|0|20|1
pocket_scan_02328,side,0.40000000000000002,0.57699999999999996,15,25,0,-20,-1,8.5999999999999996,7,1.2,4,6,2.8574999999999999,True,True,capture,side|0.40000000000000002|15|25|0|20|1
pocket_scan_02329,side,0.40000000000000002,0.57699999999999996,15,25,0,-20,1,8.5999999999999996,7,1.2,4,6,2.8574999999999999,True,True,capture,side|0.40000000000000002|15|25|0|20|1
pocket_scan_02330,side,0.40000000000000002,0.57699999999999996,15,100,0,0,-1,8.5999999999999996,7,1.2,4,6,2.8574999999999999,True,True,capture,side|0.40000000000000002|15|100|0|0|1
pocket_scan_02331,side,0.40000000000000002,0.57699999999999996,15,100,0,0,1,8.5999999999999996,7,1.2,4,6,2.8574999999999999,True,True,capture,side|0.40000000000000002|15|100|0|0|1
pocket_scan_02332,side,0.40000000000000002,0.57699999999999996,15,100,20,0,-1,8.5999999999999996,7,1.2,4,6,2.8574999999999999,True,True,capture,side|0.40000000000000002|15|100|20|0|1
pocket_scan_02333,side,0.40000000000000002,0.57699999999999996,15,100,20,0,1,8.5999999999999996,7,1.2,4,6,2.8574999999999999,True,True,capture,side|0.40000000000000002|15|100|20|0|1
pocket_scan_02334,side,0.40000000000000002,0.57699999999999996,15,100,-20,0,-1,8.5999999999999996,7,1.2,4,6,2.8574999999999999,True,True,capture,side|0.40000000000000002|15|100|-20|0|1
pocket_scan_02335,side,0.40000000000000002,0.57699999999999996,15,100,-20,0,1,8.5999999999999996,7,1.2,4,6,2.8574999999999999,True,True,capture,side|0.40000000000000002|15|100|-20|0|1
pocket_scan_02336,side,0.40000000000000002,0.57699999999999996,15,100,0,20,-1,8.5999999999999996,7,1.2,4,6,2.8574999999999999,True,True,capture,side|0.40000000000000002|15|100|0|20|1
pocket_scan_02337,side,0.40000000000000002,0.57699999999999996,15,100,0,20,1,8.5999999999999996,7,1.2,4,6,2.8574999999999999,True,True,capture,side|0.40000000000000002|15|100|0|20|1
pocket_scan_02338,side,0.40000000000000002,0.57699999999999996,15,100,0,-20,-1,8.5999999999999996,7,1.2,4,6,2.8574999999999999,True,True,capture,side|0.40000000000000002|15|100|0|20|1
pocket_scan_02339,side,0.40000000000000002,0.57699999999999996,15,100,0,-20,1,8.5999999999999996,7,1.2,4,6,2.8574999999999999,True,True,capture,side|0.40000000000000002|15|100|0|20|1
pocket_scan_02340,side,0.40000000000000002,0.57699999999999996,15,250,0,0,-1,8.5999999999999996,7,1.2,4,6,2.8574999999999999,True,True,capture,side|0.40000000000000002|15|250|0|0|1
pocket_scan_02341,side,0.40000000000000002,0.57699999999999996,15,250,0,0,1,8.5999999999999996,7,1.2,4,6,2.8574999999999999,True,True,capture,side|0.40000000000000002|15|250|0|0|1
pocket_scan_02342,side,0.40000000000000002,0.57699999999999996,15,250,20,0,-1,8.5999999999999996,7,1.2,4,6,2.8574999999999999,True,True,capture,side|0.40000000000000002|15|250|20|0|1
pocket_scan_02343,side,0.40000000000000002,0.57699999999999996,15,250,20,0,1,8.5999999999999996,7,1.2,4,6,2.8574999999999999,True,True,capture,side|0.40000000000000002|15|250|20|0|1
pocket_scan_02344,side,0.40000000000000002,0.57699999999999996,15,250,-20,0,-1,8.5999999999999996,7,1.2,4,6,2.8574999999999999,True,True,capture,side|0.40000000000000002|15|250|-20|0|1
pocket_scan_02345,side,0.40000000000000002,0.57699999999999996,15,250,-20,0,1,8.5999999999999996,7,1.2,4,6,2.8574999999999999,True,True,capture,side|0.40000000000000002|15|250|-20|0|1
pocket_scan_02346,side,0.40000000000000002,0.57699999999999996,15,250,0,20,-1,8.5999999999999996,7,1.2,4,6,2.8574999999999999,True,True,capture,side|0.40000000000000002|15|250|0|20|1
pocket_scan_02347,side,0.40000000000000002,0.57699999999999996,15,250,0,20,1,8.5999999999999996,7,1.2,4,6,2.8574999999999999,True,True,capture,side|0.40000000000000002|15|250|0|20|1
pocket_scan_02348,side,0.40000000000000002,0.57699999999999996,15,250,0,-20,-1,8.5999999999999996,7,1.2,4,6,2.8574999999999999,True,True,capture,side|0.40000000000000002|15|250|0|20|1
pocket_scan_02349,side,0.40000000000000002,0.57699999999999996,15,250,0,-20,1,8.5999999999999996,7,1.2,4,6,2.8574999999999999,True,True,capture,side|0.40000000000000002|15|250|0|20|1
pocket_scan_02350,side,0.40000000000000002,0.57699999999999996,15,500,0,0,-1,8.5999999999999996,7,1.2,4,6,2.8574999999999999,True,True,capture,side|0.40000000000000002|15|500|0|0|1
pocket_scan_02351,side,0.40000000000000002,0.57699999999999996,15,500,0,0,1,8.5999999999999996,7,1.2,4,6,2.8574999999999999,True,True,capture,side|0.40000000000000002|15|500|0|0|1
pocket_scan_02352,side,0.40000000000000002,0.57699999999999996,15,500,20,0,-1,8.5999999999999996,7,1.2,4,6,2.8574999999999999,True,True,capture,side|0.40000000000000002|15|500|20|0|1
pocket_scan_02353,side,0.40000000000000002,0.57699999999999996,15,500,20,0,1,8.5999999999999996,7,1.2,4,6,2.8574999999999999,True,True,capture,side|0.40000000000000002|15|500|20|0|1
pocket_scan_02354,side,0.40000000000000002,0.57699999999999996,15,500,-20,0,-1,8.5999999999999996,7,1.2,4,6,2.8574999999999999,True,True,capture,side|0.40000000000000002|15|500|-20|0|1
pocket_scan_02355,side,0.40000000000000002,0.57699999999999996,15,500,-20,0,1,8.5999999999999996,7,1.2,4,6,2.8574999999999999,True,True,capture,side|0.40000000000000002|15|500|-20|0|1
pocket_scan_02356,side,0.40000000000000002,0.57699999999999996,15,500,0,20,-1,8.5999999999999996,7,1.2,4,6,2.8574999999999999,True,True,capture,side|0.40000000000000002|15|500|0|20|1
pocket_scan_02357,side,0.40000000000000002,0.57699999999999996,15,500,0,20,1,8.5999999999999996,7,1.2,4,6,2.8574999999999999,True,True,capture,side|0.40000000000000002|15|500|0|20|1
pocket_scan_02358,side,0.40000000000000002,0.57699999999999996,15,500,0,-20,-1,8.5999999999999996,7,1.2,4,6,2.8574999999999999,True,True,capture,side|0.40000000000000002|15|500|0|20|1
pocket_scan_02359,side,0.40000000000000002,0.57699999999999996,15,500,0,-20,1,8.5999999999999996,7,1.2,4,6,2.8574999999999999,True,True,capture,side|0.40000000000000002|15|500|0|20|1
pocket_scan_02360,side,0.40000000000000002,0.57699999999999996,30,25,0,0,-1,8.5999999999999996,7,1.2,4,6,2.8574999999999999,True,True,capture,side|0.40000000000000002|30|25|0|0|1
pocket_scan_02361,side,0.40000000000000002,0.57699999999999996,30,25,0,0,1,8.5999999999999996,7,1.2,4,6,2.8574999999999999,True,True,capture,side|0.40000000000000002|30|25|0|0|1
pocket_scan_02362,side,0.40000000000000002,0.57699999999999996,30,25,20,0,-1,8.5999999999999996,7,1.2,4,6,2.8574999999999999,True,True,capture,side|0.40000000000000002|30|25|20|0|1
pocket_scan_02363,side,0.40000000000000002,0.57699999999999996,30,25,20,0,1,8.5999999999999996,7,1.2,4,6,2.8574999999999999,True,True,capture,side|0.40000000000000002|30|25|20|0|1
pocket_scan_02364,side,0.40000000000000002,0.57699999999999996,30,25,-20,0,-1,8.5999999999999996,7,1.2,4,6,2.8574999999999999,True,True,capture,side|0.40000000000000002|30|25|-20|0|1
pocket_scan_02365,side,0.40000000000000002,0.57699999999999996,30,25,-20,0,1,8.5999999999999996,7,1.2,4,6,2.8574999999999999,True,True,capture,side|0.40000000000000002|30|25|-20|0|1
pocket_scan_02366,side,0.40000000000000002,0.57699999999999996,30,25,0,20,-1,8.5999999999999996,7,1.2,4,6,2.8574999999999999,True,True,capture,side|0.40000000000000002|30|25|0|20|1
pocket_scan_02367,side,0.40000000000000002,0.57699999999999996,30,25,0,20,1,8.5999999999999996,7,1.2,4,6,2.8574999999999999,True,True,capture,side|0.40000000000000002|30|25|0|20|1
pocket_scan_02368,side,0.40000000000000002,0.57699999999999996,30,25,0,-20,-1,8.5999999999999996,7,1.2,4,6,2.8574999999999999,True,True,capture,side|0.40000000000000002|30|25|0|20|1
pocket_scan_02369,side,0.40000000000000002,0.57699999999999996,30,25,0,-20,1,8.5999999999999996,7,1.2,4,6,2.8574999999999999,True,True,capture,side|0.40000000000000002|30|25|0|20|1
pocket_scan_02370,side,0.40000000000000002,0.57699999999999996,30,100,0,0,-1,8.5999999999999996,7,1.2,4,6,2.8574999999999999,True,True,capture,side|0.40000000000000002|30|100|0|0|1
pocket_scan_02371,side,0.40000000000000002,0.57699999999999996,30,100,0,0,1,8.5999999999999996,7,1.2,4,6,2.8574999999999999,True,True,capture,side|0.40000000000000002|30|100|0|0|1
pocket_scan_02372,side,0.40000000000000002,0.57699999999999996,30,100,20,0,-1,8.5999999999999996,7,1.2,4,6,2.8574999999999999,True,True,capture,side|0.40000000000000002|30|100|20|0|1
pocket_scan_02373,side,0.40000000000000002,0.57699999999999996,30,100,20,0,1,8.5999999999999996,7,1.2,4,6,2.8574999999999999,True,True,capture,side|0.40000000000000002|30|100|20|0|1
pocket_scan_02374,side,0.40000000000000002,0.57699999999999996,30,100,-20,0,-1,8.5999999999999996,7,1.2,4,6,2.8574999999999999,True,True,capture,side|0.40000000000000002|30|100|-20|0|1
pocket_scan_02375,side,0.40000000000000002,0.57699999999999996,30,100,-20,0,1,8.5999999999999996,7,1.2,4,6,2.8574999999999999,True,True,capture,side|0.40000000000000002|30|100|-20|0|1
pocket_scan_02376,side,0.40000000000000002,0.57699999999999996,30,100,0,20,-1,8.5999999999999996,7,1.2,4,6,2.8574999999999999,True,True,capture,side|0.40000000000000002|30|100|0|20|1
pocket_scan_02377,side,0.40000000000000002,0.57699999999999996,30,100,0,20,1,8.5999999999999996,7,1.2,4,6,2.8574999999999999,True,True,capture,side|0.40000000000000002|30|100|0|20|1
pocket_scan_02378,side,0.40000000000000002,0.57699999999999996,30,100,0,-20,-1,8.5999999999999996,7,1.2,4,6,2.8574999999999999,True,True,capture,side|0.40000000000000002|30|100|0|20|1
pocket_scan_02379,side,0.40000000000000002,0.57699999999999996,30,100,0,-20,1,8.5999999999999996,7,1.2,4,6,2.8574999999999999,True,True,capture,side|0.40000000000000002|30|100|0|20|1
pocket_scan_02380,side,0.40000000000000002,0.57699999999999996,30,250,0,0,-1,8.5999999999999996,7,1.2,4,6,2.8574999999999999,True,True,capture,side|0.40000000000000002|30|250|0|0|1
pocket_scan_02381,side,0.40000000000000002,0.57699999999999996,30,250,0,0,1,8.5999999999999996,7,1.2,4,6,2.8574999999999999,True,True,capture,side|0.40000000000000002|30|250|0|0|1
pocket_scan_02382,side,0.40000000000000002,0.57699999999999996,30,250,20,0,-1,8.5999999999999996,7,1.2,4,6,2.8574999999999999,True,True,capture,side|0.40000000000000002|30|250|20|0|1
pocket_scan_02383,side,0.40000000000000002,0.57699999999999996,30,250,20,0,1,8.5999999999999996,7,1.2,4,6,2.8574999999999999,True,True,capture,side|0.40000000000000002|30|250|20|0|1
pocket_scan_02384,side,0.40000000000000002,0.57699999999999996,30,250,-20,0,-1,8.5999999999999996,7,1.2,4,6,2.8574999999999999,True,True,capture,side|0.40000000000000002|30|250|-20|0|1
pocket_scan_02385,side,0.40000000000000002,0.57699999999999996,30,250,-20,0,1,8.5999999999999996,7,1.2,4,6,2.8574999999999999,True,True,capture,side|0.40000000000000002|30|250|-20|0|1
pocket_scan_02386,side,0.40000000000000002,0.57699999999999996,30,250,0,20,-1,8.5999999999999996,7,1.2,4,6,2.8574999999999999,True,True,capture,side|0.40000000000000002|30|250|0|20|1
pocket_scan_02387,side,0.40000000000000002,0.57699999999999996,30,250,0,20,1,8.5999999999999996,7,1.2,4,6,2.8574999999999999,True,True,capture,side|0.40000000000000002|30|250|0|20|1
pocket_scan_02388,side,0.40000000000000002,0.57699999999999996,30,250,0,-20,-1,8.5999999999999996,7,1.2,4,6,2.8574999999999999,True,True,capture,side|0.40000000000000002|30|250|0|20|1
pocket_scan_02389,side,0.40000000000000002,0.57699999999999996,30,250,0,-20,1,8.5999999999999996,7,1.2,4,6,2.8574999999999999,True,True,capture,side|0.40000000000000002|30|250|0|20|1
pocket_scan_02390,side,0.40000000000000002,0.57699999999999996,30,500,0,0,-1,8.5999999999999996,7,1.2,4,6,2.8574999999999999,True,True,capture,side|0.40000000000000002|30|500|0|0|1
pocket_scan_02391,side,0.40000000000000002,0.57699999999999996,30,500,0,0,1,8.5999999999999996,7,1.2,4,6,2.8574999999999999,True,True,capture,side|0.40000000000000002|30|500|0|0|1
pocket_scan_02392,side,0.40000000000000002,0.57699999999999996,30,500,20,0,-1,8.5999999999999996,7,1.2,4,6,2.8574999999999999,True,True,capture,side|0.40000000000000002|30|500|20|0|1
pocket_scan_02393,side,0.40000000000000002,0.57699999999999996,30,500,20,0,1,8.5999999999999996,7,1.2,4,6,2.8574999999999999,True,True,capture,side|0.40000000000000002|30|500|20|0|1
pocket_scan_02394,side,0.40000000000000002,0.57699999999999996,30,500,-20,0,-1,8.5999999999999996,7,1.2,4,6,2.8574999999999999,True,True,capture,side|0.40000000000000002|30|500|-20|0|1
pocket_scan_02395,side,0.40000000000000002,0.57699999999999996,30,500,-20,0,1,8.5999999999999996,7,1.2,4,6,2.8574999999999999,True,True,capture,side|0.40000000000000002|30|500|-20|0|1
pocket_scan_02396,side,0.40000000000000002,0.57699999999999996,30,500,0,20,-1,8.5999999999999996,7,1.2,4,6,2.8574999999999999,True,True,capture,side|0.40000000000000002|30|500|0|20|1
pocket_scan_02397,side,0.40000000000000002,0.57699999999999996,30,500,0,20,1,8.5999999999999996,7,1.2,4,6,2.8574999999999999,True,True,capture,side|0.40000000000000002|30|500|0|20|1
pocket_scan_02398,side,0.40000000000000002,0.57699999999999996,30,500,0,-20,-1,8.5999999999999996,7,1.2,4,6,2.8574999999999999,True,True,capture,side|0.40000000000000002|30|500|0|20|1
pocket_scan_02399,side,0.40000000000000002,0.57699999999999996,30,500,0,-20,1,8.5999999999999996,7,1.2,4,6,2.8574999999999999,True,True,capture,side|0.40000000000000002|30|500|0|20|1
pocket_scan_02400,side,0.80000000000000004,1.1539999999999999,-30,25,0,0,-1,8.5999999999999996,7,1.2,4,6,2.8574999999999999,True,False,jaw_or_rail_rejection,side|0.80000000000000004|30|25|0|0|1
pocket_scan_02401,side,0.80000000000000004,1.1539999999999999,-30,25,0,0,1,8.5999999999999996,7,1.2,4,6,2.8574999999999999,True,False,jaw_or_rail_rejection,side|0.80000000000000004|30|25|0|0|1
pocket_scan_02402,side,0.80000000000000004,1.1539999999999999,-30,25,20,0,-1,8.5999999999999996,7,1.2,4,6,2.8574999999999999,True,False,jaw_or_rail_rejection,side|0.80000000000000004|30|25|20|0|1
pocket_scan_02403,side,0.80000000000000004,1.1539999999999999,-30,25,20,0,1,8.5999999999999996,7,1.2,4,6,2.8574999999999999,True,False,jaw_or_rail_rejection,side|0.80000000000000004|30|25|20|0|1
pocket_scan_02404,side,0.80000000000000004,1.1539999999999999,-30,25,-20,0,-1,8.5999999999999996,7,1.2,4,6,2.8574999999999999,True,False,jaw_or_rail_rejection,side|0.80000000000000004|30|25|-20|0|1
pocket_scan_02405,side,0.80000000000000004,1.1539999999999999,-30,25,-20,0,1,8.5999999999999996,7,1.2,4,6,2.8574999999999999,True,False,jaw_or_rail_rejection,side|0.80000000000000004|30|25|-20|0|1
pocket_scan_02406,side,0.80000000000000004,1.1539999999999999,-30,25,0,20,-1,8.5999999999999996,7,1.2,4,6,2.8574999999999999,True,False,jaw_or_rail_rejection,side|0.80000000000000004|30|25|0|20|1
pocket_scan_02407,side,0.80000000000000004,1.1539999999999999,-30,25,0,20,1,8.5999999999999996,7,1.2,4,6,2.8574999999999999,True,False,jaw_or_rail_rejection,side|0.80000000000000004|30|25|0|20|1
pocket_scan_02408,side,0.80000000000000004,1.1539999999999999,-30,25,0,-20,-1,8.5999999999999996,7,1.2,4,6,2.8574999999999999,True,False,jaw_or_rail_rejection,side|0.80000000000000004|30|25|0|20|1
pocket_scan_02409,side,0.80000000000000004,1.1539999999999999,-30,25,0,-20,1,8.5999999999999996,7,1.2,4,6,2.8574999999999999,True,False,jaw_or_rail_rejection,side|0.80000000000000004|30|25|0|20|1
pocket_scan_02410,side,0.80000000000000004,1.1539999999999999,-30,100,0,0,-1,8.5999999999999996,7,1.2,4,6,2.8574999999999999,True,False,jaw_or_rail_rejection,side|0.80000000000000004|30|100|0|0|1
pocket_scan_02411,side,0.80000000000000004,1.1539999999999999,-30,100,0,0,1,8.5999999999999996,7,1.2,4,6,2.8574999999999999,True,False,jaw_or_rail_rejection,side|0.80000000000000004|30|100|0|0|1
pocket_scan_02412,side,0.80000000000000004,1.1539999999999999,-30,100,20,0,-1,8.5999999999999996,7,1.2,4,6,2.8574999999999999,True,False,jaw_or_rail_rejection,side|0.80000000000000004|30|100|20|0|1
pocket_scan_02413,side,0.80000000000000004,1.1539999999999999,-30,100,20,0,1,8.5999999999999996,7,1.2,4,6,2.8574999999999999,True,False,jaw_or_rail_rejection,side|0.80000000000000004|30|100|20|0|1
pocket_scan_02414,side,0.80000000000000004,1.1539999999999999,-30,100,-20,0,-1,8.5999999999999996,7,1.2,4,6,2.8574999999999999,True,False,jaw_or_rail_rejection,side|0.80000000000000004|30|100|-20|0|1
pocket_scan_02415,side,0.80000000000000004,1.1539999999999999,-30,100,-20,0,1,8.5999999999999996,7,1.2,4,6,2.8574999999999999,True,False,jaw_or_rail_rejection,side|0.80000000000000004|30|100|-20|0|1
pocket_scan_02416,side,0.80000000000000004,1.1539999999999999,-30,100,0,20,-1,8.5999999999999996,7,1.2,4,6,2.8574999999999999,True,False,jaw_or_rail_rejection,side|0.80000000000000004|30|100|0|20|1
pocket_scan_02417,side,0.80000000000000004,1.1539999999999999,-30,100,0,20,1,8.5999999999999996,7,1.2,4,6,2.8574999999999999,True,False,jaw_or_rail_rejection,side|0.80000000000000004|30|100|0|20|1
pocket_scan_02418,side,0.80000000000000004,1.1539999999999999,-30,100,0,-20,-1,8.5999999999999996,7,1.2,4,6,2.8574999999999999,True,False,jaw_or_rail_rejection,side|0.80000000000000004|30|100|0|20|1
pocket_scan_02419,side,0.80000000000000004,1.1539999999999999,-30,100,0,-20,1,8.5999999999999996,7,1.2,4,6,2.8574999999999999,True,False,jaw_or_rail_rejection,side|0.80000000000000004|30|100|0|20|1
pocket_scan_02420,side,0.80000000000000004,1.1539999999999999,-30,250,0,0,-1,8.5999999999999996,7,1.2,4,6,2.8574999999999999,True,False,jaw_or_rail_rejection,side|0.80000000000000004|30|250|0|0|1
pocket_scan_02421,side,0.80000000000000004,1.1539999999999999,-30,250,0,0,1,8.5999999999999996,7,1.2,4,6,2.8574999999999999,True,False,jaw_or_rail_rejection,side|0.80000000000000004|30|250|0|0|1
pocket_scan_02422,side,0.80000000000000004,1.1539999999999999,-30,250,20,0,-1,8.5999999999999996,7,1.2,4,6,2.8574999999999999,True,False,jaw_or_rail_rejection,side|0.80000000000000004|30|250|20|0|1
pocket_scan_02423,side,0.80000000000000004,1.1539999999999999,-30,250,20,0,1,8.5999999999999996,7,1.2,4,6,2.8574999999999999,True,False,jaw_or_rail_rejection,side|0.80000000000000004|30|250|20|0|1
pocket_scan_02424,side,0.80000000000000004,1.1539999999999999,-30,250,-20,0,-1,8.5999999999999996,7,1.2,4,6,2.8574999999999999,True,False,jaw_or_rail_rejection,side|0.80000000000000004|30|250|-20|0|1
pocket_scan_02425,side,0.80000000000000004,1.1539999999999999,-30,250,-20,0,1,8.5999999999999996,7,1.2,4,6,2.8574999999999999,True,False,jaw_or_rail_rejection,side|0.80000000000000004|30|250|-20|0|1
pocket_scan_02426,side,0.80000000000000004,1.1539999999999999,-30,250,0,20,-1,8.5999999999999996,7,1.2,4,6,2.8574999999999999,True,False,jaw_or_rail_rejection,side|0.80000000000000004|30|250|0|20|1
pocket_scan_02427,side,0.80000000000000004,1.1539999999999999,-30,250,0,20,1,8.5999999999999996,7,1.2,4,6,2.8574999999999999,True,False,jaw_or_rail_rejection,side|0.80000000000000004|30|250|0|20|1
pocket_scan_02428,side,0.80000000000000004,1.1539999999999999,-30,250,0,-20,-1,8.5999999999999996,7,1.2,4,6,2.8574999999999999,True,False,jaw_or_rail_rejection,side|0.80000000000000004|30|250|0|20|1
pocket_scan_02429,side,0.80000000000000004,1.1539999999999999,-30,250,0,-20,1,8.5999999999999996,7,1.2,4,6,2.8574999999999999,True,False,jaw_or_rail_rejection,side|0.80000000000000004|30|250|0|20|1
pocket_scan_02430,side,0.80000000000000004,1.1539999999999999,-30,500,0,0,-1,8.5999999999999996,7,1.2,4,6,2.8574999999999999,True,False,jaw_or_rail_rejection,side|0.80000000000000004|30|500|0|0|1
pocket_scan_02431,side,0.80000000000000004,1.1539999999999999,-30,500,0,0,1,8.5999999999999996,7,1.2,4,6,2.8574999999999999,True,False,jaw_or_rail_rejection,side|0.80000000000000004|30|500|0|0|1
pocket_scan_02432,side,0.80000000000000004,1.1539999999999999,-30,500,20,0,-1,8.5999999999999996,7,1.2,4,6,2.8574999999999999,True,False,jaw_or_rail_rejection,side|0.80000000000000004|30|500|20|0|1
pocket_scan_02433,side,0.80000000000000004,1.1539999999999999,-30,500,20,0,1,8.5999999999999996,7,1.2,4,6,2.8574999999999999,True,False,jaw_or_rail_rejection,side|0.80000000000000004|30|500|20|0|1
pocket_scan_02434,side,0.80000000000000004,1.1539999999999999,-30,500,-20,0,-1,8.5999999999999996,7,1.2,4,6,2.8574999999999999,True,False,jaw_or_rail_rejection,side|0.80000000000000004|30|500|-20|0|1
pocket_scan_02435,side,0.80000000000000004,1.1539999999999999,-30,500,-20,0,1,8.5999999999999996,7,1.2,4,6,2.8574999999999999,True,False,jaw_or_rail_rejection,side|0.80000000000000004|30|500|-20|0|1
pocket_scan_02436,side,0.80000000000000004,1.1539999999999999,-30,500,0,20,-1,8.5999999999999996,7,1.2,4,6,2.8574999999999999,True,False,jaw_or_rail_rejection,side|0.80000000000000004|30|500|0|20|1
pocket_scan_02437,side,0.80000000000000004,1.1539999999999999,-30,500,0,20,1,8.5999999999999996,7,1.2,4,6,2.8574999999999999,True,False,jaw_or_rail_rejection,side|0.80000000000000004|30|500|0|20|1
pocket_scan_02438,side,0.80000000000000004,1.1539999999999999,-30,500,0,-20,-1,8.5999999999999996,7,1.2,4,6,2.8574999999999999,True,False,jaw_or_rail_rejection,side|0.80000000000000004|30|500|0|20|1
pocket_scan_02439,side,0.80000000000000004,1.1539999999999999,-30,500,0,-20,1,8.5999999999999996,7,1.2,4,6,2.8574999999999999,True,False,jaw_or_rail_rejection,side|0.80000000000000004|30|500|0|20|1
pocket_scan_02440,side,0.80000000000000004,1.1539999999999999,-15,25,0,0,-1,8.5999999999999996,7,1.2,4,6,2.8574999999999999,True,False,jaw_or_rail_rejection,side|0.80000000000000004|15|25|0|0|1
pocket_scan_02441,side,0.80000000000000004,1.1539999999999999,-15,25,0,0,1,8.5999999999999996,7,1.2,4,6,2.8574999999999999,True,False,jaw_or_rail_rejection,side|0.80000000000000004|15|25|0|0|1
pocket_scan_02442,side,0.80000000000000004,1.1539999999999999,-15,25,20,0,-1,8.5999999999999996,7,1.2,4,6,2.8574999999999999,True,False,jaw_or_rail_rejection,side|0.80000000000000004|15|25|20|0|1
pocket_scan_02443,side,0.80000000000000004,1.1539999999999999,-15,25,20,0,1,8.5999999999999996,7,1.2,4,6,2.8574999999999999,True,False,jaw_or_rail_rejection,side|0.80000000000000004|15|25|20|0|1
pocket_scan_02444,side,0.80000000000000004,1.1539999999999999,-15,25,-20,0,-1,8.5999999999999996,7,1.2,4,6,2.8574999999999999,True,False,jaw_or_rail_rejection,side|0.80000000000000004|15|25|-20|0|1
pocket_scan_02445,side,0.80000000000000004,1.1539999999999999,-15,25,-20,0,1,8.5999999999999996,7,1.2,4,6,2.8574999999999999,True,False,jaw_or_rail_rejection,side|0.80000000000000004|15|25|-20|0|1
pocket_scan_02446,side,0.80000000000000004,1.1539999999999999,-15,25,0,20,-1,8.5999999999999996,7,1.2,4,6,2.8574999999999999,True,False,jaw_or_rail_rejection,side|0.80000000000000004|15|25|0|20|1
pocket_scan_02447,side,0.80000000000000004,1.1539999999999999,-15,25,0,20,1,8.5999999999999996,7,1.2,4,6,2.8574999999999999,True,False,jaw_or_rail_rejection,side|0.80000000000000004|15|25|0|20|1
pocket_scan_02448,side,0.80000000000000004,1.1539999999999999,-15,25,0,-20,-1,8.5999999999999996,7,1.2,4,6,2.8574999999999999,True,False,jaw_or_rail_rejection,side|0.80000000000000004|15|25|0|20|1
pocket_scan_02449,side,0.80000000000000004,1.1539999999999999,-15,25,0,-20,1,8.5999999999999996,7,1.2,4,6,2.8574999999999999,True,False,jaw_or_rail_rejection,side|0.80000000000000004|15|25|0|20|1
pocket_scan_02450,side,0.80000000000000004,1.1539999999999999,-15,100,0,0,-1,8.5999999999999996,7,1.2,4,6,2.8574999999999999,True,False,jaw_or_rail_rejection,side|0.80000000000000004|15|100|0|0|1
pocket_scan_02451,side,0.80000000000000004,1.1539999999999999,-15,100,0,0,1,8.5999999999999996,7,1.2,4,6,2.8574999999999999,True,False,jaw_or_rail_rejection,side|0.80000000000000004|15|100|0|0|1
pocket_scan_02452,side,0.80000000000000004,1.1539999999999999,-15,100,20,0,-1,8.5999999999999996,7,1.2,4,6,2.8574999999999999,True,False,jaw_or_rail_rejection,side|0.80000000000000004|15|100|20|0|1
pocket_scan_02453,side,0.80000000000000004,1.1539999999999999,-15,100,20,0,1,8.5999999999999996,7,1.2,4,6,2.8574999999999999,True,False,jaw_or_rail_rejection,side|0.80000000000000004|15|100|20|0|1
pocket_scan_02454,side,0.80000000000000004,1.1539999999999999,-15,100,-20,0,-1,8.5999999999999996,7,1.2,4,6,2.8574999999999999,True,False,jaw_or_rail_rejection,side|0.80000000000000004|15|100|-20|0|1
pocket_scan_02455,side,0.80000000000000004,1.1539999999999999,-15,100,-20,0,1,8.5999999999999996,7,1.2,4,6,2.8574999999999999,True,False,jaw_or_rail_rejection,side|0.80000000000000004|15|100|-20|0|1
pocket_scan_02456,side,0.80000000000000004,1.1539999999999999,-15,100,0,20,-1,8.5999999999999996,7,1.2,4,6,2.8574999999999999,True,False,jaw_or_rail_rejection,side|0.80000000000000004|15|100|0|20|1
pocket_scan_02457,side,0.80000000000000004,1.1539999999999999,-15,100,0,20,1,8.5999999999999996,7,1.2,4,6,2.8574999999999999,True,False,jaw_or_rail_rejection,side|0.80000000000000004|15|100|0|20|1
pocket_scan_02458,side,0.80000000000000004,1.1539999999999999,-15,100,0,-20,-1,8.5999999999999996,7,1.2,4,6,2.8574999999999999,True,False,jaw_or_rail_rejection,side|0.80000000000000004|15|100|0|20|1
pocket_scan_02459,side,0.80000000000000004,1.1539999999999999,-15,100,0,-20,1,8.5999999999999996,7,1.2,4,6,2.8574999999999999,True,False,jaw_or_rail_rejection,side|0.80000000000000004|15|100|0|20|1
pocket_scan_02460,side,0.80000000000000004,1.1539999999999999,-15,250,0,0,-1,8.5999999999999996,7,1.2,4,6,2.8574999999999999,True,False,jaw_or_rail_rejection,side|0.80000000000000004|15|250|0|0|1
pocket_scan_02461,side,0.80000000000000004,1.1539999999999999,-15,250,0,0,1,8.5999999999999996,7,1.2,4,6,2.8574999999999999,True,False,jaw_or_rail_rejection,side|0.80000000000000004|15|250|0|0|1
pocket_scan_02462,side,0.80000000000000004,1.1539999999999999,-15,250,20,0,-1,8.5999999999999996,7,1.2,4,6,2.8574999999999999,True,False,jaw_or_rail_rejection,side|0.80000000000000004|15|250|20|0|1
pocket_scan_02463,side,0.80000000000000004,1.1539999999999999,-15,250,20,0,1,8.5999999999999996,7,1.2,4,6,2.8574999999999999,True,False,jaw_or_rail_rejection,side|0.80000000000000004|15|250|20|0|1
pocket_scan_02464,side,0.80000000000000004,1.1539999999999999,-15,250,-20,0,-1,8.5999999999999996,7,1.2,4,6,2.8574999999999999,True,False,jaw_or_rail_rejection,side|0.80000000000000004|15|250|-20|0|1
pocket_scan_02465,side,0.80000000000000004,1.1539999999999999,-15,250,-20,0,1,8.5999999999999996,7,1.2,4,6,2.8574999999999999,True,False,jaw_or_rail_rejection,side|0.80000000000000004|15|250|-20|0|1
pocket_scan_02466,side,0.80000000000000004,1.1539999999999999,-15,250,0,20,-1,8.5999999999999996,7,1.2,4,6,2.8574999999999999,True,False,jaw_or_rail_rejection,side|0.80000000000000004|15|250|0|20|1
pocket_scan_02467,side,0.80000000000000004,1.1539999999999999,-15,250,0,20,1,8.5999999999999996,7,1.2,4,6,2.8574999999999999,True,False,jaw_or_rail_rejection,side|0.80000000000000004|15|250|0|20|1
pocket_scan_02468,side,0.80000000000000004,1.1539999999999999,-15,250,0,-20,-1,8.5999999999999996,7,1.2,4,6,2.8574999999999999,True,False,jaw_or_rail_rejection,side|0.80000000000000004|15|250|0|20|1
pocket_scan_02469,side,0.80000000000000004,1.1539999999999999,-15,250,0,-20,1,8.5999999999999996,7,1.2,4,6,2.8574999999999999,True,False,jaw_or_rail_rejection,side|0.80000000000000004|15|250|0|20|1
pocket_scan_02470,side,0.80000000000000004,1.1539999999999999,-15,500,0,0,-1,8.5999999999999996,7,1.2,4,6,2.8574999999999999,True,False,jaw_or_rail_rejection,side|0.80000000000000004|15|500|0|0|1
pocket_scan_02471,side,0.80000000000000004,1.1539999999999999,-15,500,0,0,1,8.5999999999999996,7,1.2,4,6,2.8574999999999999,True,False,jaw_or_rail_rejection,side|0.80000000000000004|15|500|0|0|1
pocket_scan_02472,side,0.80000000000000004,1.1539999999999999,-15,500,20,0,-1,8.5999999999999996,7,1.2,4,6,2.8574999999999999,True,False,jaw_or_rail_rejection,side|0.80000000000000004|15|500|20|0|1
pocket_scan_02473,side,0.80000000000000004,1.1539999999999999,-15,500,20,0,1,8.5999999999999996,7,1.2,4,6,2.8574999999999999,True,False,jaw_or_rail_rejection,side|0.80000000000000004|15|500|20|0|1
pocket_scan_02474,side,0.80000000000000004,1.1539999999999999,-15,500,-20,0,-1,8.5999999999999996,7,1.2,4,6,2.8574999999999999,True,False,jaw_or_rail_rejection,side|0.80000000000000004|15|500|-20|0|1
pocket_scan_02475,side,0.80000000000000004,1.1539999999999999,-15,500,-20,0,1,8.5999999999999996,7,1.2,4,6,2.8574999999999999,True,False,jaw_or_rail_rejection,side|0.80000000000000004|15|500|-20|0|1
pocket_scan_02476,side,0.80000000000000004,1.1539999999999999,-15,500,0,20,-1,8.5999999999999996,7,1.2,4,6,2.8574999999999999,True,False,jaw_or_rail_rejection,side|0.80000000000000004|15|500|0|20|1
pocket_scan_02477,side,0.80000000000000004,1.1539999999999999,-15,500,0,20,1,8.5999999999999996,7,1.2,4,6,2.8574999999999999,True,False,jaw_or_rail_rejection,side|0.80000000000000004|15|500|0|20|1
pocket_scan_02478,side,0.80000000000000004,1.1539999999999999,-15,500,0,-20,-1,8.5999999999999996,7,1.2,4,6,2.8574999999999999,True,False,jaw_or_rail_rejection,side|0.80000000000000004|15|500|0|20|1
pocket_scan_02479,side,0.80000000000000004,1.1539999999999999,-15,500,0,-20,1,8.5999999999999996,7,1.2,4,6,2.8574999999999999,True,False,jaw_or_rail_rejection,side|0.80000000000000004|15|500|0|20|1
pocket_scan_02480,side,0.80000000000000004,1.1539999999999999,0,25,0,0,-1,8.5999999999999996,7,1.2,4,6,2.8574999999999999,True,False,jaw_or_rail_rejection,side|0.80000000000000004|0|25|0|0|1
pocket_scan_02481,side,0.80000000000000004,1.1539999999999999,0,25,0,0,1,8.5999999999999996,7,1.2,4,6,2.8574999999999999,True,False,jaw_or_rail_rejection,side|0.80000000000000004|0|25|0|0|1
pocket_scan_02482,side,0.80000000000000004,1.1539999999999999,0,25,20,0,-1,8.5999999999999996,7,1.2,4,6,2.8574999999999999,True,False,jaw_or_rail_rejection,side|0.80000000000000004|0|25|20|0|1
pocket_scan_02483,side,0.80000000000000004,1.1539999999999999,0,25,20,0,1,8.5999999999999996,7,1.2,4,6,2.8574999999999999,True,False,jaw_or_rail_rejection,side|0.80000000000000004|0|25|20|0|1
pocket_scan_02484,side,0.80000000000000004,1.1539999999999999,0,25,-20,0,-1,8.5999999999999996,7,1.2,4,6,2.8574999999999999,True,False,jaw_or_rail_rejection,side|0.80000000000000004|0|25|-20|0|1
pocket_scan_02485,side,0.80000000000000004,1.1539999999999999,0,25,-20,0,1,8.5999999999999996,7,1.2,4,6,2.8574999999999999,True,False,jaw_or_rail_rejection,side|0.80000000000000004|0|25|-20|0|1
pocket_scan_02486,side,0.80000000000000004,1.1539999999999999,0,25,0,20,-1,8.5999999999999996,7,1.2,4,6,2.8574999999999999,True,False,jaw_or_rail_rejection,side|0.80000000000000004|0|25|0|20|1
pocket_scan_02487,side,0.80000000000000004,1.1539999999999999,0,25,0,20,1,8.5999999999999996,7,1.2,4,6,2.8574999999999999,True,False,jaw_or_rail_rejection,side|0.80000000000000004|0|25|0|20|1
pocket_scan_02488,side,0.80000000000000004,1.1539999999999999,0,25,0,-20,-1,8.5999999999999996,7,1.2,4,6,2.8574999999999999,True,False,jaw_or_rail_rejection,side|0.80000000000000004|0|25|0|20|1
pocket_scan_02489,side,0.80000000000000004,1.1539999999999999,0,25,0,-20,1,8.5999999999999996,7,1.2,4,6,2.8574999999999999,True,False,jaw_or_rail_rejection,side|0.80000000000000004|0|25|0|20|1
pocket_scan_02490,side,0.80000000000000004,1.1539999999999999,0,100,0,0,-1,8.5999999999999996,7,1.2,4,6,2.8574999999999999,True,False,jaw_or_rail_rejection,side|0.80000000000000004|0|100|0|0|1
pocket_scan_02491,side,0.80000000000000004,1.1539999999999999,0,100,0,0,1,8.5999999999999996,7,1.2,4,6,2.8574999999999999,True,False,jaw_or_rail_rejection,side|0.80000000000000004|0|100|0|0|1
pocket_scan_02492,side,0.80000000000000004,1.1539999999999999,0,100,20,0,-1,8.5999999999999996,7,1.2,4,6,2.8574999999999999,True,False,jaw_or_rail_rejection,side|0.80000000000000004|0|100|20|0|1
pocket_scan_02493,side,0.80000000000000004,1.1539999999999999,0,100,20,0,1,8.5999999999999996,7,1.2,4,6,2.8574999999999999,True,False,jaw_or_rail_rejection,side|0.80000000000000004|0|100|20|0|1
pocket_scan_02494,side,0.80000000000000004,1.1539999999999999,0,100,-20,0,-1,8.5999999999999996,7,1.2,4,6,2.8574999999999999,True,False,jaw_or_rail_rejection,side|0.80000000000000004|0|100|-20|0|1
pocket_scan_02495,side,0.80000000000000004,1.1539999999999999,0,100,-20,0,1,8.5999999999999996,7,1.2,4,6,2.8574999999999999,True,False,jaw_or_rail_rejection,side|0.80000000000000004|0|100|-20|0|1
pocket_scan_02496,side,0.80000000000000004,1.1539999999999999,0,100,0,20,-1,8.5999999999999996,7,1.2,4,6,2.8574999999999999,True,False,jaw_or_rail_rejection,side|0.80000000000000004|0|100|0|20|1
pocket_scan_02497,side,0.80000000000000004,1.1539999999999999,0,100,0,20,1,8.5999999999999996,7,1.2,4,6,2.8574999999999999,True,False,jaw_or_rail_rejection,side|0.80000000000000004|0|100|0|20|1
pocket_scan_02498,side,0.80000000000000004,1.1539999999999999,0,100,0,-20,-1,8.5999999999999996,7,1.2,4,6,2.8574999999999999,True,False,jaw_or_rail_rejection,side|0.80000000000000004|0|100|0|20|1
pocket_scan_02499,side,0.80000000000000004,1.1539999999999999,0,100,0,-20,1,8.5999999999999996,7,1.2,4,6,2.8574999999999999,True,False,jaw_or_rail_rejection,side|0.80000000000000004|0|100|0|20|1
pocket_scan_02500,side,0.80000000000000004,1.1539999999999999,0,250,0,0,-1,8.5999999999999996,7,1.2,4,6,2.8574999999999999,True,False,jaw_or_rail_rejection,side|0.80000000000000004|0|250|0|0|1
pocket_scan_02501,side,0.80000000000000004,1.1539999999999999,0,250,0,0,1,8.5999999999999996,7,1.2,4,6,2.8574999999999999,True,False,jaw_or_rail_rejection,side|0.80000000000000004|0|250|0|0|1
pocket_scan_02502,side,0.80000000000000004,1.1539999999999999,0,250,20,0,-1,8.5999999999999996,7,1.2,4,6,2.8574999999999999,True,False,jaw_or_rail_rejection,side|0.80000000000000004|0|250|20|0|1
pocket_scan_02503,side,0.80000000000000004,1.1539999999999999,0,250,20,0,1,8.5999999999999996,7,1.2,4,6,2.8574999999999999,True,False,jaw_or_rail_rejection,side|0.80000000000000004|0|250|20|0|1
pocket_scan_02504,side,0.80000000000000004,1.1539999999999999,0,250,-20,0,-1,8.5999999999999996,7,1.2,4,6,2.8574999999999999,True,False,jaw_or_rail_rejection,side|0.80000000000000004|0|250|-20|0|1
pocket_scan_02505,side,0.80000000000000004,1.1539999999999999,0,250,-20,0,1,8.5999999999999996,7,1.2,4,6,2.8574999999999999,True,False,jaw_or_rail_rejection,side|0.80000000000000004|0|250|-20|0|1
pocket_scan_02506,side,0.80000000000000004,1.1539999999999999,0,250,0,20,-1,8.5999999999999996,7,1.2,4,6,2.8574999999999999,True,False,jaw_or_rail_rejection,side|0.80000000000000004|0|250|0|20|1
pocket_scan_02507,side,0.80000000000000004,1.1539999999999999,0,250,0,20,1,8.5999999999999996,7,1.2,4,6,2.8574999999999999,True,False,jaw_or_rail_rejection,side|0.80000000000000004|0|250|0|20|1
pocket_scan_02508,side,0.80000000000000004,1.1539999999999999,0,250,0,-20,-1,8.5999999999999996,7,1.2,4,6,2.8574999999999999,True,False,jaw_or_rail_rejection,side|0.80000000000000004|0|250|0|20|1
pocket_scan_02509,side,0.80000000000000004,1.1539999999999999,0,250,0,-20,1,8.5999999999999996,7,1.2,4,6,2.8574999999999999,True,False,jaw_or_rail_rejection,side|0.80000000000000004|0|250|0|20|1
pocket_scan_02510,side,0.80000000000000004,1.1539999999999999,0,500,0,0,-1,8.5999999999999996,7,1.2,4,6,2.8574999999999999,True,False,jaw_or_rail_rejection,side|0.80000000000000004|0|500|0|0|1
pocket_scan_02511,side,0.80000000000000004,1.1539999999999999,0,500,0,0,1,8.5999999999999996,7,1.2,4,6,2.8574999999999999,True,False,jaw_or_rail_rejection,side|0.80000000000000004|0|500|0|0|1
pocket_scan_02512,side,0.80000000000000004,1.1539999999999999,0,500,20,0,-1,8.5999999999999996,7,1.2,4,6,2.8574999999999999,True,False,jaw_or_rail_rejection,side|0.80000000000000004|0|500|20|0|1
pocket_scan_02513,side,0.80000000000000004,1.1539999999999999,0,500,20,0,1,8.5999999999999996,7,1.2,4,6,2.8574999999999999,True,False,jaw_or_rail_rejection,side|0.80000000000000004|0|500|20|0|1
pocket_scan_02514,side,0.80000000000000004,1.1539999999999999,0,500,-20,0,-1,8.5999999999999996,7,1.2,4,6,2.8574999999999999,True,False,jaw_or_rail_rejection,side|0.80000000000000004|0|500|-20|0|1
pocket_scan_02515,side,0.80000000000000004,1.1539999999999999,0,500,-20,0,1,8.5999999999999996,7,1.2,4,6,2.8574999999999999,True,False,jaw_or_rail_rejection,side|0.80000000000000004|0|500|-20|0|1
pocket_scan_02516,side,0.80000000000000004,1.1539999999999999,0,500,0,20,-1,8.5999999999999996,7,1.2,4,6,2.8574999999999999,True,False,jaw_or_rail_rejection,side|0.80000000000000004|0|500|0|20|1
pocket_scan_02517,side,0.80000000000000004,1.1539999999999999,0,500,0,20,1,8.5999999999999996,7,1.2,4,6,2.8574999999999999,True,False,jaw_or_rail_rejection,side|0.80000000000000004|0|500|0|20|1
pocket_scan_02518,side,0.80000000000000004,1.1539999999999999,0,500,0,-20,-1,8.5999999999999996,7,1.2,4,6,2.8574999999999999,True,False,jaw_or_rail_rejection,side|0.80000000000000004|0|500|0|20|1
pocket_scan_02519,side,0.80000000000000004,1.1539999999999999,0,500,0,-20,1,8.5999999999999996,7,1.2,4,6,2.8574999999999999,True,False,jaw_or_rail_rejection,side|0.80000000000000004|0|500|0|20|1
pocket_scan_02520,side,0.80000000000000004,1.1539999999999999,15,25,0,0,-1,8.5999999999999996,7,1.2,4,6,2.8574999999999999,True,False,jaw_or_rail_rejection,side|0.80000000000000004|15|25|0|0|1
pocket_scan_02521,side,0.80000000000000004,1.1539999999999999,15,25,0,0,1,8.5999999999999996,7,1.2,4,6,2.8574999999999999,True,False,jaw_or_rail_rejection,side|0.80000000000000004|15|25|0|0|1
pocket_scan_02522,side,0.80000000000000004,1.1539999999999999,15,25,20,0,-1,8.5999999999999996,7,1.2,4,6,2.8574999999999999,True,False,jaw_or_rail_rejection,side|0.80000000000000004|15|25|20|0|1
pocket_scan_02523,side,0.80000000000000004,1.1539999999999999,15,25,20,0,1,8.5999999999999996,7,1.2,4,6,2.8574999999999999,True,False,jaw_or_rail_rejection,side|0.80000000000000004|15|25|20|0|1
pocket_scan_02524,side,0.80000000000000004,1.1539999999999999,15,25,-20,0,-1,8.5999999999999996,7,1.2,4,6,2.8574999999999999,True,False,jaw_or_rail_rejection,side|0.80000000000000004|15|25|-20|0|1
pocket_scan_02525,side,0.80000000000000004,1.1539999999999999,15,25,-20,0,1,8.5999999999999996,7,1.2,4,6,2.8574999999999999,True,False,jaw_or_rail_rejection,side|0.80000000000000004|15|25|-20|0|1
pocket_scan_02526,side,0.80000000000000004,1.1539999999999999,15,25,0,20,-1,8.5999999999999996,7,1.2,4,6,2.8574999999999999,True,False,jaw_or_rail_rejection,side|0.80000000000000004|15|25|0|20|1
pocket_scan_02527,side,0.80000000000000004,1.1539999999999999,15,25,0,20,1,8.5999999999999996,7,1.2,4,6,2.8574999999999999,True,False,jaw_or_rail_rejection,side|0.80000000000000004|15|25|0|20|1
pocket_scan_02528,side,0.80000000000000004,1.1539999999999999,15,25,0,-20,-1,8.5999999999999996,7,1.2,4,6,2.8574999999999999,True,False,jaw_or_rail_rejection,side|0.80000000000000004|15|25|0|20|1
pocket_scan_02529,side,0.80000000000000004,1.1539999999999999,15,25,0,-20,1,8.5999999999999996,7,1.2,4,6,2.8574999999999999,True,False,jaw_or_rail_rejection,side|0.80000000000000004|15|25|0|20|1
pocket_scan_02530,side,0.80000000000000004,1.1539999999999999,15,100,0,0,-1,8.5999999999999996,7,1.2,4,6,2.8574999999999999,True,False,jaw_or_rail_rejection,side|0.80000000000000004|15|100|0|0|1
pocket_scan_02531,side,0.80000000000000004,1.1539999999999999,15,100,0,0,1,8.5999999999999996,7,1.2,4,6,2.8574999999999999,True,False,jaw_or_rail_rejection,side|0.80000000000000004|15|100|0|0|1
pocket_scan_02532,side,0.80000000000000004,1.1539999999999999,15,100,20,0,-1,8.5999999999999996,7,1.2,4,6,2.8574999999999999,True,False,jaw_or_rail_rejection,side|0.80000000000000004|15|100|20|0|1
pocket_scan_02533,side,0.80000000000000004,1.1539999999999999,15,100,20,0,1,8.5999999999999996,7,1.2,4,6,2.8574999999999999,True,False,jaw_or_rail_rejection,side|0.80000000000000004|15|100|20|0|1
pocket_scan_02534,side,0.80000000000000004,1.1539999999999999,15,100,-20,0,-1,8.5999999999999996,7,1.2,4,6,2.8574999999999999,True,False,jaw_or_rail_rejection,side|0.80000000000000004|15|100|-20|0|1
pocket_scan_02535,side,0.80000000000000004,1.1539999999999999,15,100,-20,0,1,8.5999999999999996,7,1.2,4,6,2.8574999999999999,True,False,jaw_or_rail_rejection,side|0.80000000000000004|15|100|-20|0|1
pocket_scan_02536,side,0.80000000000000004,1.1539999999999999,15,100,0,20,-1,8.5999999999999996,7,1.2,4,6,2.8574999999999999,True,False,jaw_or_rail_rejection,side|0.80000000000000004|15|100|0|20|1
pocket_scan_02537,side,0.80000000000000004,1.1539999999999999,15,100,0,20,1,8.5999999999999996,7,1.2,4,6,2.8574999999999999,True,False,jaw_or_rail_rejection,side|0.80000000000000004|15|100|0|20|1
pocket_scan_02538,side,0.80000000000000004,1.1539999999999999,15,100,0,-20,-1,8.5999999999999996,7,1.2,4,6,2.8574999999999999,True,False,jaw_or_rail_rejection,side|0.80000000000000004|15|100|0|20|1
pocket_scan_02539,side,0.80000000000000004,1.1539999999999999,15,100,0,-20,1,8.5999999999999996,7,1.2,4,6,2.8574999999999999,True,False,jaw_or_rail_rejection,side|0.80000000000000004|15|100|0|20|1
pocket_scan_02540,side,0.80000000000000004,1.1539999999999999,15,250,0,0,-1,8.5999999999999996,7,1.2,4,6,2.8574999999999999,True,False,jaw_or_rail_rejection,side|0.80000000000000004|15|250|0|0|1
pocket_scan_02541,side,0.80000000000000004,1.1539999999999999,15,250,0,0,1,8.5999999999999996,7,1.2,4,6,2.8574999999999999,True,False,jaw_or_rail_rejection,side|0.80000000000000004|15|250|0|0|1
pocket_scan_02542,side,0.80000000000000004,1.1539999999999999,15,250,20,0,-1,8.5999999999999996,7,1.2,4,6,2.8574999999999999,True,False,jaw_or_rail_rejection,side|0.80000000000000004|15|250|20|0|1
pocket_scan_02543,side,0.80000000000000004,1.1539999999999999,15,250,20,0,1,8.5999999999999996,7,1.2,4,6,2.8574999999999999,True,False,jaw_or_rail_rejection,side|0.80000000000000004|15|250|20|0|1
pocket_scan_02544,side,0.80000000000000004,1.1539999999999999,15,250,-20,0,-1,8.5999999999999996,7,1.2,4,6,2.8574999999999999,True,False,jaw_or_rail_rejection,side|0.80000000000000004|15|250|-20|0|1
pocket_scan_02545,side,0.80000000000000004,1.1539999999999999,15,250,-20,0,1,8.5999999999999996,7,1.2,4,6,2.8574999999999999,True,False,jaw_or_rail_rejection,side|0.80000000000000004|15|250|-20|0|1
pocket_scan_02546,side,0.80000000000000004,1.1539999999999999,15,250,0,20,-1,8.5999999999999996,7,1.2,4,6,2.8574999999999999,True,False,jaw_or_rail_rejection,side|0.80000000000000004|15|250|0|20|1
pocket_scan_02547,side,0.80000000000000004,1.1539999999999999,15,250,0,20,1,8.5999999999999996,7,1.2,4,6,2.8574999999999999,True,False,jaw_or_rail_rejection,side|0.80000000000000004|15|250|0|20|1
pocket_scan_02548,side,0.80000000000000004,1.1539999999999999,15,250,0,-20,-1,8.5999999999999996,7,1.2,4,6,2.8574999999999999,True,False,jaw_or_rail_rejection,side|0.80000000000000004|15|250|0|20|1
pocket_scan_02549,side,0.80000000000000004,1.1539999999999999,15,250,0,-20,1,8.5999999999999996,7,1.2,4,6,2.8574999999999999,True,False,jaw_or_rail_rejection,side|0.80000000000000004|15|250|0|20|1
pocket_scan_02550,side,0.80000000000000004,1.1539999999999999,15,500,0,0,-1,8.5999999999999996,7,1.2,4,6,2.8574999999999999,True,False,jaw_or_rail_rejection,side|0.80000000000000004|15|500|0|0|1
pocket_scan_02551,side,0.80000000000000004,1.1539999999999999,15,500,0,0,1,8.5999999999999996,7,1.2,4,6,2.8574999999999999,True,False,jaw_or_rail_rejection,side|0.80000000000000004|15|500|0|0|1
pocket_scan_02552,side,0.80000000000000004,1.1539999999999999,15,500,20,0,-1,8.5999999999999996,7,1.2,4,6,2.8574999999999999,True,False,jaw_or_rail_rejection,side|0.80000000000000004|15|500|20|0|1
pocket_scan_02553,side,0.80000000000000004,1.1539999999999999,15,500,20,0,1,8.5999999999999996,7,1.2,4,6,2.8574999999999999,True,False,jaw_or_rail_rejection,side|0.80000000000000004|15|500|20|0|1
pocket_scan_02554,side,0.80000000000000004,1.1539999999999999,15,500,-20,0,-1,8.5999999999999996,7,1.2,4,6,2.8574999999999999,True,False,jaw_or_rail_rejection,side|0.80000000000000004|15|500|-20|0|1
pocket_scan_02555,side,0.80000000000000004,1.1539999999999999,15,500,-20,0,1,8.5999999999999996,7,1.2,4,6,2.8574999999999999,True,False,jaw_or_rail_rejection,side|0.80000000000000004|15|500|-20|0|1
pocket_scan_02556,side,0.80000000000000004,1.1539999999999999,15,500,0,20,-1,8.5999999999999996,7,1.2,4,6,2.8574999999999999,True,False,jaw_or_rail_rejection,side|0.80000000000000004|15|500|0|20|1
pocket_scan_02557,side,0.80000000000000004,1.1539999999999999,15,500,0,20,1,8.5999999999999996,7,1.2,4,6,2.8574999999999999,True,False,jaw_or_rail_rejection,side|0.80000000000000004|15|500|0|20|1
pocket_scan_02558,side,0.80000000000000004,1.1539999999999999,15,500,0,-20,-1,8.5999999999999996,7,1.2,4,6,2.8574999999999999,True,False,jaw_or_rail_rejection,side|0.80000000000000004|15|500|0|20|1
pocket_scan_02559,side,0.80000000000000004,1.1539999999999999,15,500,0,-20,1,8.5999999999999996,7,1.2,4,6,2.8574999999999999,True,False,jaw_or_rail_rejection,side|0.80000000000000004|15|500|0|20|1
pocket_scan_02560,side,0.80000000000000004,1.1539999999999999,30,25,0,0,-1,8.5999999999999996,7,1.2,4,6,2.8574999999999999,True,False,jaw_or_rail_rejection,side|0.80000000000000004|30|25|0|0|1
pocket_scan_02561,side,0.80000000000000004,1.1539999999999999,30,25,0,0,1,8.5999999999999996,7,1.2,4,6,2.8574999999999999,True,False,jaw_or_rail_rejection,side|0.80000000000000004|30|25|0|0|1
pocket_scan_02562,side,0.80000000000000004,1.1539999999999999,30,25,20,0,-1,8.5999999999999996,7,1.2,4,6,2.8574999999999999,True,False,jaw_or_rail_rejection,side|0.80000000000000004|30|25|20|0|1
pocket_scan_02563,side,0.80000000000000004,1.1539999999999999,30,25,20,0,1,8.5999999999999996,7,1.2,4,6,2.8574999999999999,True,False,jaw_or_rail_rejection,side|0.80000000000000004|30|25|20|0|1
pocket_scan_02564,side,0.80000000000000004,1.1539999999999999,30,25,-20,0,-1,8.5999999999999996,7,1.2,4,6,2.8574999999999999,True,False,jaw_or_rail_rejection,side|0.80000000000000004|30|25|-20|0|1
pocket_scan_02565,side,0.80000000000000004,1.1539999999999999,30,25,-20,0,1,8.5999999999999996,7,1.2,4,6,2.8574999999999999,True,False,jaw_or_rail_rejection,side|0.80000000000000004|30|25|-20|0|1
pocket_scan_02566,side,0.80000000000000004,1.1539999999999999,30,25,0,20,-1,8.5999999999999996,7,1.2,4,6,2.8574999999999999,True,False,jaw_or_rail_rejection,side|0.80000000000000004|30|25|0|20|1
pocket_scan_02567,side,0.80000000000000004,1.1539999999999999,30,25,0,20,1,8.5999999999999996,7,1.2,4,6,2.8574999999999999,True,False,jaw_or_rail_rejection,side|0.80000000000000004|30|25|0|20|1
pocket_scan_02568,side,0.80000000000000004,1.1539999999999999,30,25,0,-20,-1,8.5999999999999996,7,1.2,4,6,2.8574999999999999,True,False,jaw_or_rail_rejection,side|0.80000000000000004|30|25|0|20|1
pocket_scan_02569,side,0.80000000000000004,1.1539999999999999,30,25,0,-20,1,8.5999999999999996,7,1.2,4,6,2.8574999999999999,True,False,jaw_or_rail_rejection,side|0.80000000000000004|30|25|0|20|1
pocket_scan_02570,side,0.80000000000000004,1.1539999999999999,30,100,0,0,-1,8.5999999999999996,7,1.2,4,6,2.8574999999999999,True,False,jaw_or_rail_rejection,side|0.80000000000000004|30|100|0|0|1
pocket_scan_02571,side,0.80000000000000004,1.1539999999999999,30,100,0,0,1,8.5999999999999996,7,1.2,4,6,2.8574999999999999,True,False,jaw_or_rail_rejection,side|0.80000000000000004|30|100|0|0|1
pocket_scan_02572,side,0.80000000000000004,1.1539999999999999,30,100,20,0,-1,8.5999999999999996,7,1.2,4,6,2.8574999999999999,True,False,jaw_or_rail_rejection,side|0.80000000000000004|30|100|20|0|1
pocket_scan_02573,side,0.80000000000000004,1.1539999999999999,30,100,20,0,1,8.5999999999999996,7,1.2,4,6,2.8574999999999999,True,False,jaw_or_rail_rejection,side|0.80000000000000004|30|100|20|0|1
pocket_scan_02574,side,0.80000000000000004,1.1539999999999999,30,100,-20,0,-1,8.5999999999999996,7,1.2,4,6,2.8574999999999999,True,False,jaw_or_rail_rejection,side|0.80000000000000004|30|100|-20|0|1
pocket_scan_02575,side,0.80000000000000004,1.1539999999999999,30,100,-20,0,1,8.5999999999999996,7,1.2,4,6,2.8574999999999999,True,False,jaw_or_rail_rejection,side|0.80000000000000004|30|100|-20|0|1
pocket_scan_02576,side,0.80000000000000004,1.1539999999999999,30,100,0,20,-1,8.5999999999999996,7,1.2,4,6,2.8574999999999999,True,False,jaw_or_rail_rejection,side|0.80000000000000004|30|100|0|20|1
pocket_scan_02577,side,0.80000000000000004,1.1539999999999999,30,100,0,20,1,8.5999999999999996,7,1.2,4,6,2.8574999999999999,True,False,jaw_or_rail_rejection,side|0.80000000000000004|30|100|0|20|1
pocket_scan_02578,side,0.80000000000000004,1.1539999999999999,30,100,0,-20,-1,8.5999999999999996,7,1.2,4,6,2.8574999999999999,True,False,jaw_or_rail_rejection,side|0.80000000000000004|30|100|0|20|1
pocket_scan_02579,side,0.80000000000000004,1.1539999999999999,30,100,0,-20,1,8.5999999999999996,7,1.2,4,6,2.8574999999999999,True,False,jaw_or_rail_rejection,side|0.80000000000000004|30|100|0|20|1
pocket_scan_02580,side,0.80000000000000004,1.1539999999999999,30,250,0,0,-1,8.5999999999999996,7,1.2,4,6,2.8574999999999999,True,False,jaw_or_rail_rejection,side|0.80000000000000004|30|250|0|0|1
pocket_scan_02581,side,0.80000000000000004,1.1539999999999999,30,250,0,0,1,8.5999999999999996,7,1.2,4,6,2.8574999999999999,True,False,jaw_or_rail_rejection,side|0.80000000000000004|30|250|0|0|1
pocket_scan_02582,side,0.80000000000000004,1.1539999999999999,30,250,20,0,-1,8.5999999999999996,7,1.2,4,6,2.8574999999999999,True,False,jaw_or_rail_rejection,side|0.80000000000000004|30|250|20|0|1
pocket_scan_02583,side,0.80000000000000004,1.1539999999999999,30,250,20,0,1,8.5999999999999996,7,1.2,4,6,2.8574999999999999,True,False,jaw_or_rail_rejection,side|0.80000000000000004|30|250|20|0|1
pocket_scan_02584,side,0.80000000000000004,1.1539999999999999,30,250,-20,0,-1,8.5999999999999996,7,1.2,4,6,2.8574999999999999,True,False,jaw_or_rail_rejection,side|0.80000000000000004|30|250|-20|0|1
pocket_scan_02585,side,0.80000000000000004,1.1539999999999999,30,250,-20,0,1,8.5999999999999996,7,1.2,4,6,2.8574999999999999,True,False,jaw_or_rail_rejection,side|0.80000000000000004|30|250|-20|0|1
pocket_scan_02586,side,0.80000000000000004,1.1539999999999999,30,250,0,20,-1,8.5999999999999996,7,1.2,4,6,2.8574999999999999,True,False,jaw_or_rail_rejection,side|0.80000000000000004|30|250|0|20|1
pocket_scan_02587,side,0.80000000000000004,1.1539999999999999,30,250,0,20,1,8.5999999999999996,7,1.2,4,6,2.8574999999999999,True,False,jaw_or_rail_rejection,side|0.80000000000000004|30|250|0|20|1
pocket_scan_02588,side,0.80000000000000004,1.1539999999999999,30,250,0,-20,-1,8.5999999999999996,7,1.2,4,6,2.8574999999999999,True,False,jaw_or_rail_rejection,side|0.80000000000000004|30|250|0|20|1
pocket_scan_02589,side,0.80000000000000004,1.1539999999999999,30,250,0,-20,1,8.5999999999999996,7,1.2,4,6,2.8574999999999999,True,False,jaw_or_rail_rejection,side|0.80000000000000004|30|250|0|20|1
pocket_scan_02590,side,0.80000000000000004,1.1539999999999999,30,500,0,0,-1,8.5999999999999996,7,1.2,4,6,2.8574999999999999,True,False,jaw_or_rail_rejection,side|0.80000000000000004|30|500|0|0|1
pocket_scan_02591,side,0.80000000000000004,1.1539999999999999,30,500,0,0,1,8.5999999999999996,7,1.2,4,6,2.8574999999999999,True,False,jaw_or_rail_rejection,side|0.80000000000000004|30|500|0|0|1
pocket_scan_02592,side,0.80000000000000004,1.1539999999999999,30,500,20,0,-1,8.5999999999999996,7,1.2,4,6,2.8574999999999999,True,False,jaw_or_rail_rejection,side|0.80000000000000004|30|500|20|0|1
pocket_scan_02593,side,0.80000000000000004,1.1539999999999999,30,500,20,0,1,8.5999999999999996,7,1.2,4,6,2.8574999999999999,True,False,jaw_or_rail_rejection,side|0.80000000000000004|30|500|20|0|1
pocket_scan_02594,side,0.80000000000000004,1.1539999999999999,30,500,-20,0,-1,8.5999999999999996,7,1.2,4,6,2.8574999999999999,True,False,jaw_or_rail_rejection,side|0.80000000000000004|30|500|-20|0|1
pocket_scan_02595,side,0.80000000000000004,1.1539999999999999,30,500,-20,0,1,8.5999999999999996,7,1.2,4,6,2.8574999999999999,True,False,jaw_or_rail_rejection,side|0.80000000000000004|30|500|-20|0|1
pocket_scan_02596,side,0.80000000000000004,1.1539999999999999,30,500,0,20,-1,8.5999999999999996,7,1.2,4,6,2.8574999999999999,True,False,jaw_or_rail_rejection,side|0.80000000000000004|30|500|0|20|1
pocket_scan_02597,side,0.80000000000000004,1.1539999999999999,30,500,0,20,1,8.5999999999999996,7,1.2,4,6,2.8574999999999999,True,False,jaw_or_rail_rejection,side|0.80000000000000004|30|500|0|20|1
pocket_scan_02598,side,0.80000000000000004,1.1539999999999999,30,500,0,-20,-1,8.5999999999999996,7,1.2,4,6,2.8574999999999999,True,False,jaw_or_rail_rejection,side|0.80000000000000004|30|500|0|20|1
pocket_scan_02599,side,0.80000000000000004,1.1539999999999999,30,500,0,-20,1,8.5999999999999996,7,1.2,4,6,2.8574999999999999,True,False,jaw_or_rail_rejection,side|0.80000000000000004|30|500|0|20|1
pocket_scan_02600,side,1.2,1.7309999999999999,-30,25,0,0,-1,8.5999999999999996,7,1.2,4,6,2.8574999999999999,False,False,jaw_or_rail_rejection,side|1.2|30|25|0|0|1
pocket_scan_02601,side,1.2,1.7309999999999999,-30,25,0,0,1,8.5999999999999996,7,1.2,4,6,2.8574999999999999,False,False,jaw_or_rail_rejection,side|1.2|30|25|0|0|1
pocket_scan_02602,side,1.2,1.7309999999999999,-30,25,20,0,-1,8.5999999999999996,7,1.2,4,6,2.8574999999999999,False,False,jaw_or_rail_rejection,side|1.2|30|25|20|0|1
pocket_scan_02603,side,1.2,1.7309999999999999,-30,25,20,0,1,8.5999999999999996,7,1.2,4,6,2.8574999999999999,False,False,jaw_or_rail_rejection,side|1.2|30|25|20|0|1
pocket_scan_02604,side,1.2,1.7309999999999999,-30,25,-20,0,-1,8.5999999999999996,7,1.2,4,6,2.8574999999999999,False,False,jaw_or_rail_rejection,side|1.2|30|25|-20|0|1
pocket_scan_02605,side,1.2,1.7309999999999999,-30,25,-20,0,1,8.5999999999999996,7,1.2,4,6,2.8574999999999999,False,False,jaw_or_rail_rejection,side|1.2|30|25|-20|0|1
pocket_scan_02606,side,1.2,1.7309999999999999,-30,25,0,20,-1,8.5999999999999996,7,1.2,4,6,2.8574999999999999,False,False,jaw_or_rail_rejection,side|1.2|30|25|0|20|1
pocket_scan_02607,side,1.2,1.7309999999999999,-30,25,0,20,1,8.5999999999999996,7,1.2,4,6,2.8574999999999999,False,False,jaw_or_rail_rejection,side|1.2|30|25|0|20|1
pocket_scan_02608,side,1.2,1.7309999999999999,-30,25,0,-20,-1,8.5999999999999996,7,1.2,4,6,2.8574999999999999,False,False,jaw_or_rail_rejection,side|1.2|30|25|0|20|1
pocket_scan_02609,side,1.2,1.7309999999999999,-30,25,0,-20,1,8.5999999999999996,7,1.2,4,6,2.8574999999999999,False,False,jaw_or_rail_rejection,side|1.2|30|25|0|20|1
pocket_scan_02610,side,1.2,1.7309999999999999,-30,100,0,0,-1,8.5999999999999996,7,1.2,4,6,2.8574999999999999,False,False,jaw_or_rail_rejection,side|1.2|30|100|0|0|1
pocket_scan_02611,side,1.2,1.7309999999999999,-30,100,0,0,1,8.5999999999999996,7,1.2,4,6,2.8574999999999999,False,False,jaw_or_rail_rejection,side|1.2|30|100|0|0|1
pocket_scan_02612,side,1.2,1.7309999999999999,-30,100,20,0,-1,8.5999999999999996,7,1.2,4,6,2.8574999999999999,False,False,jaw_or_rail_rejection,side|1.2|30|100|20|0|1
pocket_scan_02613,side,1.2,1.7309999999999999,-30,100,20,0,1,8.5999999999999996,7,1.2,4,6,2.8574999999999999,False,False,jaw_or_rail_rejection,side|1.2|30|100|20|0|1
pocket_scan_02614,side,1.2,1.7309999999999999,-30,100,-20,0,-1,8.5999999999999996,7,1.2,4,6,2.8574999999999999,False,False,jaw_or_rail_rejection,side|1.2|30|100|-20|0|1
pocket_scan_02615,side,1.2,1.7309999999999999,-30,100,-20,0,1,8.5999999999999996,7,1.2,4,6,2.8574999999999999,False,False,jaw_or_rail_rejection,side|1.2|30|100|-20|0|1
pocket_scan_02616,side,1.2,1.7309999999999999,-30,100,0,20,-1,8.5999999999999996,7,1.2,4,6,2.8574999999999999,False,False,jaw_or_rail_rejection,side|1.2|30|100|0|20|1
pocket_scan_02617,side,1.2,1.7309999999999999,-30,100,0,20,1,8.5999999999999996,7,1.2,4,6,2.8574999999999999,False,False,jaw_or_rail_rejection,side|1.2|30|100|0|20|1
pocket_scan_02618,side,1.2,1.7309999999999999,-30,100,0,-20,-1,8.5999999999999996,7,1.2,4,6,2.8574999999999999,False,False,jaw_or_rail_rejection,side|1.2|30|100|0|20|1
pocket_scan_02619,side,1.2,1.7309999999999999,-30,100,0,-20,1,8.5999999999999996,7,1.2,4,6,2.8574999999999999,False,False,jaw_or_rail_rejection,side|1.2|30|100|0|20|1
pocket_scan_02620,side,1.2,1.7309999999999999,-30,250,0,0,-1,8.5999999999999996,7,1.2,4,6,2.8574999999999999,False,False,jaw_or_rail_rejection,side|1.2|30|250|0|0|1
pocket_scan_02621,side,1.2,1.7309999999999999,-30,250,0,0,1,8.5999999999999996,7,1.2,4,6,2.8574999999999999,False,False,jaw_or_rail_rejection,side|1.2|30|250|0|0|1
pocket_scan_02622,side,1.2,1.7309999999999999,-30,250,20,0,-1,8.5999999999999996,7,1.2,4,6,2.8574999999999999,False,False,jaw_or_rail_rejection,side|1.2|30|250|20|0|1
pocket_scan_02623,side,1.2,1.7309999999999999,-30,250,20,0,1,8.5999999999999996,7,1.2,4,6,2.8574999999999999,False,False,jaw_or_rail_rejection,side|1.2|30|250|20|0|1
pocket_scan_02624,side,1.2,1.7309999999999999,-30,250,-20,0,-1,8.5999999999999996,7,1.2,4,6,2.8574999999999999,False,False,jaw_or_rail_rejection,side|1.2|30|250|-20|0|1
pocket_scan_02625,side,1.2,1.7309999999999999,-30,250,-20,0,1,8.5999999999999996,7,1.2,4,6,2.8574999999999999,False,False,jaw_or_rail_rejection,side|1.2|30|250|-20|0|1
pocket_scan_02626,side,1.2,1.7309999999999999,-30,250,0,20,-1,8.5999999999999996,7,1.2,4,6,2.8574999999999999,False,False,jaw_or_rail_rejection,side|1.2|30|250|0|20|1
pocket_scan_02627,side,1.2,1.7309999999999999,-30,250,0,20,1,8.5999999999999996,7,1.2,4,6,2.8574999999999999,False,False,jaw_or_rail_rejection,side|1.2|30|250|0|20|1
pocket_scan_02628,side,1.2,1.7309999999999999,-30,250,0,-20,-1,8.5999999999999996,7,1.2,4,6,2.8574999999999999,False,False,jaw_or_rail_rejection,side|1.2|30|250|0|20|1
pocket_scan_02629,side,1.2,1.7309999999999999,-30,250,0,-20,1,8.5999999999999996,7,1.2,4,6,2.8574999999999999,False,False,jaw_or_rail_rejection,side|1.2|30|250|0|20|1
pocket_scan_02630,side,1.2,1.7309999999999999,-30,500,0,0,-1,8.5999999999999996,7,1.2,4,6,2.8574999999999999,False,False,jaw_or_rail_rejection,side|1.2|30|500|0|0|1
pocket_scan_02631,side,1.2,1.7309999999999999,-30,500,0,0,1,8.5999999999999996,7,1.2,4,6,2.8574999999999999,False,False,jaw_or_rail_rejection,side|1.2|30|500|0|0|1
pocket_scan_02632,side,1.2,1.7309999999999999,-30,500,20,0,-1,8.5999999999999996,7,1.2,4,6,2.8574999999999999,False,False,jaw_or_rail_rejection,side|1.2|30|500|20|0|1
pocket_scan_02633,side,1.2,1.7309999999999999,-30,500,20,0,1,8.5999999999999996,7,1.2,4,6,2.8574999999999999,False,False,jaw_or_rail_rejection,side|1.2|30|500|20|0|1
pocket_scan_02634,side,1.2,1.7309999999999999,-30,500,-20,0,-1,8.5999999999999996,7,1.2,4,6,2.8574999999999999,False,False,jaw_or_rail_rejection,side|1.2|30|500|-20|0|1
pocket_scan_02635,side,1.2,1.7309999999999999,-30,500,-20,0,1,8.5999999999999996,7,1.2,4,6,2.8574999999999999,False,False,jaw_or_rail_rejection,side|1.2|30|500|-20|0|1
pocket_scan_02636,side,1.2,1.7309999999999999,-30,500,0,20,-1,8.5999999999999996,7,1.2,4,6,2.8574999999999999,False,False,jaw_or_rail_rejection,side|1.2|30|500|0|20|1
pocket_scan_02637,side,1.2,1.7309999999999999,-30,500,0,20,1,8.5999999999999996,7,1.2,4,6,2.8574999999999999,False,False,jaw_or_rail_rejection,side|1.2|30|500|0|20|1
pocket_scan_02638,side,1.2,1.7309999999999999,-30,500,0,-20,-1,8.5999999999999996,7,1.2,4,6,2.8574999999999999,False,False,jaw_or_rail_rejection,side|1.2|30|500|0|20|1
pocket_scan_02639,side,1.2,1.7309999999999999,-30,500,0,-20,1,8.5999999999999996,7,1.2,4,6,2.8574999999999999,False,False,jaw_or_rail_rejection,side|1.2|30|500|0|20|1
pocket_scan_02640,side,1.2,1.7309999999999999,-15,25,0,0,-1,8.5999999999999996,7,1.2,4,6,2.8574999999999999,False,False,jaw_or_rail_rejection,side|1.2|15|25|0|0|1
pocket_scan_02641,side,1.2,1.7309999999999999,-15,25,0,0,1,8.5999999999999996,7,1.2,4,6,2.8574999999999999,False,False,jaw_or_rail_rejection,side|1.2|15|25|0|0|1
pocket_scan_02642,side,1.2,1.7309999999999999,-15,25,20,0,-1,8.5999999999999996,7,1.2,4,6,2.8574999999999999,False,False,jaw_or_rail_rejection,side|1.2|15|25|20|0|1
pocket_scan_02643,side,1.2,1.7309999999999999,-15,25,20,0,1,8.5999999999999996,7,1.2,4,6,2.8574999999999999,False,False,jaw_or_rail_rejection,side|1.2|15|25|20|0|1
pocket_scan_02644,side,1.2,1.7309999999999999,-15,25,-20,0,-1,8.5999999999999996,7,1.2,4,6,2.8574999999999999,False,False,jaw_or_rail_rejection,side|1.2|15|25|-20|0|1
pocket_scan_02645,side,1.2,1.7309999999999999,-15,25,-20,0,1,8.5999999999999996,7,1.2,4,6,2.8574999999999999,False,False,jaw_or_rail_rejection,side|1.2|15|25|-20|0|1
pocket_scan_02646,side,1.2,1.7309999999999999,-15,25,0,20,-1,8.5999999999999996,7,1.2,4,6,2.8574999999999999,False,False,jaw_or_rail_rejection,side|1.2|15|25|0|20|1
pocket_scan_02647,side,1.2,1.7309999999999999,-15,25,0,20,1,8.5999999999999996,7,1.2,4,6,2.8574999999999999,False,False,jaw_or_rail_rejection,side|1.2|15|25|0|20|1
pocket_scan_02648,side,1.2,1.7309999999999999,-15,25,0,-20,-1,8.5999999999999996,7,1.2,4,6,2.8574999999999999,False,False,jaw_or_rail_rejection,side|1.2|15|25|0|20|1
pocket_scan_02649,side,1.2,1.7309999999999999,-15,25,0,-20,1,8.5999999999999996,7,1.2,4,6,2.8574999999999999,False,False,jaw_or_rail_rejection,side|1.2|15|25|0|20|1
pocket_scan_02650,side,1.2,1.7309999999999999,-15,100,0,0,-1,8.5999999999999996,7,1.2,4,6,2.8574999999999999,False,False,jaw_or_rail_rejection,side|1.2|15|100|0|0|1
pocket_scan_02651,side,1.2,1.7309999999999999,-15,100,0,0,1,8.5999999999999996,7,1.2,4,6,2.8574999999999999,False,False,jaw_or_rail_rejection,side|1.2|15|100|0|0|1
pocket_scan_02652,side,1.2,1.7309999999999999,-15,100,20,0,-1,8.5999999999999996,7,1.2,4,6,2.8574999999999999,False,False,jaw_or_rail_rejection,side|1.2|15|100|20|0|1
pocket_scan_02653,side,1.2,1.7309999999999999,-15,100,20,0,1,8.5999999999999996,7,1.2,4,6,2.8574999999999999,False,False,jaw_or_rail_rejection,side|1.2|15|100|20|0|1
pocket_scan_02654,side,1.2,1.7309999999999999,-15,100,-20,0,-1,8.5999999999999996,7,1.2,4,6,2.8574999999999999,False,False,jaw_or_rail_rejection,side|1.2|15|100|-20|0|1
pocket_scan_02655,side,1.2,1.7309999999999999,-15,100,-20,0,1,8.5999999999999996,7,1.2,4,6,2.8574999999999999,False,False,jaw_or_rail_rejection,side|1.2|15|100|-20|0|1
pocket_scan_02656,side,1.2,1.7309999999999999,-15,100,0,20,-1,8.5999999999999996,7,1.2,4,6,2.8574999999999999,False,False,jaw_or_rail_rejection,side|1.2|15|100|0|20|1
pocket_scan_02657,side,1.2,1.7309999999999999,-15,100,0,20,1,8.5999999999999996,7,1.2,4,6,2.8574999999999999,False,False,jaw_or_rail_rejection,side|1.2|15|100|0|20|1
pocket_scan_02658,side,1.2,1.7309999999999999,-15,100,0,-20,-1,8.5999999999999996,7,1.2,4,6,2.8574999999999999,False,False,jaw_or_rail_rejection,side|1.2|15|100|0|20|1
pocket_scan_02659,side,1.2,1.7309999999999999,-15,100,0,-20,1,8.5999999999999996,7,1.2,4,6,2.8574999999999999,False,False,jaw_or_rail_rejection,side|1.2|15|100|0|20|1
pocket_scan_02660,side,1.2,1.7309999999999999,-15,250,0,0,-1,8.5999999999999996,7,1.2,4,6,2.8574999999999999,False,False,jaw_or_rail_rejection,side|1.2|15|250|0|0|1
pocket_scan_02661,side,1.2,1.7309999999999999,-15,250,0,0,1,8.5999999999999996,7,1.2,4,6,2.8574999999999999,False,False,jaw_or_rail_rejection,side|1.2|15|250|0|0|1
pocket_scan_02662,side,1.2,1.7309999999999999,-15,250,20,0,-1,8.5999999999999996,7,1.2,4,6,2.8574999999999999,False,False,jaw_or_rail_rejection,side|1.2|15|250|20|0|1
pocket_scan_02663,side,1.2,1.7309999999999999,-15,250,20,0,1,8.5999999999999996,7,1.2,4,6,2.8574999999999999,False,False,jaw_or_rail_rejection,side|1.2|15|250|20|0|1
pocket_scan_02664,side,1.2,1.7309999999999999,-15,250,-20,0,-1,8.5999999999999996,7,1.2,4,6,2.8574999999999999,False,False,jaw_or_rail_rejection,side|1.2|15|250|-20|0|1
pocket_scan_02665,side,1.2,1.7309999999999999,-15,250,-20,0,1,8.5999999999999996,7,1.2,4,6,2.8574999999999999,False,False,jaw_or_rail_rejection,side|1.2|15|250|-20|0|1
pocket_scan_02666,side,1.2,1.7309999999999999,-15,250,0,20,-1,8.5999999999999996,7,1.2,4,6,2.8574999999999999,False,False,jaw_or_rail_rejection,side|1.2|15|250|0|20|1
pocket_scan_02667,side,1.2,1.7309999999999999,-15,250,0,20,1,8.5999999999999996,7,1.2,4,6,2.8574999999999999,False,False,jaw_or_rail_rejection,side|1.2|15|250|0|20|1
pocket_scan_02668,side,1.2,1.7309999999999999,-15,250,0,-20,-1,8.5999999999999996,7,1.2,4,6,2.8574999999999999,False,False,jaw_or_rail_rejection,side|1.2|15|250|0|20|1
pocket_scan_02669,side,1.2,1.7309999999999999,-15,250,0,-20,1,8.5999999999999996,7,1.2,4,6,2.8574999999999999,False,False,jaw_or_rail_rejection,side|1.2|15|250|0|20|1
pocket_scan_02670,side,1.2,1.7309999999999999,-15,500,0,0,-1,8.5999999999999996,7,1.2,4,6,2.8574999999999999,False,False,jaw_or_rail_rejection,side|1.2|15|500|0|0|1
pocket_scan_02671,side,1.2,1.7309999999999999,-15,500,0,0,1,8.5999999999999996,7,1.2,4,6,2.8574999999999999,False,False,jaw_or_rail_rejection,side|1.2|15|500|0|0|1
pocket_scan_02672,side,1.2,1.7309999999999999,-15,500,20,0,-1,8.5999999999999996,7,1.2,4,6,2.8574999999999999,False,False,jaw_or_rail_rejection,side|1.2|15|500|20|0|1
pocket_scan_02673,side,1.2,1.7309999999999999,-15,500,20,0,1,8.5999999999999996,7,1.2,4,6,2.8574999999999999,False,False,jaw_or_rail_rejection,side|1.2|15|500|20|0|1
pocket_scan_02674,side,1.2,1.7309999999999999,-15,500,-20,0,-1,8.5999999999999996,7,1.2,4,6,2.8574999999999999,False,False,jaw_or_rail_rejection,side|1.2|15|500|-20|0|1
pocket_scan_02675,side,1.2,1.7309999999999999,-15,500,-20,0,1,8.5999999999999996,7,1.2,4,6,2.8574999999999999,False,False,jaw_or_rail_rejection,side|1.2|15|500|-20|0|1
pocket_scan_02676,side,1.2,1.7309999999999999,-15,500,0,20,-1,8.5999999999999996,7,1.2,4,6,2.8574999999999999,False,False,jaw_or_rail_rejection,side|1.2|15|500|0|20|1
pocket_scan_02677,side,1.2,1.7309999999999999,-15,500,0,20,1,8.5999999999999996,7,1.2,4,6,2.8574999999999999,False,False,jaw_or_rail_rejection,side|1.2|15|500|0|20|1
pocket_scan_02678,side,1.2,1.7309999999999999,-15,500,0,-20,-1,8.5999999999999996,7,1.2,4,6,2.8574999999999999,False,False,jaw_or_rail_rejection,side|1.2|15|500|0|20|1
pocket_scan_02679,side,1.2,1.7309999999999999,-15,500,0,-20,1,8.5999999999999996,7,1.2,4,6,2.8574999999999999,False,False,jaw_or_rail_rejection,side|1.2|15|500|0|20|1
pocket_scan_02680,side,1.2,1.7309999999999999,0,25,0,0,-1,8.5999999999999996,7,1.2,4,6,2.8574999999999999,False,False,jaw_or_rail_rejection,side|1.2|0|25|0|0|1
pocket_scan_02681,side,1.2,1.7309999999999999,0,25,0,0,1,8.5999999999999996,7,1.2,4,6,2.8574999999999999,False,False,jaw_or_rail_rejection,side|1.2|0|25|0|0|1
pocket_scan_02682,side,1.2,1.7309999999999999,0,25,20,0,-1,8.5999999999999996,7,1.2,4,6,2.8574999999999999,False,False,jaw_or_rail_rejection,side|1.2|0|25|20|0|1
pocket_scan_02683,side,1.2,1.7309999999999999,0,25,20,0,1,8.5999999999999996,7,1.2,4,6,2.8574999999999999,False,False,jaw_or_rail_rejection,side|1.2|0|25|20|0|1
pocket_scan_02684,side,1.2,1.7309999999999999,0,25,-20,0,-1,8.5999999999999996,7,1.2,4,6,2.8574999999999999,False,False,jaw_or_rail_rejection,side|1.2|0|25|-20|0|1
pocket_scan_02685,side,1.2,1.7309999999999999,0,25,-20,0,1,8.5999999999999996,7,1.2,4,6,2.8574999999999999,False,False,jaw_or_rail_rejection,side|1.2|0|25|-20|0|1
pocket_scan_02686,side,1.2,1.7309999999999999,0,25,0,20,-1,8.5999999999999996,7,1.2,4,6,2.8574999999999999,False,False,jaw_or_rail_rejection,side|1.2|0|25|0|20|1
pocket_scan_02687,side,1.2,1.7309999999999999,0,25,0,20,1,8.5999999999999996,7,1.2,4,6,2.8574999999999999,False,False,jaw_or_rail_rejection,side|1.2|0|25|0|20|1
pocket_scan_02688,side,1.2,1.7309999999999999,0,25,0,-20,-1,8.5999999999999996,7,1.2,4,6,2.8574999999999999,False,False,jaw_or_rail_rejection,side|1.2|0|25|0|20|1
pocket_scan_02689,side,1.2,1.7309999999999999,0,25,0,-20,1,8.5999999999999996,7,1.2,4,6,2.8574999999999999,False,False,jaw_or_rail_rejection,side|1.2|0|25|0|20|1
pocket_scan_02690,side,1.2,1.7309999999999999,0,100,0,0,-1,8.5999999999999996,7,1.2,4,6,2.8574999999999999,False,False,jaw_or_rail_rejection,side|1.2|0|100|0|0|1
pocket_scan_02691,side,1.2,1.7309999999999999,0,100,0,0,1,8.5999999999999996,7,1.2,4,6,2.8574999999999999,False,False,jaw_or_rail_rejection,side|1.2|0|100|0|0|1
pocket_scan_02692,side,1.2,1.7309999999999999,0,100,20,0,-1,8.5999999999999996,7,1.2,4,6,2.8574999999999999,False,False,jaw_or_rail_rejection,side|1.2|0|100|20|0|1
pocket_scan_02693,side,1.2,1.7309999999999999,0,100,20,0,1,8.5999999999999996,7,1.2,4,6,2.8574999999999999,False,False,jaw_or_rail_rejection,side|1.2|0|100|20|0|1
pocket_scan_02694,side,1.2,1.7309999999999999,0,100,-20,0,-1,8.5999999999999996,7,1.2,4,6,2.8574999999999999,False,False,jaw_or_rail_rejection,side|1.2|0|100|-20|0|1
pocket_scan_02695,side,1.2,1.7309999999999999,0,100,-20,0,1,8.5999999999999996,7,1.2,4,6,2.8574999999999999,False,False,jaw_or_rail_rejection,side|1.2|0|100|-20|0|1
pocket_scan_02696,side,1.2,1.7309999999999999,0,100,0,20,-1,8.5999999999999996,7,1.2,4,6,2.8574999999999999,False,False,jaw_or_rail_rejection,side|1.2|0|100|0|20|1
pocket_scan_02697,side,1.2,1.7309999999999999,0,100,0,20,1,8.5999999999999996,7,1.2,4,6,2.8574999999999999,False,False,jaw_or_rail_rejection,side|1.2|0|100|0|20|1
pocket_scan_02698,side,1.2,1.7309999999999999,0,100,0,-20,-1,8.5999999999999996,7,1.2,4,6,2.8574999999999999,False,False,jaw_or_rail_rejection,side|1.2|0|100|0|20|1
pocket_scan_02699,side,1.2,1.7309999999999999,0,100,0,-20,1,8.5999999999999996,7,1.2,4,6,2.8574999999999999,False,False,jaw_or_rail_rejection,side|1.2|0|100|0|20|1
pocket_scan_02700,side,1.2,1.7309999999999999,0,250,0,0,-1,8.5999999999999996,7,1.2,4,6,2.8574999999999999,False,False,jaw_or_rail_rejection,side|1.2|0|250|0|0|1
pocket_scan_02701,side,1.2,1.7309999999999999,0,250,0,0,1,8.5999999999999996,7,1.2,4,6,2.8574999999999999,False,False,jaw_or_rail_rejection,side|1.2|0|250|0|0|1
pocket_scan_02702,side,1.2,1.7309999999999999,0,250,20,0,-1,8.5999999999999996,7,1.2,4,6,2.8574999999999999,False,False,jaw_or_rail_rejection,side|1.2|0|250|20|0|1
pocket_scan_02703,side,1.2,1.7309999999999999,0,250,20,0,1,8.5999999999999996,7,1.2,4,6,2.8574999999999999,False,False,jaw_or_rail_rejection,side|1.2|0|250|20|0|1
pocket_scan_02704,side,1.2,1.7309999999999999,0,250,-20,0,-1,8.5999999999999996,7,1.2,4,6,2.8574999999999999,False,False,jaw_or_rail_rejection,side|1.2|0|250|-20|0|1
pocket_scan_02705,side,1.2,1.7309999999999999,0,250,-20,0,1,8.5999999999999996,7,1.2,4,6,2.8574999999999999,False,False,jaw_or_rail_rejection,side|1.2|0|250|-20|0|1
pocket_scan_02706,side,1.2,1.7309999999999999,0,250,0,20,-1,8.5999999999999996,7,1.2,4,6,2.8574999999999999,False,False,jaw_or_rail_rejection,side|1.2|0|250|0|20|1
pocket_scan_02707,side,1.2,1.7309999999999999,0,250,0,20,1,8.5999999999999996,7,1.2,4,6,2.8574999999999999,False,False,jaw_or_rail_rejection,side|1.2|0|250|0|20|1
pocket_scan_02708,side,1.2,1.7309999999999999,0,250,0,-20,-1,8.5999999999999996,7,1.2,4,6,2.8574999999999999,False,False,jaw_or_rail_rejection,side|1.2|0|250|0|20|1
pocket_scan_02709,side,1.2,1.7309999999999999,0,250,0,-20,1,8.5999999999999996,7,1.2,4,6,2.8574999999999999,False,False,jaw_or_rail_rejection,side|1.2|0|250|0|20|1
pocket_scan_02710,side,1.2,1.7309999999999999,0,500,0,0,-1,8.5999999999999996,7,1.2,4,6,2.8574999999999999,False,False,jaw_or_rail_rejection,side|1.2|0|500|0|0|1
pocket_scan_02711,side,1.2,1.7309999999999999,0,500,0,0,1,8.5999999999999996,7,1.2,4,6,2.8574999999999999,False,False,jaw_or_rail_rejection,side|1.2|0|500|0|0|1
pocket_scan_02712,side,1.2,1.7309999999999999,0,500,20,0,-1,8.5999999999999996,7,1.2,4,6,2.8574999999999999,False,False,jaw_or_rail_rejection,side|1.2|0|500|20|0|1
pocket_scan_02713,side,1.2,1.7309999999999999,0,500,20,0,1,8.5999999999999996,7,1.2,4,6,2.8574999999999999,False,False,jaw_or_rail_rejection,side|1.2|0|500|20|0|1
pocket_scan_02714,side,1.2,1.7309999999999999,0,500,-20,0,-1,8.5999999999999996,7,1.2,4,6,2.8574999999999999,False,False,jaw_or_rail_rejection,side|1.2|0|500|-20|0|1
pocket_scan_02715,side,1.2,1.7309999999999999,0,500,-20,0,1,8.5999999999999996,7,1.2,4,6,2.8574999999999999,False,False,jaw_or_rail_rejection,side|1.2|0|500|-20|0|1
pocket_scan_02716,side,1.2,1.7309999999999999,0,500,0,20,-1,8.5999999999999996,7,1.2,4,6,2.8574999999999999,False,False,jaw_or_rail_rejection,side|1.2|0|500|0|20|1
pocket_scan_02717,side,1.2,1.7309999999999999,0,500,0,20,1,8.5999999999999996,7,1.2,4,6,2.8574999999999999,False,False,jaw_or_rail_rejection,side|1.2|0|500|0|20|1
pocket_scan_02718,side,1.2,1.7309999999999999,0,500,0,-20,-1,8.5999999999999996,7,1.2,4,6,2.8574999999999999,False,False,jaw_or_rail_rejection,side|1.2|0|500|0|20|1
pocket_scan_02719,side,1.2,1.7309999999999999,0,500,0,-20,1,8.5999999999999996,7,1.2,4,6,2.8574999999999999,False,False,jaw_or_rail_rejection,side|1.2|0|500|0|20|1
pocket_scan_02720,side,1.2,1.7309999999999999,15,25,0,0,-1,8.5999999999999996,7,1.2,4,6,2.8574999999999999,False,False,jaw_or_rail_rejection,side|1.2|15|25|0|0|1
pocket_scan_02721,side,1.2,1.7309999999999999,15,25,0,0,1,8.5999999999999996,7,1.2,4,6,2.8574999999999999,False,False,jaw_or_rail_rejection,side|1.2|15|25|0|0|1
pocket_scan_02722,side,1.2,1.7309999999999999,15,25,20,0,-1,8.5999999999999996,7,1.2,4,6,2.8574999999999999,False,False,jaw_or_rail_rejection,side|1.2|15|25|20|0|1
pocket_scan_02723,side,1.2,1.7309999999999999,15,25,20,0,1,8.5999999999999996,7,1.2,4,6,2.8574999999999999,False,False,jaw_or_rail_rejection,side|1.2|15|25|20|0|1
pocket_scan_02724,side,1.2,1.7309999999999999,15,25,-20,0,-1,8.5999999999999996,7,1.2,4,6,2.8574999999999999,False,False,jaw_or_rail_rejection,side|1.2|15|25|-20|0|1
pocket_scan_02725,side,1.2,1.7309999999999999,15,25,-20,0,1,8.5999999999999996,7,1.2,4,6,2.8574999999999999,False,False,jaw_or_rail_rejection,side|1.2|15|25|-20|0|1
pocket_scan_02726,side,1.2,1.7309999999999999,15,25,0,20,-1,8.5999999999999996,7,1.2,4,6,2.8574999999999999,False,False,jaw_or_rail_rejection,side|1.2|15|25|0|20|1
pocket_scan_02727,side,1.2,1.7309999999999999,15,25,0,20,1,8.5999999999999996,7,1.2,4,6,2.8574999999999999,False,False,jaw_or_rail_rejection,side|1.2|15|25|0|20|1
pocket_scan_02728,side,1.2,1.7309999999999999,15,25,0,-20,-1,8.5999999999999996,7,1.2,4,6,2.8574999999999999,False,False,jaw_or_rail_rejection,side|1.2|15|25|0|20|1
pocket_scan_02729,side,1.2,1.7309999999999999,15,25,0,-20,1,8.5999999999999996,7,1.2,4,6,2.8574999999999999,False,False,jaw_or_rail_rejection,side|1.2|15|25|0|20|1
pocket_scan_02730,side,1.2,1.7309999999999999,15,100,0,0,-1,8.5999999999999996,7,1.2,4,6,2.8574999999999999,False,False,jaw_or_rail_rejection,side|1.2|15|100|0|0|1
pocket_scan_02731,side,1.2,1.7309999999999999,15,100,0,0,1,8.5999999999999996,7,1.2,4,6,2.8574999999999999,False,False,jaw_or_rail_rejection,side|1.2|15|100|0|0|1
pocket_scan_02732,side,1.2,1.7309999999999999,15,100,20,0,-1,8.5999999999999996,7,1.2,4,6,2.8574999999999999,False,False,jaw_or_rail_rejection,side|1.2|15|100|20|0|1
pocket_scan_02733,side,1.2,1.7309999999999999,15,100,20,0,1,8.5999999999999996,7,1.2,4,6,2.8574999999999999,False,False,jaw_or_rail_rejection,side|1.2|15|100|20|0|1
pocket_scan_02734,side,1.2,1.7309999999999999,15,100,-20,0,-1,8.5999999999999996,7,1.2,4,6,2.8574999999999999,False,False,jaw_or_rail_rejection,side|1.2|15|100|-20|0|1
pocket_scan_02735,side,1.2,1.7309999999999999,15,100,-20,0,1,8.5999999999999996,7,1.2,4,6,2.8574999999999999,False,False,jaw_or_rail_rejection,side|1.2|15|100|-20|0|1
pocket_scan_02736,side,1.2,1.7309999999999999,15,100,0,20,-1,8.5999999999999996,7,1.2,4,6,2.8574999999999999,False,False,jaw_or_rail_rejection,side|1.2|15|100|0|20|1
pocket_scan_02737,side,1.2,1.7309999999999999,15,100,0,20,1,8.5999999999999996,7,1.2,4,6,2.8574999999999999,False,False,jaw_or_rail_rejection,side|1.2|15|100|0|20|1
pocket_scan_02738,side,1.2,1.7309999999999999,15,100,0,-20,-1,8.5999999999999996,7,1.2,4,6,2.8574999999999999,False,False,jaw_or_rail_rejection,side|1.2|15|100|0|20|1
pocket_scan_02739,side,1.2,1.7309999999999999,15,100,0,-20,1,8.5999999999999996,7,1.2,4,6,2.8574999999999999,False,False,jaw_or_rail_rejection,side|1.2|15|100|0|20|1
pocket_scan_02740,side,1.2,1.7309999999999999,15,250,0,0,-1,8.5999999999999996,7,1.2,4,6,2.8574999999999999,False,False,jaw_or_rail_rejection,side|1.2|15|250|0|0|1
pocket_scan_02741,side,1.2,1.7309999999999999,15,250,0,0,1,8.5999999999999996,7,1.2,4,6,2.8574999999999999,False,False,jaw_or_rail_rejection,side|1.2|15|250|0|0|1
pocket_scan_02742,side,1.2,1.7309999999999999,15,250,20,0,-1,8.5999999999999996,7,1.2,4,6,2.8574999999999999,False,False,jaw_or_rail_rejection,side|1.2|15|250|20|0|1
pocket_scan_02743,side,1.2,1.7309999999999999,15,250,20,0,1,8.5999999999999996,7,1.2,4,6,2.8574999999999999,False,False,jaw_or_rail_rejection,side|1.2|15|250|20|0|1
pocket_scan_02744,side,1.2,1.7309999999999999,15,250,-20,0,-1,8.5999999999999996,7,1.2,4,6,2.8574999999999999,False,False,jaw_or_rail_rejection,side|1.2|15|250|-20|0|1
pocket_scan_02745,side,1.2,1.7309999999999999,15,250,-20,0,1,8.5999999999999996,7,1.2,4,6,2.8574999999999999,False,False,jaw_or_rail_rejection,side|1.2|15|250|-20|0|1
pocket_scan_02746,side,1.2,1.7309999999999999,15,250,0,20,-1,8.5999999999999996,7,1.2,4,6,2.8574999999999999,False,False,jaw_or_rail_rejection,side|1.2|15|250|0|20|1
pocket_scan_02747,side,1.2,1.7309999999999999,15,250,0,20,1,8.5999999999999996,7,1.2,4,6,2.8574999999999999,False,False,jaw_or_rail_rejection,side|1.2|15|250|0|20|1
pocket_scan_02748,side,1.2,1.7309999999999999,15,250,0,-20,-1,8.5999999999999996,7,1.2,4,6,2.8574999999999999,False,False,jaw_or_rail_rejection,side|1.2|15|250|0|20|1
pocket_scan_02749,side,1.2,1.7309999999999999,15,250,0,-20,1,8.5999999999999996,7,1.2,4,6,2.8574999999999999,False,False,jaw_or_rail_rejection,side|1.2|15|250|0|20|1
pocket_scan_02750,side,1.2,1.7309999999999999,15,500,0,0,-1,8.5999999999999996,7,1.2,4,6,2.8574999999999999,False,False,jaw_or_rail_rejection,side|1.2|15|500|0|0|1
pocket_scan_02751,side,1.2,1.7309999999999999,15,500,0,0,1,8.5999999999999996,7,1.2,4,6,2.8574999999999999,False,False,jaw_or_rail_rejection,side|1.2|15|500|0|0|1
pocket_scan_02752,side,1.2,1.7309999999999999,15,500,20,0,-1,8.5999999999999996,7,1.2,4,6,2.8574999999999999,False,False,jaw_or_rail_rejection,side|1.2|15|500|20|0|1
pocket_scan_02753,side,1.2,1.7309999999999999,15,500,20,0,1,8.5999999999999996,7,1.2,4,6,2.8574999999999999,False,False,jaw_or_rail_rejection,side|1.2|15|500|20|0|1
pocket_scan_02754,side,1.2,1.7309999999999999,15,500,-20,0,-1,8.5999999999999996,7,1.2,4,6,2.8574999999999999,False,False,jaw_or_rail_rejection,side|1.2|15|500|-20|0|1
pocket_scan_02755,side,1.2,1.7309999999999999,15,500,-20,0,1,8.5999999999999996,7,1.2,4,6,2.8574999999999999,False,False,jaw_or_rail_rejection,side|1.2|15|500|-20|0|1
pocket_scan_02756,side,1.2,1.7309999999999999,15,500,0,20,-1,8.5999999999999996,7,1.2,4,6,2.8574999999999999,False,False,jaw_or_rail_rejection,side|1.2|15|500|0|20|1
pocket_scan_02757,side,1.2,1.7309999999999999,15,500,0,20,1,8.5999999999999996,7,1.2,4,6,2.8574999999999999,False,False,jaw_or_rail_rejection,side|1.2|15|500|0|20|1
pocket_scan_02758,side,1.2,1.7309999999999999,15,500,0,-20,-1,8.5999999999999996,7,1.2,4,6,2.8574999999999999,False,False,jaw_or_rail_rejection,side|1.2|15|500|0|20|1
pocket_scan_02759,side,1.2,1.7309999999999999,15,500,0,-20,1,8.5999999999999996,7,1.2,4,6,2.8574999999999999,False,False,jaw_or_rail_rejection,side|1.2|15|500|0|20|1
pocket_scan_02760,side,1.2,1.7309999999999999,30,25,0,0,-1,8.5999999999999996,7,1.2,4,6,2.8574999999999999,False,False,jaw_or_rail_rejection,side|1.2|30|25|0|0|1
pocket_scan_02761,side,1.2,1.7309999999999999,30,25,0,0,1,8.5999999999999996,7,1.2,4,6,2.8574999999999999,False,False,jaw_or_rail_rejection,side|1.2|30|25|0|0|1
pocket_scan_02762,side,1.2,1.7309999999999999,30,25,20,0,-1,8.5999999999999996,7,1.2,4,6,2.8574999999999999,False,False,jaw_or_rail_rejection,side|1.2|30|25|20|0|1
pocket_scan_02763,side,1.2,1.7309999999999999,30,25,20,0,1,8.5999999999999996,7,1.2,4,6,2.8574999999999999,False,False,jaw_or_rail_rejection,side|1.2|30|25|20|0|1
pocket_scan_02764,side,1.2,1.7309999999999999,30,25,-20,0,-1,8.5999999999999996,7,1.2,4,6,2.8574999999999999,False,False,jaw_or_rail_rejection,side|1.2|30|25|-20|0|1
pocket_scan_02765,side,1.2,1.7309999999999999,30,25,-20,0,1,8.5999999999999996,7,1.2,4,6,2.8574999999999999,False,False,jaw_or_rail_rejection,side|1.2|30|25|-20|0|1
pocket_scan_02766,side,1.2,1.7309999999999999,30,25,0,20,-1,8.5999999999999996,7,1.2,4,6,2.8574999999999999,False,False,jaw_or_rail_rejection,side|1.2|30|25|0|20|1
pocket_scan_02767,side,1.2,1.7309999999999999,30,25,0,20,1,8.5999999999999996,7,1.2,4,6,2.8574999999999999,False,False,jaw_or_rail_rejection,side|1.2|30|25|0|20|1
pocket_scan_02768,side,1.2,1.7309999999999999,30,25,0,-20,-1,8.5999999999999996,7,1.2,4,6,2.8574999999999999,False,False,jaw_or_rail_rejection,side|1.2|30|25|0|20|1
pocket_scan_02769,side,1.2,1.7309999999999999,30,25,0,-20,1,8.5999999999999996,7,1.2,4,6,2.8574999999999999,False,False,jaw_or_rail_rejection,side|1.2|30|25|0|20|1
pocket_scan_02770,side,1.2,1.7309999999999999,30,100,0,0,-1,8.5999999999999996,7,1.2,4,6,2.8574999999999999,False,False,jaw_or_rail_rejection,side|1.2|30|100|0|0|1
pocket_scan_02771,side,1.2,1.7309999999999999,30,100,0,0,1,8.5999999999999996,7,1.2,4,6,2.8574999999999999,False,False,jaw_or_rail_rejection,side|1.2|30|100|0|0|1
pocket_scan_02772,side,1.2,1.7309999999999999,30,100,20,0,-1,8.5999999999999996,7,1.2,4,6,2.8574999999999999,False,False,jaw_or_rail_rejection,side|1.2|30|100|20|0|1
pocket_scan_02773,side,1.2,1.7309999999999999,30,100,20,0,1,8.5999999999999996,7,1.2,4,6,2.8574999999999999,False,False,jaw_or_rail_rejection,side|1.2|30|100|20|0|1
pocket_scan_02774,side,1.2,1.7309999999999999,30,100,-20,0,-1,8.5999999999999996,7,1.2,4,6,2.8574999999999999,False,False,jaw_or_rail_rejection,side|1.2|30|100|-20|0|1
pocket_scan_02775,side,1.2,1.7309999999999999,30,100,-20,0,1,8.5999999999999996,7,1.2,4,6,2.8574999999999999,False,False,jaw_or_rail_rejection,side|1.2|30|100|-20|0|1
pocket_scan_02776,side,1.2,1.7309999999999999,30,100,0,20,-1,8.5999999999999996,7,1.2,4,6,2.8574999999999999,False,False,jaw_or_rail_rejection,side|1.2|30|100|0|20|1
pocket_scan_02777,side,1.2,1.7309999999999999,30,100,0,20,1,8.5999999999999996,7,1.2,4,6,2.8574999999999999,False,False,jaw_or_rail_rejection,side|1.2|30|100|0|20|1
pocket_scan_02778,side,1.2,1.7309999999999999,30,100,0,-20,-1,8.5999999999999996,7,1.2,4,6,2.8574999999999999,False,False,jaw_or_rail_rejection,side|1.2|30|100|0|20|1
pocket_scan_02779,side,1.2,1.7309999999999999,30,100,0,-20,1,8.5999999999999996,7,1.2,4,6,2.8574999999999999,False,False,jaw_or_rail_rejection,side|1.2|30|100|0|20|1
pocket_scan_02780,side,1.2,1.7309999999999999,30,250,0,0,-1,8.5999999999999996,7,1.2,4,6,2.8574999999999999,False,False,jaw_or_rail_rejection,side|1.2|30|250|0|0|1
pocket_scan_02781,side,1.2,1.7309999999999999,30,250,0,0,1,8.5999999999999996,7,1.2,4,6,2.8574999999999999,False,False,jaw_or_rail_rejection,side|1.2|30|250|0|0|1
pocket_scan_02782,side,1.2,1.7309999999999999,30,250,20,0,-1,8.5999999999999996,7,1.2,4,6,2.8574999999999999,False,False,jaw_or_rail_rejection,side|1.2|30|250|20|0|1
pocket_scan_02783,side,1.2,1.7309999999999999,30,250,20,0,1,8.5999999999999996,7,1.2,4,6,2.8574999999999999,False,False,jaw_or_rail_rejection,side|1.2|30|250|20|0|1
pocket_scan_02784,side,1.2,1.7309999999999999,30,250,-20,0,-1,8.5999999999999996,7,1.2,4,6,2.8574999999999999,False,False,jaw_or_rail_rejection,side|1.2|30|250|-20|0|1
pocket_scan_02785,side,1.2,1.7309999999999999,30,250,-20,0,1,8.5999999999999996,7,1.2,4,6,2.8574999999999999,False,False,jaw_or_rail_rejection,side|1.2|30|250|-20|0|1
pocket_scan_02786,side,1.2,1.7309999999999999,30,250,0,20,-1,8.5999999999999996,7,1.2,4,6,2.8574999999999999,False,False,jaw_or_rail_rejection,side|1.2|30|250|0|20|1
pocket_scan_02787,side,1.2,1.7309999999999999,30,250,0,20,1,8.5999999999999996,7,1.2,4,6,2.8574999999999999,False,False,jaw_or_rail_rejection,side|1.2|30|250|0|20|1
pocket_scan_02788,side,1.2,1.7309999999999999,30,250,0,-20,-1,8.5999999999999996,7,1.2,4,6,2.8574999999999999,False,False,jaw_or_rail_rejection,side|1.2|30|250|0|20|1
pocket_scan_02789,side,1.2,1.7309999999999999,30,250,0,-20,1,8.5999999999999996,7,1.2,4,6,2.8574999999999999,False,False,jaw_or_rail_rejection,side|1.2|30|250|0|20|1
pocket_scan_02790,side,1.2,1.7309999999999999,30,500,0,0,-1,8.5999999999999996,7,1.2,4,6,2.8574999999999999,False,False,jaw_or_rail_rejection,side|1.2|30|500|0|0|1
pocket_scan_02791,side,1.2,1.7309999999999999,30,500,0,0,1,8.5999999999999996,7,1.2,4,6,2.8574999999999999,False,False,jaw_or_rail_rejection,side|1.2|30|500|0|0|1
pocket_scan_02792,side,1.2,1.7309999999999999,30,500,20,0,-1,8.5999999999999996,7,1.2,4,6,2.8574999999999999,False,False,jaw_or_rail_rejection,side|1.2|30|500|20|0|1
pocket_scan_02793,side,1.2,1.7309999999999999,30,500,20,0,1,8.5999999999999996,7,1.2,4,6,2.8574999999999999,False,False,jaw_or_rail_rejection,side|1.2|30|500|20|0|1
pocket_scan_02794,side,1.2,1.7309999999999999,30,500,-20,0,-1,8.5999999999999996,7,1.2,4,6,2.8574999999999999,False,False,jaw_or_rail_rejection,side|1.2|30|500|-20|0|1
pocket_scan_02795,side,1.2,1.7309999999999999,30,500,-20,0,1,8.5999999999999996,7,1.2,4,6,2.8574999999999999,False,False,jaw_or_rail_rejection,side|1.2|30|500|-20|0|1
pocket_scan_02796,side,1.2,1.7309999999999999,30,500,0,20,-1,8.5999999999999996,7,1.2,4,6,2.8574999999999999,False,False,jaw_or_rail_rejection,side|1.2|30|500|0|20|1
pocket_scan_02797,side,1.2,1.7309999999999999,30,500,0,20,1,8.5999999999999996,7,1.2,4,6,2.8574999999999999,False,False,jaw_or_rail_rejection,side|1.2|30|500|0|20|1
pocket_scan_02798,side,1.2,1.7309999999999999,30,500,0,-20,-1,8.5999999999999996,7,1.2,4,6,2.8574999999999999,False,False,jaw_or_rail_rejection,side|1.2|30|500|0|20|1
pocket_scan_02799,side,1.2,1.7309999999999999,30,500,0,-20,1,8.5999999999999996,7,1.2,4,6,2.8574999999999999,False,False,jaw_or_rail_rejection,side|1.2|30|500|0|20|1
