dataset_id,dataset_version,series_id,group_id,incident_speed_cm_s,fit_subset,rigid_cushion_domain,case_id,scenario_id,point_id,partition,metric,unit,prediction,prediction_nonfinite,experimental_value,signed_error,acceptance_lower,acceptance_upper,measurement_uncertainty,digitization_uncertainty,conversion_uncertainty,combined_standard_uncertainty,coverage_factor,engineering_absolute_tolerance,engineering_relative_tolerance,group_rmse,group_maximum_absolute_error,source_locator,pool_applicability,status,trace_path,build_id,replay_command,package_hashes,missing_evidence,resolution_condition
domenech_2023_ball_collision,1.0.0,billiard_alpha1,billiard_alpha1_low,,,,billiard_alpha1_001,domenech_2023_ball_collision__billiard_alpha1_001,billiard_alpha1_001,CALIBRATION,cue_scattering_angle_degrees,degree,12.6888817943167,,73.81045,-61.1215682056833,73.69053229625176,73.93036770374825,0.0,0.0661835,0.1,0.11991770374823729,1.0,0.0,0.0,46.64409280632758,61.1215682056833,Fig. 6 experimental markers,CONVERTED,MODEL_MISMATCH_KNOWN,/private/tmp/billiardgl-ball-domenech-calibration/traces/domenech_2023_ball_collision__billiard_alpha1_001.json,sha256:e1254b65072dbce3664a9cee037d3aa9f41f6b4d94be33fcb5fbe18ad98c9c5d,python3 -m tools.physics_validation.reference_run --executable /private/tmp/billiardgl-phase3/Billiards --package /Users/bytedance/Projects/github/BilliardGL/.worktrees/physics-validation-foundation/tests/physics_validation/reference_data/domenech_2023_ball_collision --output /private/tmp/billiardgl-ball-domenech-calibration --case billiard_alpha1_001,"{""digitization"": ""sha256:90c5bc0267c8b41d130510492a6f897d0418bc92b2762414f53b13e9c2afa458"", ""expected_model_mismatches"": ""sha256:c76e426de65f7105dfa9f166c1e53fb72bca0139e3d4bb37d2f7d9d6513a285d"", ""expected_reference_limitations"": ""sha256:f94ccb717e1244c117b9878633aedb911f011b80a516735235a0b359db353867"", ""extraction"": ""sha256:30a0a477a51b02d917273ae086742f4c3f97e12204543220c2711e8eb2b68ab8"", ""normalized"": ""sha256:d04396a53ab1010429fc67405e63bd92759fec7abc0ad1a86e9b395736f1a5ec"", ""raw_extracted"": ""sha256:fd26a8d030d12feee2f0829d1b005af7af523966d568c09d977b106b79a9d74d"", ""scenario_template"": ""sha256:d26935b5efaff34030564d113380adfca7b1b9f8aa56f65580ca70b33503a6a7"", ""split"": ""sha256:4ba90e5d4f009790a3f649bfacda6a6193d3785c25a5c9febde5ae4120912505""}",,
domenech_2023_ball_collision,1.0.0,billiard_alpha1,billiard_alpha1_low,,,,billiard_alpha1_002,domenech_2023_ball_collision__billiard_alpha1_002,billiard_alpha1_002,CALIBRATION,cue_scattering_angle_degrees,degree,14.85740040305544,,72.387032,-57.52963159694457,72.26660827635719,72.50745572364282,0.0,0.067096,0.1,0.12042372364281052,1.0,0.0,0.0,46.64409280632758,61.1215682056833,Fig. 6 experimental markers,CONVERTED,MODEL_MISMATCH_KNOWN,/private/tmp/billiardgl-ball-domenech-calibration/traces/domenech_2023_ball_collision__billiard_alpha1_002.json,sha256:e1254b65072dbce3664a9cee037d3aa9f41f6b4d94be33fcb5fbe18ad98c9c5d,python3 -m tools.physics_validation.reference_run --executable /private/tmp/billiardgl-phase3/Billiards --package /Users/bytedance/Projects/github/BilliardGL/.worktrees/physics-validation-foundation/tests/physics_validation/reference_data/domenech_2023_ball_collision --output /private/tmp/billiardgl-ball-domenech-calibration --case billiard_alpha1_002,"{""digitization"": ""sha256:90c5bc0267c8b41d130510492a6f897d0418bc92b2762414f53b13e9c2afa458"", ""expected_model_mismatches"": ""sha256:c76e426de65f7105dfa9f166c1e53fb72bca0139e3d4bb37d2f7d9d6513a285d"", ""expected_reference_limitations"": ""sha256:f94ccb717e1244c117b9878633aedb911f011b80a516735235a0b359db353867"", ""extraction"": ""sha256:30a0a477a51b02d917273ae086742f4c3f97e12204543220c2711e8eb2b68ab8"", ""normalized"": ""sha256:d04396a53ab1010429fc67405e63bd92759fec7abc0ad1a86e9b395736f1a5ec"", ""raw_extracted"": ""sha256:fd26a8d030d12feee2f0829d1b005af7af523966d568c09d977b106b79a9d74d"", ""scenario_template"": ""sha256:d26935b5efaff34030564d113380adfca7b1b9f8aa56f65580ca70b33503a6a7"", ""split"": ""sha256:4ba90e5d4f009790a3f649bfacda6a6193d3785c25a5c9febde5ae4120912505""}",,
domenech_2023_ball_collision,1.0.0,billiard_alpha1,billiard_alpha1_low,,,,billiard_alpha1_003,domenech_2023_ball_collision__billiard_alpha1_003,billiard_alpha1_003,CALIBRATION,cue_scattering_angle_degrees,degree,16.30855685993032,,75.164693,-58.85613614006968,75.03744815515256,75.29193784484744,0.0,0.0786845,0.1,0.12724484484744364,1.0,0.0,0.0,46.64409280632758,61.1215682056833,Fig. 6 experimental markers,CONVERTED,MODEL_MISMATCH_KNOWN,/private/tmp/billiardgl-ball-domenech-calibration/traces/domenech_2023_ball_collision__billiard_alpha1_003.json,sha256:e1254b65072dbce3664a9cee037d3aa9f41f6b4d94be33fcb5fbe18ad98c9c5d,python3 -m tools.physics_validation.reference_run --executable /private/tmp/billiardgl-phase3/Billiards --package /Users/bytedance/Projects/github/BilliardGL/.worktrees/physics-validation-foundation/tests/physics_validation/reference_data/domenech_2023_ball_collision --output /private/tmp/billiardgl-ball-domenech-calibration --case billiard_alpha1_003,"{""digitization"": ""sha256:90c5bc0267c8b41d130510492a6f897d0418bc92b2762414f53b13e9c2afa458"", ""expected_model_mismatches"": ""sha256:c76e426de65f7105dfa9f166c1e53fb72bca0139e3d4bb37d2f7d9d6513a285d"", ""expected_reference_limitations"": ""sha256:f94ccb717e1244c117b9878633aedb911f011b80a516735235a0b359db353867"", ""extraction"": ""sha256:30a0a477a51b02d917273ae086742f4c3f97e12204543220c2711e8eb2b68ab8"", ""normalized"": ""sha256:d04396a53ab1010429fc67405e63bd92759fec7abc0ad1a86e9b395736f1a5ec"", ""raw_extracted"": ""sha256:fd26a8d030d12feee2f0829d1b005af7af523966d568c09d977b106b79a9d74d"", ""scenario_template"": ""sha256:d26935b5efaff34030564d113380adfca7b1b9f8aa56f65580ca70b33503a6a7"", ""split"": ""sha256:4ba90e5d4f009790a3f649bfacda6a6193d3785c25a5c9febde5ae4120912505""}",,
domenech_2023_ball_collision,1.0.0,billiard_alpha1,billiard_alpha1_low,,,,billiard_alpha1_004,domenech_2023_ball_collision__billiard_alpha1_004,billiard_alpha1_004,CALIBRATION,cue_scattering_angle_degrees,degree,17.331676552803987,,72.460006,-55.12832944719602,72.3500466894165,72.56996531058351,0.0,0.045728,0.1,0.1099593105835063,1.0,0.0,0.0,46.64409280632758,61.1215682056833,Fig. 6 experimental markers,CONVERTED,MODEL_MISMATCH_KNOWN,/private/tmp/billiardgl-ball-domenech-calibration/traces/domenech_2023_ball_collision__billiard_alpha1_004.json,sha256:e1254b65072dbce3664a9cee037d3aa9f41f6b4d94be33fcb5fbe18ad98c9c5d,python3 -m tools.physics_validation.reference_run --executable /private/tmp/billiardgl-phase3/Billiards --package /Users/bytedance/Projects/github/BilliardGL/.worktrees/physics-validation-foundation/tests/physics_validation/reference_data/domenech_2023_ball_collision --output /private/tmp/billiardgl-ball-domenech-calibration --case billiard_alpha1_004,"{""digitization"": ""sha256:90c5bc0267c8b41d130510492a6f897d0418bc92b2762414f53b13e9c2afa458"", ""expected_model_mismatches"": ""sha256:c76e426de65f7105dfa9f166c1e53fb72bca0139e3d4bb37d2f7d9d6513a285d"", ""expected_reference_limitations"": ""sha256:f94ccb717e1244c117b9878633aedb911f011b80a516735235a0b359db353867"", ""extraction"": ""sha256:30a0a477a51b02d917273ae086742f4c3f97e12204543220c2711e8eb2b68ab8"", ""normalized"": ""sha256:d04396a53ab1010429fc67405e63bd92759fec7abc0ad1a86e9b395736f1a5ec"", ""raw_extracted"": ""sha256:fd26a8d030d12feee2f0829d1b005af7af523966d568c09d977b106b79a9d74d"", ""scenario_template"": ""sha256:d26935b5efaff34030564d113380adfca7b1b9f8aa56f65580ca70b33503a6a7"", ""split"": ""sha256:4ba90e5d4f009790a3f649bfacda6a6193d3785c25a5c9febde5ae4120912505""}",,
domenech_2023_ball_collision,1.0.0,billiard_alpha1,billiard_alpha1_low,,,,billiard_alpha1_005,domenech_2023_ball_collision__billiard_alpha1_005,billiard_alpha1_005,CALIBRATION,cue_scattering_angle_degrees,degree,19.37036953655449,,73.763332,-54.392962463445514,73.66153056866307,73.86513343133694,0.0,0.0190665,0.1,0.10180143133694143,1.0,0.0,0.0,46.64409280632758,61.1215682056833,Fig. 6 experimental markers,CONVERTED,MODEL_MISMATCH_KNOWN,/private/tmp/billiardgl-ball-domenech-calibration/traces/domenech_2023_ball_collision__billiard_alpha1_005.json,sha256:e1254b65072dbce3664a9cee037d3aa9f41f6b4d94be33fcb5fbe18ad98c9c5d,python3 -m tools.physics_validation.reference_run --executable /private/tmp/billiardgl-phase3/Billiards --package /Users/bytedance/Projects/github/BilliardGL/.worktrees/physics-validation-foundation/tests/physics_validation/reference_data/domenech_2023_ball_collision --output /private/tmp/billiardgl-ball-domenech-calibration --case billiard_alpha1_005,"{""digitization"": ""sha256:90c5bc0267c8b41d130510492a6f897d0418bc92b2762414f53b13e9c2afa458"", ""expected_model_mismatches"": ""sha256:c76e426de65f7105dfa9f166c1e53fb72bca0139e3d4bb37d2f7d9d6513a285d"", ""expected_reference_limitations"": ""sha256:f94ccb717e1244c117b9878633aedb911f011b80a516735235a0b359db353867"", ""extraction"": ""sha256:30a0a477a51b02d917273ae086742f4c3f97e12204543220c2711e8eb2b68ab8"", ""normalized"": ""sha256:d04396a53ab1010429fc67405e63bd92759fec7abc0ad1a86e9b395736f1a5ec"", ""raw_extracted"": ""sha256:fd26a8d030d12feee2f0829d1b005af7af523966d568c09d977b106b79a9d74d"", ""scenario_template"": ""sha256:d26935b5efaff34030564d113380adfca7b1b9f8aa56f65580ca70b33503a6a7"", ""split"": ""sha256:4ba90e5d4f009790a3f649bfacda6a6193d3785c25a5c9febde5ae4120912505""}",,
domenech_2023_ball_collision,1.0.0,billiard_alpha1,billiard_alpha1_low,,,,billiard_alpha1_006,domenech_2023_ball_collision__billiard_alpha1_006,billiard_alpha1_006,CALIBRATION,cue_scattering_angle_degrees,degree,20.984539409028763,,71.366279,-50.38173959097124,71.25558327599835,71.47697472400166,0.0,0.0474715,0.1,0.1106957240016524,1.0,0.0,0.0,46.64409280632758,61.1215682056833,Fig. 6 experimental markers,CONVERTED,MODEL_MISMATCH_KNOWN,/private/tmp/billiardgl-ball-domenech-calibration/traces/domenech_2023_ball_collision__billiard_alpha1_006.json,sha256:e1254b65072dbce3664a9cee037d3aa9f41f6b4d94be33fcb5fbe18ad98c9c5d,python3 -m tools.physics_validation.reference_run --executable /private/tmp/billiardgl-phase3/Billiards --package /Users/bytedance/Projects/github/BilliardGL/.worktrees/physics-validation-foundation/tests/physics_validation/reference_data/domenech_2023_ball_collision --output /private/tmp/billiardgl-ball-domenech-calibration --case billiard_alpha1_006,"{""digitization"": ""sha256:90c5bc0267c8b41d130510492a6f897d0418bc92b2762414f53b13e9c2afa458"", ""expected_model_mismatches"": ""sha256:c76e426de65f7105dfa9f166c1e53fb72bca0139e3d4bb37d2f7d9d6513a285d"", ""expected_reference_limitations"": ""sha256:f94ccb717e1244c117b9878633aedb911f011b80a516735235a0b359db353867"", ""extraction"": ""sha256:30a0a477a51b02d917273ae086742f4c3f97e12204543220c2711e8eb2b68ab8"", ""normalized"": ""sha256:d04396a53ab1010429fc67405e63bd92759fec7abc0ad1a86e9b395736f1a5ec"", ""raw_extracted"": ""sha256:fd26a8d030d12feee2f0829d1b005af7af523966d568c09d977b106b79a9d74d"", ""scenario_template"": ""sha256:d26935b5efaff34030564d113380adfca7b1b9f8aa56f65580ca70b33503a6a7"", ""split"": ""sha256:4ba90e5d4f009790a3f649bfacda6a6193d3785c25a5c9febde5ae4120912505""}",,
domenech_2023_ball_collision,1.0.0,billiard_alpha1,billiard_alpha1_low,,,,billiard_alpha1_007,domenech_2023_ball_collision__billiard_alpha1_007,billiard_alpha1_007,CALIBRATION,cue_scattering_angle_degrees,degree,22.447081072707817,,67.507102,-45.060020927292186,67.39764604531503,67.61655795468498,0.0,0.044504,0.1,0.1094559546849782,1.0,0.0,0.0,46.64409280632758,61.1215682056833,Fig. 6 experimental markers,CONVERTED,MODEL_MISMATCH_KNOWN,/private/tmp/billiardgl-ball-domenech-calibration/traces/domenech_2023_ball_collision__billiard_alpha1_007.json,sha256:e1254b65072dbce3664a9cee037d3aa9f41f6b4d94be33fcb5fbe18ad98c9c5d,python3 -m tools.physics_validation.reference_run --executable /private/tmp/billiardgl-phase3/Billiards --package /Users/bytedance/Projects/github/BilliardGL/.worktrees/physics-validation-foundation/tests/physics_validation/reference_data/domenech_2023_ball_collision --output /private/tmp/billiardgl-ball-domenech-calibration --case billiard_alpha1_007,"{""digitization"": ""sha256:90c5bc0267c8b41d130510492a6f897d0418bc92b2762414f53b13e9c2afa458"", ""expected_model_mismatches"": ""sha256:c76e426de65f7105dfa9f166c1e53fb72bca0139e3d4bb37d2f7d9d6513a285d"", ""expected_reference_limitations"": ""sha256:f94ccb717e1244c117b9878633aedb911f011b80a516735235a0b359db353867"", ""extraction"": ""sha256:30a0a477a51b02d917273ae086742f4c3f97e12204543220c2711e8eb2b68ab8"", ""normalized"": ""sha256:d04396a53ab1010429fc67405e63bd92759fec7abc0ad1a86e9b395736f1a5ec"", ""raw_extracted"": ""sha256:fd26a8d030d12feee2f0829d1b005af7af523966d568c09d977b106b79a9d74d"", ""scenario_template"": ""sha256:d26935b5efaff34030564d113380adfca7b1b9f8aa56f65580ca70b33503a6a7"", ""split"": ""sha256:4ba90e5d4f009790a3f649bfacda6a6193d3785c25a5c9febde5ae4120912505""}",,
domenech_2023_ball_collision,1.0.0,billiard_alpha1,billiard_alpha1_low,,,,billiard_alpha1_008,domenech_2023_ball_collision__billiard_alpha1_008,billiard_alpha1_008,CALIBRATION,cue_scattering_angle_degrees,degree,22.451337617108717,,70.45535,-48.004012382891275,70.33583993613925,70.57486006386074,0.0,0.065442,0.1,0.11951006386074774,1.0,0.0,0.0,46.64409280632758,61.1215682056833,Fig. 6 experimental markers,CONVERTED,MODEL_MISMATCH_KNOWN,/private/tmp/billiardgl-ball-domenech-calibration/traces/domenech_2023_ball_collision__billiard_alpha1_008.json,sha256:e1254b65072dbce3664a9cee037d3aa9f41f6b4d94be33fcb5fbe18ad98c9c5d,python3 -m tools.physics_validation.reference_run --executable /private/tmp/billiardgl-phase3/Billiards --package /Users/bytedance/Projects/github/BilliardGL/.worktrees/physics-validation-foundation/tests/physics_validation/reference_data/domenech_2023_ball_collision --output /private/tmp/billiardgl-ball-domenech-calibration --case billiard_alpha1_008,"{""digitization"": ""sha256:90c5bc0267c8b41d130510492a6f897d0418bc92b2762414f53b13e9c2afa458"", ""expected_model_mismatches"": ""sha256:c76e426de65f7105dfa9f166c1e53fb72bca0139e3d4bb37d2f7d9d6513a285d"", ""expected_reference_limitations"": ""sha256:f94ccb717e1244c117b9878633aedb911f011b80a516735235a0b359db353867"", ""extraction"": ""sha256:30a0a477a51b02d917273ae086742f4c3f97e12204543220c2711e8eb2b68ab8"", ""normalized"": ""sha256:d04396a53ab1010429fc67405e63bd92759fec7abc0ad1a86e9b395736f1a5ec"", ""raw_extracted"": ""sha256:fd26a8d030d12feee2f0829d1b005af7af523966d568c09d977b106b79a9d74d"", ""scenario_template"": ""sha256:d26935b5efaff34030564d113380adfca7b1b9f8aa56f65580ca70b33503a6a7"", ""split"": ""sha256:4ba90e5d4f009790a3f649bfacda6a6193d3785c25a5c9febde5ae4120912505""}",,
domenech_2023_ball_collision,1.0.0,billiard_alpha1,billiard_alpha1_low,,,,billiard_alpha1_009,domenech_2023_ball_collision__billiard_alpha1_009,billiard_alpha1_009,CALIBRATION,cue_scattering_angle_degrees,degree,23.75844298731362,,68.799862,-45.04141901268638,68.69939033147598,68.90033366852403,0.0,0.009724,0.1,0.10047166852401727,1.0,0.0,0.0,46.64409280632758,61.1215682056833,Fig. 6 experimental markers,CONVERTED,MODEL_MISMATCH_KNOWN,/private/tmp/billiardgl-ball-domenech-calibration/traces/domenech_2023_ball_collision__billiard_alpha1_009.json,sha256:e1254b65072dbce3664a9cee037d3aa9f41f6b4d94be33fcb5fbe18ad98c9c5d,python3 -m tools.physics_validation.reference_run --executable /private/tmp/billiardgl-phase3/Billiards --package /Users/bytedance/Projects/github/BilliardGL/.worktrees/physics-validation-foundation/tests/physics_validation/reference_data/domenech_2023_ball_collision --output /private/tmp/billiardgl-ball-domenech-calibration --case billiard_alpha1_009,"{""digitization"": ""sha256:90c5bc0267c8b41d130510492a6f897d0418bc92b2762414f53b13e9c2afa458"", ""expected_model_mismatches"": ""sha256:c76e426de65f7105dfa9f166c1e53fb72bca0139e3d4bb37d2f7d9d6513a285d"", ""expected_reference_limitations"": ""sha256:f94ccb717e1244c117b9878633aedb911f011b80a516735235a0b359db353867"", ""extraction"": ""sha256:30a0a477a51b02d917273ae086742f4c3f97e12204543220c2711e8eb2b68ab8"", ""normalized"": ""sha256:d04396a53ab1010429fc67405e63bd92759fec7abc0ad1a86e9b395736f1a5ec"", ""raw_extracted"": ""sha256:fd26a8d030d12feee2f0829d1b005af7af523966d568c09d977b106b79a9d74d"", ""scenario_template"": ""sha256:d26935b5efaff34030564d113380adfca7b1b9f8aa56f65580ca70b33503a6a7"", ""split"": ""sha256:4ba90e5d4f009790a3f649bfacda6a6193d3785c25a5c9febde5ae4120912505""}",,
domenech_2023_ball_collision,1.0.0,billiard_alpha1,billiard_alpha1_low,,,,billiard_alpha1_010,domenech_2023_ball_collision__billiard_alpha1_010,billiard_alpha1_010,CALIBRATION,cue_scattering_angle_degrees,degree,24.76953343658389,,63.842467,-39.07293356341611,63.742258688149136,63.94267531185086,0.0,0.006458,0.1,0.10020831185086396,1.0,0.0,0.0,46.64409280632758,61.1215682056833,Fig. 6 experimental markers,CONVERTED,MODEL_MISMATCH_KNOWN,/private/tmp/billiardgl-ball-domenech-calibration/traces/domenech_2023_ball_collision__billiard_alpha1_010.json,sha256:e1254b65072dbce3664a9cee037d3aa9f41f6b4d94be33fcb5fbe18ad98c9c5d,python3 -m tools.physics_validation.reference_run --executable /private/tmp/billiardgl-phase3/Billiards --package /Users/bytedance/Projects/github/BilliardGL/.worktrees/physics-validation-foundation/tests/physics_validation/reference_data/domenech_2023_ball_collision --output /private/tmp/billiardgl-ball-domenech-calibration --case billiard_alpha1_010,"{""digitization"": ""sha256:90c5bc0267c8b41d130510492a6f897d0418bc92b2762414f53b13e9c2afa458"", ""expected_model_mismatches"": ""sha256:c76e426de65f7105dfa9f166c1e53fb72bca0139e3d4bb37d2f7d9d6513a285d"", ""expected_reference_limitations"": ""sha256:f94ccb717e1244c117b9878633aedb911f011b80a516735235a0b359db353867"", ""extraction"": ""sha256:30a0a477a51b02d917273ae086742f4c3f97e12204543220c2711e8eb2b68ab8"", ""normalized"": ""sha256:d04396a53ab1010429fc67405e63bd92759fec7abc0ad1a86e9b395736f1a5ec"", ""raw_extracted"": ""sha256:fd26a8d030d12feee2f0829d1b005af7af523966d568c09d977b106b79a9d74d"", ""scenario_template"": ""sha256:d26935b5efaff34030564d113380adfca7b1b9f8aa56f65580ca70b33503a6a7"", ""split"": ""sha256:4ba90e5d4f009790a3f649bfacda6a6193d3785c25a5c9febde5ae4120912505""}",,
domenech_2023_ball_collision,1.0.0,billiard_alpha1,billiard_alpha1_low,,,,billiard_alpha1_011,domenech_2023_ball_collision__billiard_alpha1_011,billiard_alpha1_011,CALIBRATION,cue_scattering_angle_degrees,degree,25.58180299371089,,66.326035,-40.74423200628911,66.22519849628111,66.4268715037189,0.0,0.0129615,0.1,0.10083650371889141,1.0,0.0,0.0,46.64409280632758,61.1215682056833,Fig. 6 experimental markers,CONVERTED,MODEL_MISMATCH_KNOWN,/private/tmp/billiardgl-ball-domenech-calibration/traces/domenech_2023_ball_collision__billiard_alpha1_011.json,sha256:e1254b65072dbce3664a9cee037d3aa9f41f6b4d94be33fcb5fbe18ad98c9c5d,python3 -m tools.physics_validation.reference_run --executable /private/tmp/billiardgl-phase3/Billiards --package /Users/bytedance/Projects/github/BilliardGL/.worktrees/physics-validation-foundation/tests/physics_validation/reference_data/domenech_2023_ball_collision --output /private/tmp/billiardgl-ball-domenech-calibration --case billiard_alpha1_011,"{""digitization"": ""sha256:90c5bc0267c8b41d130510492a6f897d0418bc92b2762414f53b13e9c2afa458"", ""expected_model_mismatches"": ""sha256:c76e426de65f7105dfa9f166c1e53fb72bca0139e3d4bb37d2f7d9d6513a285d"", ""expected_reference_limitations"": ""sha256:f94ccb717e1244c117b9878633aedb911f011b80a516735235a0b359db353867"", ""extraction"": ""sha256:30a0a477a51b02d917273ae086742f4c3f97e12204543220c2711e8eb2b68ab8"", ""normalized"": ""sha256:d04396a53ab1010429fc67405e63bd92759fec7abc0ad1a86e9b395736f1a5ec"", ""raw_extracted"": ""sha256:fd26a8d030d12feee2f0829d1b005af7af523966d568c09d977b106b79a9d74d"", ""scenario_template"": ""sha256:d26935b5efaff34030564d113380adfca7b1b9f8aa56f65580ca70b33503a6a7"", ""split"": ""sha256:4ba90e5d4f009790a3f649bfacda6a6193d3785c25a5c9febde5ae4120912505""}",,
domenech_2023_ball_collision,1.0.0,billiard_alpha1,billiard_alpha1_low,,,,billiard_alpha1_012,domenech_2023_ball_collision__billiard_alpha1_012,billiard_alpha1_012,CALIBRATION,cue_scattering_angle_degrees,degree,25.836883516916192,,62.888957,-37.0520734830838,62.67577816343079,63.102135836569204,0.0,0.188269,0.1,0.21317883656920542,1.0,0.0,0.0,46.64409280632758,61.1215682056833,Fig. 6 experimental markers,CONVERTED,MODEL_MISMATCH_KNOWN,/private/tmp/billiardgl-ball-domenech-calibration/traces/domenech_2023_ball_collision__billiard_alpha1_012.json,sha256:e1254b65072dbce3664a9cee037d3aa9f41f6b4d94be33fcb5fbe18ad98c9c5d,python3 -m tools.physics_validation.reference_run --executable /private/tmp/billiardgl-phase3/Billiards --package /Users/bytedance/Projects/github/BilliardGL/.worktrees/physics-validation-foundation/tests/physics_validation/reference_data/domenech_2023_ball_collision --output /private/tmp/billiardgl-ball-domenech-calibration --case billiard_alpha1_012,"{""digitization"": ""sha256:90c5bc0267c8b41d130510492a6f897d0418bc92b2762414f53b13e9c2afa458"", ""expected_model_mismatches"": ""sha256:c76e426de65f7105dfa9f166c1e53fb72bca0139e3d4bb37d2f7d9d6513a285d"", ""expected_reference_limitations"": ""sha256:f94ccb717e1244c117b9878633aedb911f011b80a516735235a0b359db353867"", ""extraction"": ""sha256:30a0a477a51b02d917273ae086742f4c3f97e12204543220c2711e8eb2b68ab8"", ""normalized"": ""sha256:d04396a53ab1010429fc67405e63bd92759fec7abc0ad1a86e9b395736f1a5ec"", ""raw_extracted"": ""sha256:fd26a8d030d12feee2f0829d1b005af7af523966d568c09d977b106b79a9d74d"", ""scenario_template"": ""sha256:d26935b5efaff34030564d113380adfca7b1b9f8aa56f65580ca70b33503a6a7"", ""split"": ""sha256:4ba90e5d4f009790a3f649bfacda6a6193d3785c25a5c9febde5ae4120912505""}",,
domenech_2023_ball_collision,1.0.0,billiard_alpha1,billiard_alpha1_low,,,,billiard_alpha1_013,domenech_2023_ball_collision__billiard_alpha1_013,billiard_alpha1_013,CALIBRATION,cue_scattering_angle_degrees,degree,26.173281067445856,,61.301467,-35.128185932554146,61.186125244837356,61.41680875516265,0.0,0.057478,0.1,0.11534175516264698,1.0,0.0,0.0,46.64409280632758,61.1215682056833,Fig. 6 experimental markers,CONVERTED,MODEL_MISMATCH_KNOWN,/private/tmp/billiardgl-ball-domenech-calibration/traces/domenech_2023_ball_collision__billiard_alpha1_013.json,sha256:e1254b65072dbce3664a9cee037d3aa9f41f6b4d94be33fcb5fbe18ad98c9c5d,python3 -m tools.physics_validation.reference_run --executable /private/tmp/billiardgl-phase3/Billiards --package /Users/bytedance/Projects/github/BilliardGL/.worktrees/physics-validation-foundation/tests/physics_validation/reference_data/domenech_2023_ball_collision --output /private/tmp/billiardgl-ball-domenech-calibration --case billiard_alpha1_013,"{""digitization"": ""sha256:90c5bc0267c8b41d130510492a6f897d0418bc92b2762414f53b13e9c2afa458"", ""expected_model_mismatches"": ""sha256:c76e426de65f7105dfa9f166c1e53fb72bca0139e3d4bb37d2f7d9d6513a285d"", ""expected_reference_limitations"": ""sha256:f94ccb717e1244c117b9878633aedb911f011b80a516735235a0b359db353867"", ""extraction"": ""sha256:30a0a477a51b02d917273ae086742f4c3f97e12204543220c2711e8eb2b68ab8"", ""normalized"": ""sha256:d04396a53ab1010429fc67405e63bd92759fec7abc0ad1a86e9b395736f1a5ec"", ""raw_extracted"": ""sha256:fd26a8d030d12feee2f0829d1b005af7af523966d568c09d977b106b79a9d74d"", ""scenario_template"": ""sha256:d26935b5efaff34030564d113380adfca7b1b9f8aa56f65580ca70b33503a6a7"", ""split"": ""sha256:4ba90e5d4f009790a3f649bfacda6a6193d3785c25a5c9febde5ae4120912505""}",,
domenech_2023_ball_collision,1.0.0,billiard_alpha1,billiard_alpha1_low,,,,billiard_alpha1_014,domenech_2023_ball_collision__billiard_alpha1_014,billiard_alpha1_014,CALIBRATION,cue_scattering_angle_degrees,degree,26.610718684610614,,62.890535,-36.27981631538938,62.67596127511972,63.10510872488028,0.0,0.189847,0.1,0.21457372488028445,1.0,0.0,0.0,46.64409280632758,61.1215682056833,Fig. 6 experimental markers,CONVERTED,MODEL_MISMATCH_KNOWN,/private/tmp/billiardgl-ball-domenech-calibration/traces/domenech_2023_ball_collision__billiard_alpha1_014.json,sha256:e1254b65072dbce3664a9cee037d3aa9f41f6b4d94be33fcb5fbe18ad98c9c5d,python3 -m tools.physics_validation.reference_run --executable /private/tmp/billiardgl-phase3/Billiards --package /Users/bytedance/Projects/github/BilliardGL/.worktrees/physics-validation-foundation/tests/physics_validation/reference_data/domenech_2023_ball_collision --output /private/tmp/billiardgl-ball-domenech-calibration --case billiard_alpha1_014,"{""digitization"": ""sha256:90c5bc0267c8b41d130510492a6f897d0418bc92b2762414f53b13e9c2afa458"", ""expected_model_mismatches"": ""sha256:c76e426de65f7105dfa9f166c1e53fb72bca0139e3d4bb37d2f7d9d6513a285d"", ""expected_reference_limitations"": ""sha256:f94ccb717e1244c117b9878633aedb911f011b80a516735235a0b359db353867"", ""extraction"": ""sha256:30a0a477a51b02d917273ae086742f4c3f97e12204543220c2711e8eb2b68ab8"", ""normalized"": ""sha256:d04396a53ab1010429fc67405e63bd92759fec7abc0ad1a86e9b395736f1a5ec"", ""raw_extracted"": ""sha256:fd26a8d030d12feee2f0829d1b005af7af523966d568c09d977b106b79a9d74d"", ""scenario_template"": ""sha256:d26935b5efaff34030564d113380adfca7b1b9f8aa56f65580ca70b33503a6a7"", ""split"": ""sha256:4ba90e5d4f009790a3f649bfacda6a6193d3785c25a5c9febde5ae4120912505""}",,
domenech_2023_ball_collision,1.0.0,billiard_alpha1,billiard_alpha1_low,,,,billiard_alpha1_015,domenech_2023_ball_collision__billiard_alpha1_015,billiard_alpha1_015,CALIBRATION,cue_scattering_angle_degrees,degree,26.828985526121958,,61.358945,-34.52995947387804,61.258945,61.458945,0.0,0.0,0.1,0.1,1.0,0.0,0.0,46.64409280632758,61.1215682056833,Fig. 6 experimental markers,CONVERTED,MODEL_MISMATCH_KNOWN,/private/tmp/billiardgl-ball-domenech-calibration/traces/domenech_2023_ball_collision__billiard_alpha1_015.json,sha256:e1254b65072dbce3664a9cee037d3aa9f41f6b4d94be33fcb5fbe18ad98c9c5d,python3 -m tools.physics_validation.reference_run --executable /private/tmp/billiardgl-phase3/Billiards --package /Users/bytedance/Projects/github/BilliardGL/.worktrees/physics-validation-foundation/tests/physics_validation/reference_data/domenech_2023_ball_collision --output /private/tmp/billiardgl-ball-domenech-calibration --case billiard_alpha1_015,"{""digitization"": ""sha256:90c5bc0267c8b41d130510492a6f897d0418bc92b2762414f53b13e9c2afa458"", ""expected_model_mismatches"": ""sha256:c76e426de65f7105dfa9f166c1e53fb72bca0139e3d4bb37d2f7d9d6513a285d"", ""expected_reference_limitations"": ""sha256:f94ccb717e1244c117b9878633aedb911f011b80a516735235a0b359db353867"", ""extraction"": ""sha256:30a0a477a51b02d917273ae086742f4c3f97e12204543220c2711e8eb2b68ab8"", ""normalized"": ""sha256:d04396a53ab1010429fc67405e63bd92759fec7abc0ad1a86e9b395736f1a5ec"", ""raw_extracted"": ""sha256:fd26a8d030d12feee2f0829d1b005af7af523966d568c09d977b106b79a9d74d"", ""scenario_template"": ""sha256:d26935b5efaff34030564d113380adfca7b1b9f8aa56f65580ca70b33503a6a7"", ""split"": ""sha256:4ba90e5d4f009790a3f649bfacda6a6193d3785c25a5c9febde5ae4120912505""}",,
domenech_2023_ball_collision,1.0.0,billiard_alpha1,billiard_alpha1_low,,,,billiard_alpha1_016,domenech_2023_ball_collision__billiard_alpha1_016,billiard_alpha1_016,CALIBRATION,cue_scattering_angle_degrees,degree,27.11023009020993,,60.268196,-33.15796590979007,60.129451228904834,60.40694077109517,0.0,0.0961775,0.1,0.13874477109516598,1.0,0.0,0.0,46.64409280632758,61.1215682056833,Fig. 6 experimental markers,CONVERTED,MODEL_MISMATCH_KNOWN,/private/tmp/billiardgl-ball-domenech-calibration/traces/domenech_2023_ball_collision__billiard_alpha1_016.json,sha256:e1254b65072dbce3664a9cee037d3aa9f41f6b4d94be33fcb5fbe18ad98c9c5d,python3 -m tools.physics_validation.reference_run --executable /private/tmp/billiardgl-phase3/Billiards --package /Users/bytedance/Projects/github/BilliardGL/.worktrees/physics-validation-foundation/tests/physics_validation/reference_data/domenech_2023_ball_collision --output /private/tmp/billiardgl-ball-domenech-calibration --case billiard_alpha1_016,"{""digitization"": ""sha256:90c5bc0267c8b41d130510492a6f897d0418bc92b2762414f53b13e9c2afa458"", ""expected_model_mismatches"": ""sha256:c76e426de65f7105dfa9f166c1e53fb72bca0139e3d4bb37d2f7d9d6513a285d"", ""expected_reference_limitations"": ""sha256:f94ccb717e1244c117b9878633aedb911f011b80a516735235a0b359db353867"", ""extraction"": ""sha256:30a0a477a51b02d917273ae086742f4c3f97e12204543220c2711e8eb2b68ab8"", ""normalized"": ""sha256:d04396a53ab1010429fc67405e63bd92759fec7abc0ad1a86e9b395736f1a5ec"", ""raw_extracted"": ""sha256:fd26a8d030d12feee2f0829d1b005af7af523966d568c09d977b106b79a9d74d"", ""scenario_template"": ""sha256:d26935b5efaff34030564d113380adfca7b1b9f8aa56f65580ca70b33503a6a7"", ""split"": ""sha256:4ba90e5d4f009790a3f649bfacda6a6193d3785c25a5c9febde5ae4120912505""}",,
domenech_2023_ball_collision,1.0.0,billiard_delta2,billiard_delta2_low,,,,billiard_delta2_001,domenech_2023_ball_collision__billiard_delta2_001,billiard_delta2_001,CALIBRATION,separation_angle_degrees,degree,18.31779548719612,,0.990626,17.32716948719612,0.8905519726390009,1.0907000273609992,0.0,0.0038485,0.1,0.10007402736099913,1.0,0.0,0.0,37.1659664593096,47.26990748951614,Fig. 5 experimental markers,CONVERTED,MODEL_MISMATCH_KNOWN,/private/tmp/billiardgl-ball-domenech-calibration/traces/domenech_2023_ball_collision__billiard_delta2_001.json,sha256:e1254b65072dbce3664a9cee037d3aa9f41f6b4d94be33fcb5fbe18ad98c9c5d,python3 -m tools.physics_validation.reference_run --executable /private/tmp/billiardgl-phase3/Billiards --package /Users/bytedance/Projects/github/BilliardGL/.worktrees/physics-validation-foundation/tests/physics_validation/reference_data/domenech_2023_ball_collision --output /private/tmp/billiardgl-ball-domenech-calibration --case billiard_delta2_001,"{""digitization"": ""sha256:90c5bc0267c8b41d130510492a6f897d0418bc92b2762414f53b13e9c2afa458"", ""expected_model_mismatches"": ""sha256:c76e426de65f7105dfa9f166c1e53fb72bca0139e3d4bb37d2f7d9d6513a285d"", ""expected_reference_limitations"": ""sha256:f94ccb717e1244c117b9878633aedb911f011b80a516735235a0b359db353867"", ""extraction"": ""sha256:30a0a477a51b02d917273ae086742f4c3f97e12204543220c2711e8eb2b68ab8"", ""normalized"": ""sha256:d04396a53ab1010429fc67405e63bd92759fec7abc0ad1a86e9b395736f1a5ec"", ""raw_extracted"": ""sha256:fd26a8d030d12feee2f0829d1b005af7af523966d568c09d977b106b79a9d74d"", ""scenario_template"": ""sha256:d26935b5efaff34030564d113380adfca7b1b9f8aa56f65580ca70b33503a6a7"", ""split"": ""sha256:4ba90e5d4f009790a3f649bfacda6a6193d3785c25a5c9febde5ae4120912505""}",,
domenech_2023_ball_collision,1.0.0,billiard_delta2,billiard_delta2_low,,,,billiard_delta2_002,domenech_2023_ball_collision__billiard_delta2_002,billiard_delta2_002,CALIBRATION,separation_angle_degrees,degree,22.645541726461364,,0.945214,21.700327726461364,0.8428999747199828,1.0475280252800172,0.0,0.021637,0.1,0.10231402528001722,1.0,0.0,0.0,37.1659664593096,47.26990748951614,Fig. 5 experimental markers,CONVERTED,MODEL_MISMATCH_KNOWN,/private/tmp/billiardgl-ball-domenech-calibration/traces/domenech_2023_ball_collision__billiard_delta2_002.json,sha256:e1254b65072dbce3664a9cee037d3aa9f41f6b4d94be33fcb5fbe18ad98c9c5d,python3 -m tools.physics_validation.reference_run --executable /private/tmp/billiardgl-phase3/Billiards --package /Users/bytedance/Projects/github/BilliardGL/.worktrees/physics-validation-foundation/tests/physics_validation/reference_data/domenech_2023_ball_collision --output /private/tmp/billiardgl-ball-domenech-calibration --case billiard_delta2_002,"{""digitization"": ""sha256:90c5bc0267c8b41d130510492a6f897d0418bc92b2762414f53b13e9c2afa458"", ""expected_model_mismatches"": ""sha256:c76e426de65f7105dfa9f166c1e53fb72bca0139e3d4bb37d2f7d9d6513a285d"", ""expected_reference_limitations"": ""sha256:f94ccb717e1244c117b9878633aedb911f011b80a516735235a0b359db353867"", ""extraction"": ""sha256:30a0a477a51b02d917273ae086742f4c3f97e12204543220c2711e8eb2b68ab8"", ""normalized"": ""sha256:d04396a53ab1010429fc67405e63bd92759fec7abc0ad1a86e9b395736f1a5ec"", ""raw_extracted"": ""sha256:fd26a8d030d12feee2f0829d1b005af7af523966d568c09d977b106b79a9d74d"", ""scenario_template"": ""sha256:d26935b5efaff34030564d113380adfca7b1b9f8aa56f65580ca70b33503a6a7"", ""split"": ""sha256:4ba90e5d4f009790a3f649bfacda6a6193d3785c25a5c9febde5ae4120912505""}",,
domenech_2023_ball_collision,1.0.0,billiard_delta2,billiard_delta2_low,,,,billiard_delta2_003,domenech_2023_ball_collision__billiard_delta2_003,billiard_delta2_003,CALIBRATION,separation_angle_degrees,degree,24.371041166651025,,1.697166,22.673875166651026,1.5964385907597638,1.797893409240236,0.0,0.0120835,0.1,0.1007274092402361,1.0,0.0,0.0,37.1659664593096,47.26990748951614,Fig. 5 experimental markers,CONVERTED,MODEL_MISMATCH_KNOWN,/private/tmp/billiardgl-ball-domenech-calibration/traces/domenech_2023_ball_collision__billiard_delta2_003.json,sha256:e1254b65072dbce3664a9cee037d3aa9f41f6b4d94be33fcb5fbe18ad98c9c5d,python3 -m tools.physics_validation.reference_run --executable /private/tmp/billiardgl-phase3/Billiards --package /Users/bytedance/Projects/github/BilliardGL/.worktrees/physics-validation-foundation/tests/physics_validation/reference_data/domenech_2023_ball_collision --output /private/tmp/billiardgl-ball-domenech-calibration --case billiard_delta2_003,"{""digitization"": ""sha256:90c5bc0267c8b41d130510492a6f897d0418bc92b2762414f53b13e9c2afa458"", ""expected_model_mismatches"": ""sha256:c76e426de65f7105dfa9f166c1e53fb72bca0139e3d4bb37d2f7d9d6513a285d"", ""expected_reference_limitations"": ""sha256:f94ccb717e1244c117b9878633aedb911f011b80a516735235a0b359db353867"", ""extraction"": ""sha256:30a0a477a51b02d917273ae086742f4c3f97e12204543220c2711e8eb2b68ab8"", ""normalized"": ""sha256:d04396a53ab1010429fc67405e63bd92759fec7abc0ad1a86e9b395736f1a5ec"", ""raw_extracted"": ""sha256:fd26a8d030d12feee2f0829d1b005af7af523966d568c09d977b106b79a9d74d"", ""scenario_template"": ""sha256:d26935b5efaff34030564d113380adfca7b1b9f8aa56f65580ca70b33503a6a7"", ""split"": ""sha256:4ba90e5d4f009790a3f649bfacda6a6193d3785c25a5c9febde5ae4120912505""}",,
domenech_2023_ball_collision,1.0.0,billiard_delta2,billiard_delta2_low,,,,billiard_delta2_004,domenech_2023_ball_collision__billiard_delta2_004,billiard_delta2_004,CALIBRATION,separation_angle_degrees,degree,27.863791588312562,,1.341788,26.52200358831256,1.2405442148030803,1.4430317851969197,0.0,0.015821,0.1,0.10124378519691962,1.0,0.0,0.0,37.1659664593096,47.26990748951614,Fig. 5 experimental markers,CONVERTED,MODEL_MISMATCH_KNOWN,/private/tmp/billiardgl-ball-domenech-calibration/traces/domenech_2023_ball_collision__billiard_delta2_004.json,sha256:e1254b65072dbce3664a9cee037d3aa9f41f6b4d94be33fcb5fbe18ad98c9c5d,python3 -m tools.physics_validation.reference_run --executable /private/tmp/billiardgl-phase3/Billiards --package /Users/bytedance/Projects/github/BilliardGL/.worktrees/physics-validation-foundation/tests/physics_validation/reference_data/domenech_2023_ball_collision --output /private/tmp/billiardgl-ball-domenech-calibration --case billiard_delta2_004,"{""digitization"": ""sha256:90c5bc0267c8b41d130510492a6f897d0418bc92b2762414f53b13e9c2afa458"", ""expected_model_mismatches"": ""sha256:c76e426de65f7105dfa9f166c1e53fb72bca0139e3d4bb37d2f7d9d6513a285d"", ""expected_reference_limitations"": ""sha256:f94ccb717e1244c117b9878633aedb911f011b80a516735235a0b359db353867"", ""extraction"": ""sha256:30a0a477a51b02d917273ae086742f4c3f97e12204543220c2711e8eb2b68ab8"", ""normalized"": ""sha256:d04396a53ab1010429fc67405e63bd92759fec7abc0ad1a86e9b395736f1a5ec"", ""raw_extracted"": ""sha256:fd26a8d030d12feee2f0829d1b005af7af523966d568c09d977b106b79a9d74d"", ""scenario_template"": ""sha256:d26935b5efaff34030564d113380adfca7b1b9f8aa56f65580ca70b33503a6a7"", ""split"": ""sha256:4ba90e5d4f009790a3f649bfacda6a6193d3785c25a5c9febde5ae4120912505""}",,
domenech_2023_ball_collision,1.0.0,billiard_delta2,billiard_delta2_low,,,,billiard_delta2_005,domenech_2023_ball_collision__billiard_delta2_005,billiard_delta2_005,CALIBRATION,separation_angle_degrees,degree,31.248638728739426,,0.991,30.257638728739426,0.8909396400915927,1.0910603599084072,0.0,0.003475,0.1,0.1000603599084073,1.0,0.0,0.0,37.1659664593096,47.26990748951614,Fig. 5 experimental markers,CONVERTED,MODEL_MISMATCH_KNOWN,/private/tmp/billiardgl-ball-domenech-calibration/traces/domenech_2023_ball_collision__billiard_delta2_005.json,sha256:e1254b65072dbce3664a9cee037d3aa9f41f6b4d94be33fcb5fbe18ad98c9c5d,python3 -m tools.physics_validation.reference_run --executable /private/tmp/billiardgl-phase3/Billiards --package /Users/bytedance/Projects/github/BilliardGL/.worktrees/physics-validation-foundation/tests/physics_validation/reference_data/domenech_2023_ball_collision --output /private/tmp/billiardgl-ball-domenech-calibration --case billiard_delta2_005,"{""digitization"": ""sha256:90c5bc0267c8b41d130510492a6f897d0418bc92b2762414f53b13e9c2afa458"", ""expected_model_mismatches"": ""sha256:c76e426de65f7105dfa9f166c1e53fb72bca0139e3d4bb37d2f7d9d6513a285d"", ""expected_reference_limitations"": ""sha256:f94ccb717e1244c117b9878633aedb911f011b80a516735235a0b359db353867"", ""extraction"": ""sha256:30a0a477a51b02d917273ae086742f4c3f97e12204543220c2711e8eb2b68ab8"", ""normalized"": ""sha256:d04396a53ab1010429fc67405e63bd92759fec7abc0ad1a86e9b395736f1a5ec"", ""raw_extracted"": ""sha256:fd26a8d030d12feee2f0829d1b005af7af523966d568c09d977b106b79a9d74d"", ""scenario_template"": ""sha256:d26935b5efaff34030564d113380adfca7b1b9f8aa56f65580ca70b33503a6a7"", ""split"": ""sha256:4ba90e5d4f009790a3f649bfacda6a6193d3785c25a5c9febde5ae4120912505""}",,
domenech_2023_ball_collision,1.0.0,billiard_delta2,billiard_delta2_low,,,,billiard_delta2_006,domenech_2023_ball_collision__billiard_delta2_006,billiard_delta2_006,CALIBRATION,separation_angle_degrees,degree,32.35836281111361,,2.017206,30.341156811113606,1.917204009214816,2.1172079907851837,0.0,0.000631,0.1,0.10000199078518389,1.0,0.0,0.0,37.1659664593096,47.26990748951614,Fig. 5 experimental markers,CONVERTED,MODEL_MISMATCH_KNOWN,/private/tmp/billiardgl-ball-domenech-calibration/traces/domenech_2023_ball_collision__billiard_delta2_006.json,sha256:e1254b65072dbce3664a9cee037d3aa9f41f6b4d94be33fcb5fbe18ad98c9c5d,python3 -m tools.physics_validation.reference_run --executable /private/tmp/billiardgl-phase3/Billiards --package /Users/bytedance/Projects/github/BilliardGL/.worktrees/physics-validation-foundation/tests/physics_validation/reference_data/domenech_2023_ball_collision --output /private/tmp/billiardgl-ball-domenech-calibration --case billiard_delta2_006,"{""digitization"": ""sha256:90c5bc0267c8b41d130510492a6f897d0418bc92b2762414f53b13e9c2afa458"", ""expected_model_mismatches"": ""sha256:c76e426de65f7105dfa9f166c1e53fb72bca0139e3d4bb37d2f7d9d6513a285d"", ""expected_reference_limitations"": ""sha256:f94ccb717e1244c117b9878633aedb911f011b80a516735235a0b359db353867"", ""extraction"": ""sha256:30a0a477a51b02d917273ae086742f4c3f97e12204543220c2711e8eb2b68ab8"", ""normalized"": ""sha256:d04396a53ab1010429fc67405e63bd92759fec7abc0ad1a86e9b395736f1a5ec"", ""raw_extracted"": ""sha256:fd26a8d030d12feee2f0829d1b005af7af523966d568c09d977b106b79a9d74d"", ""scenario_template"": ""sha256:d26935b5efaff34030564d113380adfca7b1b9f8aa56f65580ca70b33503a6a7"", ""split"": ""sha256:4ba90e5d4f009790a3f649bfacda6a6193d3785c25a5c9febde5ae4120912505""}",,
domenech_2023_ball_collision,1.0.0,billiard_delta2,billiard_delta2_low,,,,billiard_delta2_007,domenech_2023_ball_collision__billiard_delta2_007,billiard_delta2_007,CALIBRATION,separation_angle_degrees,degree,35.33313217241664,,1.93753,33.39560217241664,1.8250846133438547,2.049975386656145,0.0,0.0514195,0.1,0.11244538665614522,1.0,0.0,0.0,37.1659664593096,47.26990748951614,Fig. 5 experimental markers,CONVERTED,MODEL_MISMATCH_KNOWN,/private/tmp/billiardgl-ball-domenech-calibration/traces/domenech_2023_ball_collision__billiard_delta2_007.json,sha256:e1254b65072dbce3664a9cee037d3aa9f41f6b4d94be33fcb5fbe18ad98c9c5d,python3 -m tools.physics_validation.reference_run --executable /private/tmp/billiardgl-phase3/Billiards --package /Users/bytedance/Projects/github/BilliardGL/.worktrees/physics-validation-foundation/tests/physics_validation/reference_data/domenech_2023_ball_collision --output /private/tmp/billiardgl-ball-domenech-calibration --case billiard_delta2_007,"{""digitization"": ""sha256:90c5bc0267c8b41d130510492a6f897d0418bc92b2762414f53b13e9c2afa458"", ""expected_model_mismatches"": ""sha256:c76e426de65f7105dfa9f166c1e53fb72bca0139e3d4bb37d2f7d9d6513a285d"", ""expected_reference_limitations"": ""sha256:f94ccb717e1244c117b9878633aedb911f011b80a516735235a0b359db353867"", ""extraction"": ""sha256:30a0a477a51b02d917273ae086742f4c3f97e12204543220c2711e8eb2b68ab8"", ""normalized"": ""sha256:d04396a53ab1010429fc67405e63bd92759fec7abc0ad1a86e9b395736f1a5ec"", ""raw_extracted"": ""sha256:fd26a8d030d12feee2f0829d1b005af7af523966d568c09d977b106b79a9d74d"", ""scenario_template"": ""sha256:d26935b5efaff34030564d113380adfca7b1b9f8aa56f65580ca70b33503a6a7"", ""split"": ""sha256:4ba90e5d4f009790a3f649bfacda6a6193d3785c25a5c9febde5ae4120912505""}",,
domenech_2023_ball_collision,1.0.0,billiard_delta2,billiard_delta2_low,,,,billiard_delta2_008,domenech_2023_ball_collision__billiard_delta2_008,billiard_delta2_008,CALIBRATION,separation_angle_degrees,degree,37.039905055231976,,2.364035,34.675870055231975,2.2640117502415062,2.4640582497584935,0.0,0.0021565,0.1,0.10002324975849365,1.0,0.0,0.0,37.1659664593096,47.26990748951614,Fig. 5 experimental markers,CONVERTED,MODEL_MISMATCH_KNOWN,/private/tmp/billiardgl-ball-domenech-calibration/traces/domenech_2023_ball_collision__billiard_delta2_008.json,sha256:e1254b65072dbce3664a9cee037d3aa9f41f6b4d94be33fcb5fbe18ad98c9c5d,python3 -m tools.physics_validation.reference_run --executable /private/tmp/billiardgl-phase3/Billiards --package /Users/bytedance/Projects/github/BilliardGL/.worktrees/physics-validation-foundation/tests/physics_validation/reference_data/domenech_2023_ball_collision --output /private/tmp/billiardgl-ball-domenech-calibration --case billiard_delta2_008,"{""digitization"": ""sha256:90c5bc0267c8b41d130510492a6f897d0418bc92b2762414f53b13e9c2afa458"", ""expected_model_mismatches"": ""sha256:c76e426de65f7105dfa9f166c1e53fb72bca0139e3d4bb37d2f7d9d6513a285d"", ""expected_reference_limitations"": ""sha256:f94ccb717e1244c117b9878633aedb911f011b80a516735235a0b359db353867"", ""extraction"": ""sha256:30a0a477a51b02d917273ae086742f4c3f97e12204543220c2711e8eb2b68ab8"", ""normalized"": ""sha256:d04396a53ab1010429fc67405e63bd92759fec7abc0ad1a86e9b395736f1a5ec"", ""raw_extracted"": ""sha256:fd26a8d030d12feee2f0829d1b005af7af523966d568c09d977b106b79a9d74d"", ""scenario_template"": ""sha256:d26935b5efaff34030564d113380adfca7b1b9f8aa56f65580ca70b33503a6a7"", ""split"": ""sha256:4ba90e5d4f009790a3f649bfacda6a6193d3785c25a5c9febde5ae4120912505""}",,
domenech_2023_ball_collision,1.0.0,billiard_delta2,billiard_delta2_low,,,,billiard_delta2_009,domenech_2023_ball_collision__billiard_delta2_009,billiard_delta2_009,CALIBRATION,separation_angle_degrees,degree,39.54361919782425,,1.681394,37.86222519782425,1.5813259795289225,1.7814620204710776,0.0,0.003689,0.1,0.10006802047107757,1.0,0.0,0.0,37.1659664593096,47.26990748951614,Fig. 5 experimental markers,CONVERTED,MODEL_MISMATCH_KNOWN,/private/tmp/billiardgl-ball-domenech-calibration/traces/domenech_2023_ball_collision__billiard_delta2_009.json,sha256:e1254b65072dbce3664a9cee037d3aa9f41f6b4d94be33fcb5fbe18ad98c9c5d,python3 -m tools.physics_validation.reference_run --executable /private/tmp/billiardgl-phase3/Billiards --package /Users/bytedance/Projects/github/BilliardGL/.worktrees/physics-validation-foundation/tests/physics_validation/reference_data/domenech_2023_ball_collision --output /private/tmp/billiardgl-ball-domenech-calibration --case billiard_delta2_009,"{""digitization"": ""sha256:90c5bc0267c8b41d130510492a6f897d0418bc92b2762414f53b13e9c2afa458"", ""expected_model_mismatches"": ""sha256:c76e426de65f7105dfa9f166c1e53fb72bca0139e3d4bb37d2f7d9d6513a285d"", ""expected_reference_limitations"": ""sha256:f94ccb717e1244c117b9878633aedb911f011b80a516735235a0b359db353867"", ""extraction"": ""sha256:30a0a477a51b02d917273ae086742f4c3f97e12204543220c2711e8eb2b68ab8"", ""normalized"": ""sha256:d04396a53ab1010429fc67405e63bd92759fec7abc0ad1a86e9b395736f1a5ec"", ""raw_extracted"": ""sha256:fd26a8d030d12feee2f0829d1b005af7af523966d568c09d977b106b79a9d74d"", ""scenario_template"": ""sha256:d26935b5efaff34030564d113380adfca7b1b9f8aa56f65580ca70b33503a6a7"", ""split"": ""sha256:4ba90e5d4f009790a3f649bfacda6a6193d3785c25a5c9febde5ae4120912505""}",,
domenech_2023_ball_collision,1.0.0,billiard_delta2,billiard_delta2_low,,,,billiard_delta2_010,domenech_2023_ball_collision__billiard_delta2_010,billiard_delta2_010,CALIBRATION,separation_angle_degrees,degree,40.63740389368296,,2.72421,37.91319389368296,2.6227705955064797,2.82564940449352,0.0,0.017028,0.1,0.10143940449352018,1.0,0.0,0.0,37.1659664593096,47.26990748951614,Fig. 5 experimental markers,CONVERTED,MODEL_MISMATCH_KNOWN,/private/tmp/billiardgl-ball-domenech-calibration/traces/domenech_2023_ball_collision__billiard_delta2_010.json,sha256:e1254b65072dbce3664a9cee037d3aa9f41f6b4d94be33fcb5fbe18ad98c9c5d,python3 -m tools.physics_validation.reference_run --executable /private/tmp/billiardgl-phase3/Billiards --package /Users/bytedance/Projects/github/BilliardGL/.worktrees/physics-validation-foundation/tests/physics_validation/reference_data/domenech_2023_ball_collision --output /private/tmp/billiardgl-ball-domenech-calibration --case billiard_delta2_010,"{""digitization"": ""sha256:90c5bc0267c8b41d130510492a6f897d0418bc92b2762414f53b13e9c2afa458"", ""expected_model_mismatches"": ""sha256:c76e426de65f7105dfa9f166c1e53fb72bca0139e3d4bb37d2f7d9d6513a285d"", ""expected_reference_limitations"": ""sha256:f94ccb717e1244c117b9878633aedb911f011b80a516735235a0b359db353867"", ""extraction"": ""sha256:30a0a477a51b02d917273ae086742f4c3f97e12204543220c2711e8eb2b68ab8"", ""normalized"": ""sha256:d04396a53ab1010429fc67405e63bd92759fec7abc0ad1a86e9b395736f1a5ec"", ""raw_extracted"": ""sha256:fd26a8d030d12feee2f0829d1b005af7af523966d568c09d977b106b79a9d74d"", ""scenario_template"": ""sha256:d26935b5efaff34030564d113380adfca7b1b9f8aa56f65580ca70b33503a6a7"", ""split"": ""sha256:4ba90e5d4f009790a3f649bfacda6a6193d3785c25a5c9febde5ae4120912505""}",,
domenech_2023_ball_collision,1.0.0,billiard_delta2,billiard_delta2_low,,,,billiard_delta2_011,domenech_2023_ball_collision__billiard_delta2_011,billiard_delta2_011,CALIBRATION,separation_angle_degrees,degree,42.66955222858346,,2.360688,40.30886422858346,2.2606809137998214,2.460695086200179,0.0,0.0011905,0.1,0.10000708620017884,1.0,0.0,0.0,37.1659664593096,47.26990748951614,Fig. 5 experimental markers,CONVERTED,MODEL_MISMATCH_KNOWN,/private/tmp/billiardgl-ball-domenech-calibration/traces/domenech_2023_ball_collision__billiard_delta2_011.json,sha256:e1254b65072dbce3664a9cee037d3aa9f41f6b4d94be33fcb5fbe18ad98c9c5d,python3 -m tools.physics_validation.reference_run --executable /private/tmp/billiardgl-phase3/Billiards --package /Users/bytedance/Projects/github/BilliardGL/.worktrees/physics-validation-foundation/tests/physics_validation/reference_data/domenech_2023_ball_collision --output /private/tmp/billiardgl-ball-domenech-calibration --case billiard_delta2_011,"{""digitization"": ""sha256:90c5bc0267c8b41d130510492a6f897d0418bc92b2762414f53b13e9c2afa458"", ""expected_model_mismatches"": ""sha256:c76e426de65f7105dfa9f166c1e53fb72bca0139e3d4bb37d2f7d9d6513a285d"", ""expected_reference_limitations"": ""sha256:f94ccb717e1244c117b9878633aedb911f011b80a516735235a0b359db353867"", ""extraction"": ""sha256:30a0a477a51b02d917273ae086742f4c3f97e12204543220c2711e8eb2b68ab8"", ""normalized"": ""sha256:d04396a53ab1010429fc67405e63bd92759fec7abc0ad1a86e9b395736f1a5ec"", ""raw_extracted"": ""sha256:fd26a8d030d12feee2f0829d1b005af7af523966d568c09d977b106b79a9d74d"", ""scenario_template"": ""sha256:d26935b5efaff34030564d113380adfca7b1b9f8aa56f65580ca70b33503a6a7"", ""split"": ""sha256:4ba90e5d4f009790a3f649bfacda6a6193d3785c25a5c9febde5ae4120912505""}",,
domenech_2023_ball_collision,1.0.0,billiard_delta2,billiard_delta2_low,,,,billiard_delta2_012,domenech_2023_ball_collision__billiard_delta2_012,billiard_delta2_012,CALIBRATION,separation_angle_degrees,degree,44.66347584140089,,2.326433,42.33704284140089,2.2241198205508206,2.42874617944918,0.0,0.021633,0.1,0.10231317944917948,1.0,0.0,0.0,37.1659664593096,47.26990748951614,Fig. 5 experimental markers,CONVERTED,MODEL_MISMATCH_KNOWN,/private/tmp/billiardgl-ball-domenech-calibration/traces/domenech_2023_ball_collision__billiard_delta2_012.json,sha256:e1254b65072dbce3664a9cee037d3aa9f41f6b4d94be33fcb5fbe18ad98c9c5d,python3 -m tools.physics_validation.reference_run --executable /private/tmp/billiardgl-phase3/Billiards --package /Users/bytedance/Projects/github/BilliardGL/.worktrees/physics-validation-foundation/tests/physics_validation/reference_data/domenech_2023_ball_collision --output /private/tmp/billiardgl-ball-domenech-calibration --case billiard_delta2_012,"{""digitization"": ""sha256:90c5bc0267c8b41d130510492a6f897d0418bc92b2762414f53b13e9c2afa458"", ""expected_model_mismatches"": ""sha256:c76e426de65f7105dfa9f166c1e53fb72bca0139e3d4bb37d2f7d9d6513a285d"", ""expected_reference_limitations"": ""sha256:f94ccb717e1244c117b9878633aedb911f011b80a516735235a0b359db353867"", ""extraction"": ""sha256:30a0a477a51b02d917273ae086742f4c3f97e12204543220c2711e8eb2b68ab8"", ""normalized"": ""sha256:d04396a53ab1010429fc67405e63bd92759fec7abc0ad1a86e9b395736f1a5ec"", ""raw_extracted"": ""sha256:fd26a8d030d12feee2f0829d1b005af7af523966d568c09d977b106b79a9d74d"", ""scenario_template"": ""sha256:d26935b5efaff34030564d113380adfca7b1b9f8aa56f65580ca70b33503a6a7"", ""split"": ""sha256:4ba90e5d4f009790a3f649bfacda6a6193d3785c25a5c9febde5ae4120912505""}",,
domenech_2023_ball_collision,1.0.0,billiard_delta2,billiard_delta2_low,,,,billiard_delta2_013,domenech_2023_ball_collision__billiard_delta2_013,billiard_delta2_013,CALIBRATION,separation_angle_degrees,degree,45.88409603457008,,3.0892,42.79489603457008,2.986611006418817,3.191788993581183,0.0,0.022902,0.1,0.10258899358118298,1.0,0.0,0.0,37.1659664593096,47.26990748951614,Fig. 5 experimental markers,CONVERTED,MODEL_MISMATCH_KNOWN,/private/tmp/billiardgl-ball-domenech-calibration/traces/domenech_2023_ball_collision__billiard_delta2_013.json,sha256:e1254b65072dbce3664a9cee037d3aa9f41f6b4d94be33fcb5fbe18ad98c9c5d,python3 -m tools.physics_validation.reference_run --executable /private/tmp/billiardgl-phase3/Billiards --package /Users/bytedance/Projects/github/BilliardGL/.worktrees/physics-validation-foundation/tests/physics_validation/reference_data/domenech_2023_ball_collision --output /private/tmp/billiardgl-ball-domenech-calibration --case billiard_delta2_013,"{""digitization"": ""sha256:90c5bc0267c8b41d130510492a6f897d0418bc92b2762414f53b13e9c2afa458"", ""expected_model_mismatches"": ""sha256:c76e426de65f7105dfa9f166c1e53fb72bca0139e3d4bb37d2f7d9d6513a285d"", ""expected_reference_limitations"": ""sha256:f94ccb717e1244c117b9878633aedb911f011b80a516735235a0b359db353867"", ""extraction"": ""sha256:30a0a477a51b02d917273ae086742f4c3f97e12204543220c2711e8eb2b68ab8"", ""normalized"": ""sha256:d04396a53ab1010429fc67405e63bd92759fec7abc0ad1a86e9b395736f1a5ec"", ""raw_extracted"": ""sha256:fd26a8d030d12feee2f0829d1b005af7af523966d568c09d977b106b79a9d74d"", ""scenario_template"": ""sha256:d26935b5efaff34030564d113380adfca7b1b9f8aa56f65580ca70b33503a6a7"", ""split"": ""sha256:4ba90e5d4f009790a3f649bfacda6a6193d3785c25a5c9febde5ae4120912505""}",,
domenech_2023_ball_collision,1.0.0,billiard_delta2,billiard_delta2_low,,,,billiard_delta2_014,domenech_2023_ball_collision__billiard_delta2_014,billiard_delta2_014,CALIBRATION,separation_angle_degrees,degree,46.71270744476311,,2.348309,44.36439844476311,2.247392542817586,2.449225457182414,0.0,0.0135695,0.1,0.10091645718241402,1.0,0.0,0.0,37.1659664593096,47.26990748951614,Fig. 5 experimental markers,CONVERTED,MODEL_MISMATCH_KNOWN,/private/tmp/billiardgl-ball-domenech-calibration/traces/domenech_2023_ball_collision__billiard_delta2_014.json,sha256:e1254b65072dbce3664a9cee037d3aa9f41f6b4d94be33fcb5fbe18ad98c9c5d,python3 -m tools.physics_validation.reference_run --executable /private/tmp/billiardgl-phase3/Billiards --package /Users/bytedance/Projects/github/BilliardGL/.worktrees/physics-validation-foundation/tests/physics_validation/reference_data/domenech_2023_ball_collision --output /private/tmp/billiardgl-ball-domenech-calibration --case billiard_delta2_014,"{""digitization"": ""sha256:90c5bc0267c8b41d130510492a6f897d0418bc92b2762414f53b13e9c2afa458"", ""expected_model_mismatches"": ""sha256:c76e426de65f7105dfa9f166c1e53fb72bca0139e3d4bb37d2f7d9d6513a285d"", ""expected_reference_limitations"": ""sha256:f94ccb717e1244c117b9878633aedb911f011b80a516735235a0b359db353867"", ""extraction"": ""sha256:30a0a477a51b02d917273ae086742f4c3f97e12204543220c2711e8eb2b68ab8"", ""normalized"": ""sha256:d04396a53ab1010429fc67405e63bd92759fec7abc0ad1a86e9b395736f1a5ec"", ""raw_extracted"": ""sha256:fd26a8d030d12feee2f0829d1b005af7af523966d568c09d977b106b79a9d74d"", ""scenario_template"": ""sha256:d26935b5efaff34030564d113380adfca7b1b9f8aa56f65580ca70b33503a6a7"", ""split"": ""sha256:4ba90e5d4f009790a3f649bfacda6a6193d3785c25a5c9febde5ae4120912505""}",,
domenech_2023_ball_collision,1.0.0,billiard_delta2,billiard_delta2_low,,,,billiard_delta2_015,domenech_2023_ball_collision__billiard_delta2_015,billiard_delta2_015,CALIBRATION,separation_angle_degrees,degree,48.231338291974104,,2.707698,45.523640291974104,2.6076966713075773,2.807699328692423,0.0,0.0005155,0.1,0.10000132869242288,1.0,0.0,0.0,37.1659664593096,47.26990748951614,Fig. 5 experimental markers,CONVERTED,MODEL_MISMATCH_KNOWN,/private/tmp/billiardgl-ball-domenech-calibration/traces/domenech_2023_ball_collision__billiard_delta2_015.json,sha256:e1254b65072dbce3664a9cee037d3aa9f41f6b4d94be33fcb5fbe18ad98c9c5d,python3 -m tools.physics_validation.reference_run --executable /private/tmp/billiardgl-phase3/Billiards --package /Users/bytedance/Projects/github/BilliardGL/.worktrees/physics-validation-foundation/tests/physics_validation/reference_data/domenech_2023_ball_collision --output /private/tmp/billiardgl-ball-domenech-calibration --case billiard_delta2_015,"{""digitization"": ""sha256:90c5bc0267c8b41d130510492a6f897d0418bc92b2762414f53b13e9c2afa458"", ""expected_model_mismatches"": ""sha256:c76e426de65f7105dfa9f166c1e53fb72bca0139e3d4bb37d2f7d9d6513a285d"", ""expected_reference_limitations"": ""sha256:f94ccb717e1244c117b9878633aedb911f011b80a516735235a0b359db353867"", ""extraction"": ""sha256:30a0a477a51b02d917273ae086742f4c3f97e12204543220c2711e8eb2b68ab8"", ""normalized"": ""sha256:d04396a53ab1010429fc67405e63bd92759fec7abc0ad1a86e9b395736f1a5ec"", ""raw_extracted"": ""sha256:fd26a8d030d12feee2f0829d1b005af7af523966d568c09d977b106b79a9d74d"", ""scenario_template"": ""sha256:d26935b5efaff34030564d113380adfca7b1b9f8aa56f65580ca70b33503a6a7"", ""split"": ""sha256:4ba90e5d4f009790a3f649bfacda6a6193d3785c25a5c9febde5ae4120912505""}",,
domenech_2023_ball_collision,1.0.0,billiard_delta2,billiard_delta2_low,,,,billiard_delta2_016,domenech_2023_ball_collision__billiard_delta2_016,billiard_delta2_016,CALIBRATION,separation_angle_degrees,degree,48.480804068882364,,1.681073,46.799731068882366,1.5809926518278938,1.7811533481721062,0.0,0.0040095,0.1,0.1000803481721062,1.0,0.0,0.0,37.1659664593096,47.26990748951614,Fig. 5 experimental markers,CONVERTED,MODEL_MISMATCH_KNOWN,/private/tmp/billiardgl-ball-domenech-calibration/traces/domenech_2023_ball_collision__billiard_delta2_016.json,sha256:e1254b65072dbce3664a9cee037d3aa9f41f6b4d94be33fcb5fbe18ad98c9c5d,python3 -m tools.physics_validation.reference_run --executable /private/tmp/billiardgl-phase3/Billiards --package /Users/bytedance/Projects/github/BilliardGL/.worktrees/physics-validation-foundation/tests/physics_validation/reference_data/domenech_2023_ball_collision --output /private/tmp/billiardgl-ball-domenech-calibration --case billiard_delta2_016,"{""digitization"": ""sha256:90c5bc0267c8b41d130510492a6f897d0418bc92b2762414f53b13e9c2afa458"", ""expected_model_mismatches"": ""sha256:c76e426de65f7105dfa9f166c1e53fb72bca0139e3d4bb37d2f7d9d6513a285d"", ""expected_reference_limitations"": ""sha256:f94ccb717e1244c117b9878633aedb911f011b80a516735235a0b359db353867"", ""extraction"": ""sha256:30a0a477a51b02d917273ae086742f4c3f97e12204543220c2711e8eb2b68ab8"", ""normalized"": ""sha256:d04396a53ab1010429fc67405e63bd92759fec7abc0ad1a86e9b395736f1a5ec"", ""raw_extracted"": ""sha256:fd26a8d030d12feee2f0829d1b005af7af523966d568c09d977b106b79a9d74d"", ""scenario_template"": ""sha256:d26935b5efaff34030564d113380adfca7b1b9f8aa56f65580ca70b33503a6a7"", ""split"": ""sha256:4ba90e5d4f009790a3f649bfacda6a6193d3785c25a5c9febde5ae4120912505""}",,
domenech_2023_ball_collision,1.0.0,billiard_delta2,billiard_delta2_low,,,,billiard_delta2_017,domenech_2023_ball_collision__billiard_delta2_017,billiard_delta2_017,CALIBRATION,separation_angle_degrees,degree,49.72989785088365,,3.510181,46.21971685088365,3.408955121707935,3.6114068782920654,0.0,0.015706,0.1,0.10122587829206522,1.0,0.0,0.0,37.1659664593096,47.26990748951614,Fig. 5 experimental markers,CONVERTED,MODEL_MISMATCH_KNOWN,/private/tmp/billiardgl-ball-domenech-calibration/traces/domenech_2023_ball_collision__billiard_delta2_017.json,sha256:e1254b65072dbce3664a9cee037d3aa9f41f6b4d94be33fcb5fbe18ad98c9c5d,python3 -m tools.physics_validation.reference_run --executable /private/tmp/billiardgl-phase3/Billiards --package /Users/bytedance/Projects/github/BilliardGL/.worktrees/physics-validation-foundation/tests/physics_validation/reference_data/domenech_2023_ball_collision --output /private/tmp/billiardgl-ball-domenech-calibration --case billiard_delta2_017,"{""digitization"": ""sha256:90c5bc0267c8b41d130510492a6f897d0418bc92b2762414f53b13e9c2afa458"", ""expected_model_mismatches"": ""sha256:c76e426de65f7105dfa9f166c1e53fb72bca0139e3d4bb37d2f7d9d6513a285d"", ""expected_reference_limitations"": ""sha256:f94ccb717e1244c117b9878633aedb911f011b80a516735235a0b359db353867"", ""extraction"": ""sha256:30a0a477a51b02d917273ae086742f4c3f97e12204543220c2711e8eb2b68ab8"", ""normalized"": ""sha256:d04396a53ab1010429fc67405e63bd92759fec7abc0ad1a86e9b395736f1a5ec"", ""raw_extracted"": ""sha256:fd26a8d030d12feee2f0829d1b005af7af523966d568c09d977b106b79a9d74d"", ""scenario_template"": ""sha256:d26935b5efaff34030564d113380adfca7b1b9f8aa56f65580ca70b33503a6a7"", ""split"": ""sha256:4ba90e5d4f009790a3f649bfacda6a6193d3785c25a5c9febde5ae4120912505""}",,
domenech_2023_ball_collision,1.0.0,billiard_delta2,billiard_delta2_low,,,,billiard_delta2_018,domenech_2023_ball_collision__billiard_delta2_018,billiard_delta2_018,CALIBRATION,separation_angle_degrees,degree,49.976090489516146,,2.706183,47.26990748951614,2.6061780101194945,2.806187989880505,0.0,0.000999,0.1,0.10000498988050548,1.0,0.0,0.0,37.1659664593096,47.26990748951614,Fig. 5 experimental markers,CONVERTED,MODEL_MISMATCH_KNOWN,/private/tmp/billiardgl-ball-domenech-calibration/traces/domenech_2023_ball_collision__billiard_delta2_018.json,sha256:e1254b65072dbce3664a9cee037d3aa9f41f6b4d94be33fcb5fbe18ad98c9c5d,python3 -m tools.physics_validation.reference_run --executable /private/tmp/billiardgl-phase3/Billiards --package /Users/bytedance/Projects/github/BilliardGL/.worktrees/physics-validation-foundation/tests/physics_validation/reference_data/domenech_2023_ball_collision --output /private/tmp/billiardgl-ball-domenech-calibration --case billiard_delta2_018,"{""digitization"": ""sha256:90c5bc0267c8b41d130510492a6f897d0418bc92b2762414f53b13e9c2afa458"", ""expected_model_mismatches"": ""sha256:c76e426de65f7105dfa9f166c1e53fb72bca0139e3d4bb37d2f7d9d6513a285d"", ""expected_reference_limitations"": ""sha256:f94ccb717e1244c117b9878633aedb911f011b80a516735235a0b359db353867"", ""extraction"": ""sha256:30a0a477a51b02d917273ae086742f4c3f97e12204543220c2711e8eb2b68ab8"", ""normalized"": ""sha256:d04396a53ab1010429fc67405e63bd92759fec7abc0ad1a86e9b395736f1a5ec"", ""raw_extracted"": ""sha256:fd26a8d030d12feee2f0829d1b005af7af523966d568c09d977b106b79a9d74d"", ""scenario_template"": ""sha256:d26935b5efaff34030564d113380adfca7b1b9f8aa56f65580ca70b33503a6a7"", ""split"": ""sha256:4ba90e5d4f009790a3f649bfacda6a6193d3785c25a5c9febde5ae4120912505""}",,
domenech_2023_ball_collision,1.0.0,brass_alpha1,brass_alpha1_low,,,,brass_alpha1_001,domenech_2023_ball_collision__brass_alpha1_001,brass_alpha1_001,CALIBRATION,cue_scattering_angle_degrees,degree,25.516411842492875,,19.057913,6.458498842492876,18.93749429061894,19.17833170938106,0.0,0.067087,0.1,0.12041870938105922,1.0,0.0,0.0,5.79891428816477,8.630424501471662,Fig. 6 experimental markers,TREND_ONLY,MODEL_MISMATCH_KNOWN,/private/tmp/billiardgl-ball-domenech-calibration/traces/domenech_2023_ball_collision__brass_alpha1_001.json,sha256:e1254b65072dbce3664a9cee037d3aa9f41f6b4d94be33fcb5fbe18ad98c9c5d,python3 -m tools.physics_validation.reference_run --executable /private/tmp/billiardgl-phase3/Billiards --package /Users/bytedance/Projects/github/BilliardGL/.worktrees/physics-validation-foundation/tests/physics_validation/reference_data/domenech_2023_ball_collision --output /private/tmp/billiardgl-ball-domenech-calibration --case brass_alpha1_001,"{""digitization"": ""sha256:90c5bc0267c8b41d130510492a6f897d0418bc92b2762414f53b13e9c2afa458"", ""expected_model_mismatches"": ""sha256:c76e426de65f7105dfa9f166c1e53fb72bca0139e3d4bb37d2f7d9d6513a285d"", ""expected_reference_limitations"": ""sha256:f94ccb717e1244c117b9878633aedb911f011b80a516735235a0b359db353867"", ""extraction"": ""sha256:30a0a477a51b02d917273ae086742f4c3f97e12204543220c2711e8eb2b68ab8"", ""normalized"": ""sha256:d04396a53ab1010429fc67405e63bd92759fec7abc0ad1a86e9b395736f1a5ec"", ""raw_extracted"": ""sha256:fd26a8d030d12feee2f0829d1b005af7af523966d568c09d977b106b79a9d74d"", ""scenario_template"": ""sha256:d26935b5efaff34030564d113380adfca7b1b9f8aa56f65580ca70b33503a6a7"", ""split"": ""sha256:4ba90e5d4f009790a3f649bfacda6a6193d3785c25a5c9febde5ae4120912505""}",,
domenech_2023_ball_collision,1.0.0,brass_alpha1,brass_alpha1_low,,,,brass_alpha1_002,domenech_2023_ball_collision__brass_alpha1_002,brass_alpha1_002,CALIBRATION,cue_scattering_angle_degrees,degree,31.523321826719258,,37.718463,-6.195141173280742,37.60820358758999,37.82872241241001,0.0,0.046445,0.1,0.11025941241000699,1.0,0.0,0.0,5.79891428816477,8.630424501471662,Fig. 6 experimental markers,TREND_ONLY,MODEL_MISMATCH_KNOWN,/private/tmp/billiardgl-ball-domenech-calibration/traces/domenech_2023_ball_collision__brass_alpha1_002.json,sha256:e1254b65072dbce3664a9cee037d3aa9f41f6b4d94be33fcb5fbe18ad98c9c5d,python3 -m tools.physics_validation.reference_run --executable /private/tmp/billiardgl-phase3/Billiards --package /Users/bytedance/Projects/github/BilliardGL/.worktrees/physics-validation-foundation/tests/physics_validation/reference_data/domenech_2023_ball_collision --output /private/tmp/billiardgl-ball-domenech-calibration --case brass_alpha1_002,"{""digitization"": ""sha256:90c5bc0267c8b41d130510492a6f897d0418bc92b2762414f53b13e9c2afa458"", ""expected_model_mismatches"": ""sha256:c76e426de65f7105dfa9f166c1e53fb72bca0139e3d4bb37d2f7d9d6513a285d"", ""expected_reference_limitations"": ""sha256:f94ccb717e1244c117b9878633aedb911f011b80a516735235a0b359db353867"", ""extraction"": ""sha256:30a0a477a51b02d917273ae086742f4c3f97e12204543220c2711e8eb2b68ab8"", ""normalized"": ""sha256:d04396a53ab1010429fc67405e63bd92759fec7abc0ad1a86e9b395736f1a5ec"", ""raw_extracted"": ""sha256:fd26a8d030d12feee2f0829d1b005af7af523966d568c09d977b106b79a9d74d"", ""scenario_template"": ""sha256:d26935b5efaff34030564d113380adfca7b1b9f8aa56f65580ca70b33503a6a7"", ""split"": ""sha256:4ba90e5d4f009790a3f649bfacda6a6193d3785c25a5c9febde5ae4120912505""}",,
domenech_2023_ball_collision,1.0.0,brass_alpha1,brass_alpha1_low,,,,brass_alpha1_003,domenech_2023_ball_collision__brass_alpha1_003,brass_alpha1_003,CALIBRATION,cue_scattering_angle_degrees,degree,31.512305501471662,,22.881881,8.630424501471662,22.777197007277856,22.986564992722144,0.0,0.0309635,0.1,0.1046839927221445,1.0,0.0,0.0,5.79891428816477,8.630424501471662,Fig. 6 experimental markers,TREND_ONLY,MODEL_MISMATCH_KNOWN,/private/tmp/billiardgl-ball-domenech-calibration/traces/domenech_2023_ball_collision__brass_alpha1_003.json,sha256:e1254b65072dbce3664a9cee037d3aa9f41f6b4d94be33fcb5fbe18ad98c9c5d,python3 -m tools.physics_validation.reference_run --executable /private/tmp/billiardgl-phase3/Billiards --package /Users/bytedance/Projects/github/BilliardGL/.worktrees/physics-validation-foundation/tests/physics_validation/reference_data/domenech_2023_ball_collision --output /private/tmp/billiardgl-ball-domenech-calibration --case brass_alpha1_003,"{""digitization"": ""sha256:90c5bc0267c8b41d130510492a6f897d0418bc92b2762414f53b13e9c2afa458"", ""expected_model_mismatches"": ""sha256:c76e426de65f7105dfa9f166c1e53fb72bca0139e3d4bb37d2f7d9d6513a285d"", ""expected_reference_limitations"": ""sha256:f94ccb717e1244c117b9878633aedb911f011b80a516735235a0b359db353867"", ""extraction"": ""sha256:30a0a477a51b02d917273ae086742f4c3f97e12204543220c2711e8eb2b68ab8"", ""normalized"": ""sha256:d04396a53ab1010429fc67405e63bd92759fec7abc0ad1a86e9b395736f1a5ec"", ""raw_extracted"": ""sha256:fd26a8d030d12feee2f0829d1b005af7af523966d568c09d977b106b79a9d74d"", ""scenario_template"": ""sha256:d26935b5efaff34030564d113380adfca7b1b9f8aa56f65580ca70b33503a6a7"", ""split"": ""sha256:4ba90e5d4f009790a3f649bfacda6a6193d3785c25a5c9febde5ae4120912505""}",,
domenech_2023_ball_collision,1.0.0,brass_alpha1,brass_alpha1_low,,,,brass_alpha1_004,domenech_2023_ball_collision__brass_alpha1_004,brass_alpha1_004,CALIBRATION,cue_scattering_angle_degrees,degree,37.91727584562283,,39.049885,-1.132609154377171,38.94356029273025,39.15620970726976,0.0,0.036124,0.1,0.10632470726975927,1.0,0.0,0.0,5.79891428816477,8.630424501471662,Fig. 6 experimental markers,TREND_ONLY,MODEL_MISMATCH_KNOWN,/private/tmp/billiardgl-ball-domenech-calibration/traces/domenech_2023_ball_collision__brass_alpha1_004.json,sha256:e1254b65072dbce3664a9cee037d3aa9f41f6b4d94be33fcb5fbe18ad98c9c5d,python3 -m tools.physics_validation.reference_run --executable /private/tmp/billiardgl-phase3/Billiards --package /Users/bytedance/Projects/github/BilliardGL/.worktrees/physics-validation-foundation/tests/physics_validation/reference_data/domenech_2023_ball_collision --output /private/tmp/billiardgl-ball-domenech-calibration --case brass_alpha1_004,"{""digitization"": ""sha256:90c5bc0267c8b41d130510492a6f897d0418bc92b2762414f53b13e9c2afa458"", ""expected_model_mismatches"": ""sha256:c76e426de65f7105dfa9f166c1e53fb72bca0139e3d4bb37d2f7d9d6513a285d"", ""expected_reference_limitations"": ""sha256:f94ccb717e1244c117b9878633aedb911f011b80a516735235a0b359db353867"", ""extraction"": ""sha256:30a0a477a51b02d917273ae086742f4c3f97e12204543220c2711e8eb2b68ab8"", ""normalized"": ""sha256:d04396a53ab1010429fc67405e63bd92759fec7abc0ad1a86e9b395736f1a5ec"", ""raw_extracted"": ""sha256:fd26a8d030d12feee2f0829d1b005af7af523966d568c09d977b106b79a9d74d"", ""scenario_template"": ""sha256:d26935b5efaff34030564d113380adfca7b1b9f8aa56f65580ca70b33503a6a7"", ""split"": ""sha256:4ba90e5d4f009790a3f649bfacda6a6193d3785c25a5c9febde5ae4120912505""}",,
domenech_2023_ball_collision,1.0.0,brass_alpha1,brass_alpha1_low,,,,brass_alpha1_005,domenech_2023_ball_collision__brass_alpha1_005,brass_alpha1_005,CALIBRATION,cue_scattering_angle_degrees,degree,41.07745437386224,,43.993693,-2.916238626137762,43.890417789972375,44.096968210027626,0.0,0.0258025,0.1,0.10327521002762474,1.0,0.0,0.0,5.79891428816477,8.630424501471662,Fig. 6 experimental markers,TREND_ONLY,MODEL_MISMATCH_KNOWN,/private/tmp/billiardgl-ball-domenech-calibration/traces/domenech_2023_ball_collision__brass_alpha1_005.json,sha256:e1254b65072dbce3664a9cee037d3aa9f41f6b4d94be33fcb5fbe18ad98c9c5d,python3 -m tools.physics_validation.reference_run --executable /private/tmp/billiardgl-phase3/Billiards --package /Users/bytedance/Projects/github/BilliardGL/.worktrees/physics-validation-foundation/tests/physics_validation/reference_data/domenech_2023_ball_collision --output /private/tmp/billiardgl-ball-domenech-calibration --case brass_alpha1_005,"{""digitization"": ""sha256:90c5bc0267c8b41d130510492a6f897d0418bc92b2762414f53b13e9c2afa458"", ""expected_model_mismatches"": ""sha256:c76e426de65f7105dfa9f166c1e53fb72bca0139e3d4bb37d2f7d9d6513a285d"", ""expected_reference_limitations"": ""sha256:f94ccb717e1244c117b9878633aedb911f011b80a516735235a0b359db353867"", ""extraction"": ""sha256:30a0a477a51b02d917273ae086742f4c3f97e12204543220c2711e8eb2b68ab8"", ""normalized"": ""sha256:d04396a53ab1010429fc67405e63bd92759fec7abc0ad1a86e9b395736f1a5ec"", ""raw_extracted"": ""sha256:fd26a8d030d12feee2f0829d1b005af7af523966d568c09d977b106b79a9d74d"", ""scenario_template"": ""sha256:d26935b5efaff34030564d113380adfca7b1b9f8aa56f65580ca70b33503a6a7"", ""split"": ""sha256:4ba90e5d4f009790a3f649bfacda6a6193d3785c25a5c9febde5ae4120912505""}",,
domenech_2023_ball_collision,1.0.0,brass_alpha1,brass_alpha1_low,,,,brass_alpha1_006,domenech_2023_ball_collision__brass_alpha1_006,brass_alpha1_006,CALIBRATION,cue_scattering_angle_degrees,degree,46.58390679112438,,52.699541,-6.115634208875626,52.59135407870057,52.80772792129944,0.0,0.0412845,0.1,0.10818692129943434,1.0,0.0,0.0,5.79891428816477,8.630424501471662,Fig. 6 experimental markers,TREND_ONLY,MODEL_MISMATCH_KNOWN,/private/tmp/billiardgl-ball-domenech-calibration/traces/domenech_2023_ball_collision__brass_alpha1_006.json,sha256:e1254b65072dbce3664a9cee037d3aa9f41f6b4d94be33fcb5fbe18ad98c9c5d,python3 -m tools.physics_validation.reference_run --executable /private/tmp/billiardgl-phase3/Billiards --package /Users/bytedance/Projects/github/BilliardGL/.worktrees/physics-validation-foundation/tests/physics_validation/reference_data/domenech_2023_ball_collision --output /private/tmp/billiardgl-ball-domenech-calibration --case brass_alpha1_006,"{""digitization"": ""sha256:90c5bc0267c8b41d130510492a6f897d0418bc92b2762414f53b13e9c2afa458"", ""expected_model_mismatches"": ""sha256:c76e426de65f7105dfa9f166c1e53fb72bca0139e3d4bb37d2f7d9d6513a285d"", ""expected_reference_limitations"": ""sha256:f94ccb717e1244c117b9878633aedb911f011b80a516735235a0b359db353867"", ""extraction"": ""sha256:30a0a477a51b02d917273ae086742f4c3f97e12204543220c2711e8eb2b68ab8"", ""normalized"": ""sha256:d04396a53ab1010429fc67405e63bd92759fec7abc0ad1a86e9b395736f1a5ec"", ""raw_extracted"": ""sha256:fd26a8d030d12feee2f0829d1b005af7af523966d568c09d977b106b79a9d74d"", ""scenario_template"": ""sha256:d26935b5efaff34030564d113380adfca7b1b9f8aa56f65580ca70b33503a6a7"", ""split"": ""sha256:4ba90e5d4f009790a3f649bfacda6a6193d3785c25a5c9febde5ae4120912505""}",,
domenech_2023_ball_collision,1.0.0,rubber_delta2,rubber_delta2_low,,,,rubber_delta2_001,domenech_2023_ball_collision__rubber_delta2_001,rubber_delta2_001,CALIBRATION,separation_angle_degrees,degree,10.048767471221622,,1.961922,8.086845471221622,1.851189367925033,2.072654632074967,0.0,0.0475575,0.1,0.11073263207496696,1.0,0.0,0.0,19.820613639418657,27.069987925238745,Fig. 8 experimental markers,TREND_ONLY,MODEL_MISMATCH_KNOWN,/private/tmp/billiardgl-ball-domenech-calibration/traces/domenech_2023_ball_collision__rubber_delta2_001.json,sha256:e1254b65072dbce3664a9cee037d3aa9f41f6b4d94be33fcb5fbe18ad98c9c5d,python3 -m tools.physics_validation.reference_run --executable /private/tmp/billiardgl-phase3/Billiards --package /Users/bytedance/Projects/github/BilliardGL/.worktrees/physics-validation-foundation/tests/physics_validation/reference_data/domenech_2023_ball_collision --output /private/tmp/billiardgl-ball-domenech-calibration --case rubber_delta2_001,"{""digitization"": ""sha256:90c5bc0267c8b41d130510492a6f897d0418bc92b2762414f53b13e9c2afa458"", ""expected_model_mismatches"": ""sha256:c76e426de65f7105dfa9f166c1e53fb72bca0139e3d4bb37d2f7d9d6513a285d"", ""expected_reference_limitations"": ""sha256:f94ccb717e1244c117b9878633aedb911f011b80a516735235a0b359db353867"", ""extraction"": ""sha256:30a0a477a51b02d917273ae086742f4c3f97e12204543220c2711e8eb2b68ab8"", ""normalized"": ""sha256:d04396a53ab1010429fc67405e63bd92759fec7abc0ad1a86e9b395736f1a5ec"", ""raw_extracted"": ""sha256:fd26a8d030d12feee2f0829d1b005af7af523966d568c09d977b106b79a9d74d"", ""scenario_template"": ""sha256:d26935b5efaff34030564d113380adfca7b1b9f8aa56f65580ca70b33503a6a7"", ""split"": ""sha256:4ba90e5d4f009790a3f649bfacda6a6193d3785c25a5c9febde5ae4120912505""}",,
domenech_2023_ball_collision,1.0.0,rubber_delta2,rubber_delta2_low,,,,rubber_delta2_002,domenech_2023_ball_collision__rubber_delta2_002,rubber_delta2_002,CALIBRATION,separation_angle_degrees,degree,13.415669326152477,,4.420072,8.995597326152478,4.319929390156587,4.520214609843413,0.0,0.0053425,0.1,0.10014260984341282,1.0,0.0,0.0,19.820613639418657,27.069987925238745,Fig. 8 experimental markers,TREND_ONLY,MODEL_MISMATCH_KNOWN,/private/tmp/billiardgl-ball-domenech-calibration/traces/domenech_2023_ball_collision__rubber_delta2_002.json,sha256:e1254b65072dbce3664a9cee037d3aa9f41f6b4d94be33fcb5fbe18ad98c9c5d,python3 -m tools.physics_validation.reference_run --executable /private/tmp/billiardgl-phase3/Billiards --package /Users/bytedance/Projects/github/BilliardGL/.worktrees/physics-validation-foundation/tests/physics_validation/reference_data/domenech_2023_ball_collision --output /private/tmp/billiardgl-ball-domenech-calibration --case rubber_delta2_002,"{""digitization"": ""sha256:90c5bc0267c8b41d130510492a6f897d0418bc92b2762414f53b13e9c2afa458"", ""expected_model_mismatches"": ""sha256:c76e426de65f7105dfa9f166c1e53fb72bca0139e3d4bb37d2f7d9d6513a285d"", ""expected_reference_limitations"": ""sha256:f94ccb717e1244c117b9878633aedb911f011b80a516735235a0b359db353867"", ""extraction"": ""sha256:30a0a477a51b02d917273ae086742f4c3f97e12204543220c2711e8eb2b68ab8"", ""normalized"": ""sha256:d04396a53ab1010429fc67405e63bd92759fec7abc0ad1a86e9b395736f1a5ec"", ""raw_extracted"": ""sha256:fd26a8d030d12feee2f0829d1b005af7af523966d568c09d977b106b79a9d74d"", ""scenario_template"": ""sha256:d26935b5efaff34030564d113380adfca7b1b9f8aa56f65580ca70b33503a6a7"", ""split"": ""sha256:4ba90e5d4f009790a3f649bfacda6a6193d3785c25a5c9febde5ae4120912505""}",,
domenech_2023_ball_collision,1.0.0,rubber_delta2,rubber_delta2_low,,,,rubber_delta2_003,domenech_2023_ball_collision__rubber_delta2_003,rubber_delta2_003,CALIBRATION,separation_angle_degrees,degree,16.619351374484683,,3.778327,12.841024374484682,3.678324698215241,3.878329301784759,0.0,0.0006785,0.1,0.10000230178475894,1.0,0.0,0.0,19.820613639418657,27.069987925238745,Fig. 8 experimental markers,TREND_ONLY,MODEL_MISMATCH_KNOWN,/private/tmp/billiardgl-ball-domenech-calibration/traces/domenech_2023_ball_collision__rubber_delta2_003.json,sha256:e1254b65072dbce3664a9cee037d3aa9f41f6b4d94be33fcb5fbe18ad98c9c5d,python3 -m tools.physics_validation.reference_run --executable /private/tmp/billiardgl-phase3/Billiards --package /Users/bytedance/Projects/github/BilliardGL/.worktrees/physics-validation-foundation/tests/physics_validation/reference_data/domenech_2023_ball_collision --output /private/tmp/billiardgl-ball-domenech-calibration --case rubber_delta2_003,"{""digitization"": ""sha256:90c5bc0267c8b41d130510492a6f897d0418bc92b2762414f53b13e9c2afa458"", ""expected_model_mismatches"": ""sha256:c76e426de65f7105dfa9f166c1e53fb72bca0139e3d4bb37d2f7d9d6513a285d"", ""expected_reference_limitations"": ""sha256:f94ccb717e1244c117b9878633aedb911f011b80a516735235a0b359db353867"", ""extraction"": ""sha256:30a0a477a51b02d917273ae086742f4c3f97e12204543220c2711e8eb2b68ab8"", ""normalized"": ""sha256:d04396a53ab1010429fc67405e63bd92759fec7abc0ad1a86e9b395736f1a5ec"", ""raw_extracted"": ""sha256:fd26a8d030d12feee2f0829d1b005af7af523966d568c09d977b106b79a9d74d"", ""scenario_template"": ""sha256:d26935b5efaff34030564d113380adfca7b1b9f8aa56f65580ca70b33503a6a7"", ""split"": ""sha256:4ba90e5d4f009790a3f649bfacda6a6193d3785c25a5c9febde5ae4120912505""}",,
domenech_2023_ball_collision,1.0.0,rubber_delta2,rubber_delta2_low,,,,rubber_delta2_004,domenech_2023_ball_collision__rubber_delta2_004,rubber_delta2_004,CALIBRATION,separation_angle_degrees,degree,19.687026283267446,,3.142766,16.544260283267448,3.042250236409158,3.2432817635908417,0.0,0.0101695,0.1,0.10051576359084183,1.0,0.0,0.0,19.820613639418657,27.069987925238745,Fig. 8 experimental markers,TREND_ONLY,MODEL_MISMATCH_KNOWN,/private/tmp/billiardgl-ball-domenech-calibration/traces/domenech_2023_ball_collision__rubber_delta2_004.json,sha256:e1254b65072dbce3664a9cee037d3aa9f41f6b4d94be33fcb5fbe18ad98c9c5d,python3 -m tools.physics_validation.reference_run --executable /private/tmp/billiardgl-phase3/Billiards --package /Users/bytedance/Projects/github/BilliardGL/.worktrees/physics-validation-foundation/tests/physics_validation/reference_data/domenech_2023_ball_collision --output /private/tmp/billiardgl-ball-domenech-calibration --case rubber_delta2_004,"{""digitization"": ""sha256:90c5bc0267c8b41d130510492a6f897d0418bc92b2762414f53b13e9c2afa458"", ""expected_model_mismatches"": ""sha256:c76e426de65f7105dfa9f166c1e53fb72bca0139e3d4bb37d2f7d9d6513a285d"", ""expected_reference_limitations"": ""sha256:f94ccb717e1244c117b9878633aedb911f011b80a516735235a0b359db353867"", ""extraction"": ""sha256:30a0a477a51b02d917273ae086742f4c3f97e12204543220c2711e8eb2b68ab8"", ""normalized"": ""sha256:d04396a53ab1010429fc67405e63bd92759fec7abc0ad1a86e9b395736f1a5ec"", ""raw_extracted"": ""sha256:fd26a8d030d12feee2f0829d1b005af7af523966d568c09d977b106b79a9d74d"", ""scenario_template"": ""sha256:d26935b5efaff34030564d113380adfca7b1b9f8aa56f65580ca70b33503a6a7"", ""split"": ""sha256:4ba90e5d4f009790a3f649bfacda6a6193d3785c25a5c9febde5ae4120912505""}",,
domenech_2023_ball_collision,1.0.0,rubber_delta2,rubber_delta2_low,,,,rubber_delta2_005,domenech_2023_ball_collision__rubber_delta2_005,rubber_delta2_005,CALIBRATION,separation_angle_degrees,degree,22.560839302166716,,5.03022,17.530619302166716,4.92989082916594,5.13054917083406,0.0,0.0081205,0.1,0.10032917083406004,1.0,0.0,0.0,19.820613639418657,27.069987925238745,Fig. 8 experimental markers,TREND_ONLY,MODEL_MISMATCH_KNOWN,/private/tmp/billiardgl-ball-domenech-calibration/traces/domenech_2023_ball_collision__rubber_delta2_005.json,sha256:e1254b65072dbce3664a9cee037d3aa9f41f6b4d94be33fcb5fbe18ad98c9c5d,python3 -m tools.physics_validation.reference_run --executable /private/tmp/billiardgl-phase3/Billiards --package /Users/bytedance/Projects/github/BilliardGL/.worktrees/physics-validation-foundation/tests/physics_validation/reference_data/domenech_2023_ball_collision --output /private/tmp/billiardgl-ball-domenech-calibration --case rubber_delta2_005,"{""digitization"": ""sha256:90c5bc0267c8b41d130510492a6f897d0418bc92b2762414f53b13e9c2afa458"", ""expected_model_mismatches"": ""sha256:c76e426de65f7105dfa9f166c1e53fb72bca0139e3d4bb37d2f7d9d6513a285d"", ""expected_reference_limitations"": ""sha256:f94ccb717e1244c117b9878633aedb911f011b80a516735235a0b359db353867"", ""extraction"": ""sha256:30a0a477a51b02d917273ae086742f4c3f97e12204543220c2711e8eb2b68ab8"", ""normalized"": ""sha256:d04396a53ab1010429fc67405e63bd92759fec7abc0ad1a86e9b395736f1a5ec"", ""raw_extracted"": ""sha256:fd26a8d030d12feee2f0829d1b005af7af523966d568c09d977b106b79a9d74d"", ""scenario_template"": ""sha256:d26935b5efaff34030564d113380adfca7b1b9f8aa56f65580ca70b33503a6a7"", ""split"": ""sha256:4ba90e5d4f009790a3f649bfacda6a6193d3785c25a5c9febde5ae4120912505""}",,
domenech_2023_ball_collision,1.0.0,rubber_delta2,rubber_delta2_low,,,,rubber_delta2_006,domenech_2023_ball_collision__rubber_delta2_006,rubber_delta2_006,CALIBRATION,separation_angle_degrees,degree,24.45797007474969,,3.778563,20.67940707474969,3.6785620209735423,3.878563979026458,0.0,0.0004425,0.1,0.10000097902645755,1.0,0.0,0.0,19.820613639418657,27.069987925238745,Fig. 8 experimental markers,TREND_ONLY,MODEL_MISMATCH_KNOWN,/private/tmp/billiardgl-ball-domenech-calibration/traces/domenech_2023_ball_collision__rubber_delta2_006.json,sha256:e1254b65072dbce3664a9cee037d3aa9f41f6b4d94be33fcb5fbe18ad98c9c5d,python3 -m tools.physics_validation.reference_run --executable /private/tmp/billiardgl-phase3/Billiards --package /Users/bytedance/Projects/github/BilliardGL/.worktrees/physics-validation-foundation/tests/physics_validation/reference_data/domenech_2023_ball_collision --output /private/tmp/billiardgl-ball-domenech-calibration --case rubber_delta2_006,"{""digitization"": ""sha256:90c5bc0267c8b41d130510492a6f897d0418bc92b2762414f53b13e9c2afa458"", ""expected_model_mismatches"": ""sha256:c76e426de65f7105dfa9f166c1e53fb72bca0139e3d4bb37d2f7d9d6513a285d"", ""expected_reference_limitations"": ""sha256:f94ccb717e1244c117b9878633aedb911f011b80a516735235a0b359db353867"", ""extraction"": ""sha256:30a0a477a51b02d917273ae086742f4c3f97e12204543220c2711e8eb2b68ab8"", ""normalized"": ""sha256:d04396a53ab1010429fc67405e63bd92759fec7abc0ad1a86e9b395736f1a5ec"", ""raw_extracted"": ""sha256:fd26a8d030d12feee2f0829d1b005af7af523966d568c09d977b106b79a9d74d"", ""scenario_template"": ""sha256:d26935b5efaff34030564d113380adfca7b1b9f8aa56f65580ca70b33503a6a7"", ""split"": ""sha256:4ba90e5d4f009790a3f649bfacda6a6193d3785c25a5c9febde5ae4120912505""}",,
domenech_2023_ball_collision,1.0.0,rubber_delta2,rubber_delta2_low,,,,rubber_delta2_007,domenech_2023_ball_collision__rubber_delta2_007,rubber_delta2_007,CALIBRATION,separation_angle_degrees,degree,27.088096604906628,,5.026407,22.06168960490663,4.926314248694023,5.1264997513059765,0.0,0.004308,0.1,0.10009275130597621,1.0,0.0,0.0,19.820613639418657,27.069987925238745,Fig. 8 experimental markers,TREND_ONLY,MODEL_MISMATCH_KNOWN,/private/tmp/billiardgl-ball-domenech-calibration/traces/domenech_2023_ball_collision__rubber_delta2_007.json,sha256:e1254b65072dbce3664a9cee037d3aa9f41f6b4d94be33fcb5fbe18ad98c9c5d,python3 -m tools.physics_validation.reference_run --executable /private/tmp/billiardgl-phase3/Billiards --package /Users/bytedance/Projects/github/BilliardGL/.worktrees/physics-validation-foundation/tests/physics_validation/reference_data/domenech_2023_ball_collision --output /private/tmp/billiardgl-ball-domenech-calibration --case rubber_delta2_007,"{""digitization"": ""sha256:90c5bc0267c8b41d130510492a6f897d0418bc92b2762414f53b13e9c2afa458"", ""expected_model_mismatches"": ""sha256:c76e426de65f7105dfa9f166c1e53fb72bca0139e3d4bb37d2f7d9d6513a285d"", ""expected_reference_limitations"": ""sha256:f94ccb717e1244c117b9878633aedb911f011b80a516735235a0b359db353867"", ""extraction"": ""sha256:30a0a477a51b02d917273ae086742f4c3f97e12204543220c2711e8eb2b68ab8"", ""normalized"": ""sha256:d04396a53ab1010429fc67405e63bd92759fec7abc0ad1a86e9b395736f1a5ec"", ""raw_extracted"": ""sha256:fd26a8d030d12feee2f0829d1b005af7af523966d568c09d977b106b79a9d74d"", ""scenario_template"": ""sha256:d26935b5efaff34030564d113380adfca7b1b9f8aa56f65580ca70b33503a6a7"", ""split"": ""sha256:4ba90e5d4f009790a3f649bfacda6a6193d3785c25a5c9febde5ae4120912505""}",,
domenech_2023_ball_collision,1.0.0,rubber_delta2,rubber_delta2_low,,,,rubber_delta2_008,domenech_2023_ball_collision__rubber_delta2_008,rubber_delta2_008,CALIBRATION,separation_angle_degrees,degree,30.26645081030777,,4.391167,25.87528381030777,4.2854651019269285,4.496868898073072,0.0,0.0342475,0.1,0.10570189807307152,1.0,0.0,0.0,19.820613639418657,27.069987925238745,Fig. 8 experimental markers,TREND_ONLY,MODEL_MISMATCH_KNOWN,/private/tmp/billiardgl-ball-domenech-calibration/traces/domenech_2023_ball_collision__rubber_delta2_008.json,sha256:e1254b65072dbce3664a9cee037d3aa9f41f6b4d94be33fcb5fbe18ad98c9c5d,python3 -m tools.physics_validation.reference_run --executable /private/tmp/billiardgl-phase3/Billiards --package /Users/bytedance/Projects/github/BilliardGL/.worktrees/physics-validation-foundation/tests/physics_validation/reference_data/domenech_2023_ball_collision --output /private/tmp/billiardgl-ball-domenech-calibration --case rubber_delta2_008,"{""digitization"": ""sha256:90c5bc0267c8b41d130510492a6f897d0418bc92b2762414f53b13e9c2afa458"", ""expected_model_mismatches"": ""sha256:c76e426de65f7105dfa9f166c1e53fb72bca0139e3d4bb37d2f7d9d6513a285d"", ""expected_reference_limitations"": ""sha256:f94ccb717e1244c117b9878633aedb911f011b80a516735235a0b359db353867"", ""extraction"": ""sha256:30a0a477a51b02d917273ae086742f4c3f97e12204543220c2711e8eb2b68ab8"", ""normalized"": ""sha256:d04396a53ab1010429fc67405e63bd92759fec7abc0ad1a86e9b395736f1a5ec"", ""raw_extracted"": ""sha256:fd26a8d030d12feee2f0829d1b005af7af523966d568c09d977b106b79a9d74d"", ""scenario_template"": ""sha256:d26935b5efaff34030564d113380adfca7b1b9f8aa56f65580ca70b33503a6a7"", ""split"": ""sha256:4ba90e5d4f009790a3f649bfacda6a6193d3785c25a5c9febde5ae4120912505""}",,
domenech_2023_ball_collision,1.0.0,rubber_delta2,rubber_delta2_low,,,,rubber_delta2_009,domenech_2023_ball_collision__rubber_delta2_009,rubber_delta2_009,CALIBRATION,separation_angle_degrees,degree,31.852377826588302,,5.026052,26.826325826588302,4.925973899453477,5.126130100546523,0.0,0.003953,0.1,0.10007810054652318,1.0,0.0,0.0,19.820613639418657,27.069987925238745,Fig. 8 experimental markers,TREND_ONLY,MODEL_MISMATCH_KNOWN,/private/tmp/billiardgl-ball-domenech-calibration/traces/domenech_2023_ball_collision__rubber_delta2_009.json,sha256:e1254b65072dbce3664a9cee037d3aa9f41f6b4d94be33fcb5fbe18ad98c9c5d,python3 -m tools.physics_validation.reference_run --executable /private/tmp/billiardgl-phase3/Billiards --package /Users/bytedance/Projects/github/BilliardGL/.worktrees/physics-validation-foundation/tests/physics_validation/reference_data/domenech_2023_ball_collision --output /private/tmp/billiardgl-ball-domenech-calibration --case rubber_delta2_009,"{""digitization"": ""sha256:90c5bc0267c8b41d130510492a6f897d0418bc92b2762414f53b13e9c2afa458"", ""expected_model_mismatches"": ""sha256:c76e426de65f7105dfa9f166c1e53fb72bca0139e3d4bb37d2f7d9d6513a285d"", ""expected_reference_limitations"": ""sha256:f94ccb717e1244c117b9878633aedb911f011b80a516735235a0b359db353867"", ""extraction"": ""sha256:30a0a477a51b02d917273ae086742f4c3f97e12204543220c2711e8eb2b68ab8"", ""normalized"": ""sha256:d04396a53ab1010429fc67405e63bd92759fec7abc0ad1a86e9b395736f1a5ec"", ""raw_extracted"": ""sha256:fd26a8d030d12feee2f0829d1b005af7af523966d568c09d977b106b79a9d74d"", ""scenario_template"": ""sha256:d26935b5efaff34030564d113380adfca7b1b9f8aa56f65580ca70b33503a6a7"", ""split"": ""sha256:4ba90e5d4f009790a3f649bfacda6a6193d3785c25a5c9febde5ae4120912505""}",,
domenech_2023_ball_collision,1.0.0,rubber_delta2,rubber_delta2_low,,,,rubber_delta2_010,domenech_2023_ball_collision__rubber_delta2_010,rubber_delta2_010,CALIBRATION,separation_angle_degrees,degree,33.980547925238746,,6.91056,27.069987925238745,6.8105545661163855,7.010565433883615,0.0,0.0010425,0.1,0.10000543388361455,1.0,0.0,0.0,19.820613639418657,27.069987925238745,Fig. 8 experimental markers,TREND_ONLY,MODEL_MISMATCH_KNOWN,/private/tmp/billiardgl-ball-domenech-calibration/traces/domenech_2023_ball_collision__rubber_delta2_010.json,sha256:e1254b65072dbce3664a9cee037d3aa9f41f6b4d94be33fcb5fbe18ad98c9c5d,python3 -m tools.physics_validation.reference_run --executable /private/tmp/billiardgl-phase3/Billiards --package /Users/bytedance/Projects/github/BilliardGL/.worktrees/physics-validation-foundation/tests/physics_validation/reference_data/domenech_2023_ball_collision --output /private/tmp/billiardgl-ball-domenech-calibration --case rubber_delta2_010,"{""digitization"": ""sha256:90c5bc0267c8b41d130510492a6f897d0418bc92b2762414f53b13e9c2afa458"", ""expected_model_mismatches"": ""sha256:c76e426de65f7105dfa9f166c1e53fb72bca0139e3d4bb37d2f7d9d6513a285d"", ""expected_reference_limitations"": ""sha256:f94ccb717e1244c117b9878633aedb911f011b80a516735235a0b359db353867"", ""extraction"": ""sha256:30a0a477a51b02d917273ae086742f4c3f97e12204543220c2711e8eb2b68ab8"", ""normalized"": ""sha256:d04396a53ab1010429fc67405e63bd92759fec7abc0ad1a86e9b395736f1a5ec"", ""raw_extracted"": ""sha256:fd26a8d030d12feee2f0829d1b005af7af523966d568c09d977b106b79a9d74d"", ""scenario_template"": ""sha256:d26935b5efaff34030564d113380adfca7b1b9f8aa56f65580ca70b33503a6a7"", ""split"": ""sha256:4ba90e5d4f009790a3f649bfacda6a6193d3785c25a5c9febde5ae4120912505""}",,
domenech_2023_ball_collision,1.0.0,rubber_lambda2,rubber_lambda2_low,,,,rubber_lambda2_001,domenech_2023_ball_collision__rubber_lambda2_001,rubber_lambda2_001,CALIBRATION,object_scattering_angle_degrees,degree,175.9749616969326,,9.488987,166.4859746969326,9.336938195643471,9.641035804356529,0.0,0.1145375,0.1,0.1520488043565289,1.0,0.0,0.0,163.89856911404385,167.88083264268138,Fig. 9 experimental markers,TREND_ONLY,MODEL_MISMATCH_KNOWN,/private/tmp/billiardgl-ball-domenech-calibration/traces/domenech_2023_ball_collision__rubber_lambda2_001.json,sha256:e1254b65072dbce3664a9cee037d3aa9f41f6b4d94be33fcb5fbe18ad98c9c5d,python3 -m tools.physics_validation.reference_run --executable /private/tmp/billiardgl-phase3/Billiards --package /Users/bytedance/Projects/github/BilliardGL/.worktrees/physics-validation-foundation/tests/physics_validation/reference_data/domenech_2023_ball_collision --output /private/tmp/billiardgl-ball-domenech-calibration --case rubber_lambda2_001,"{""digitization"": ""sha256:90c5bc0267c8b41d130510492a6f897d0418bc92b2762414f53b13e9c2afa458"", ""expected_model_mismatches"": ""sha256:c76e426de65f7105dfa9f166c1e53fb72bca0139e3d4bb37d2f7d9d6513a285d"", ""expected_reference_limitations"": ""sha256:f94ccb717e1244c117b9878633aedb911f011b80a516735235a0b359db353867"", ""extraction"": ""sha256:30a0a477a51b02d917273ae086742f4c3f97e12204543220c2711e8eb2b68ab8"", ""normalized"": ""sha256:d04396a53ab1010429fc67405e63bd92759fec7abc0ad1a86e9b395736f1a5ec"", ""raw_extracted"": ""sha256:fd26a8d030d12feee2f0829d1b005af7af523966d568c09d977b106b79a9d74d"", ""scenario_template"": ""sha256:d26935b5efaff34030564d113380adfca7b1b9f8aa56f65580ca70b33503a6a7"", ""split"": ""sha256:4ba90e5d4f009790a3f649bfacda6a6193d3785c25a5c9febde5ae4120912505""}",,
domenech_2023_ball_collision,1.0.0,rubber_lambda2,rubber_lambda2_low,,,,rubber_lambda2_002,domenech_2023_ball_collision__rubber_lambda2_002,rubber_lambda2_002,CALIBRATION,object_scattering_angle_degrees,degree,175.3698196426814,,7.488987,167.88083264268138,7.355710343244212,7.622263656755788,0.0,0.088106,0.1,0.1332766567557875,1.0,0.0,0.0,163.89856911404385,167.88083264268138,Fig. 9 experimental markers,TREND_ONLY,MODEL_MISMATCH_KNOWN,/private/tmp/billiardgl-ball-domenech-calibration/traces/domenech_2023_ball_collision__rubber_lambda2_002.json,sha256:e1254b65072dbce3664a9cee037d3aa9f41f6b4d94be33fcb5fbe18ad98c9c5d,python3 -m tools.physics_validation.reference_run --executable /private/tmp/billiardgl-phase3/Billiards --package /Users/bytedance/Projects/github/BilliardGL/.worktrees/physics-validation-foundation/tests/physics_validation/reference_data/domenech_2023_ball_collision --output /private/tmp/billiardgl-ball-domenech-calibration --case rubber_lambda2_002,"{""digitization"": ""sha256:90c5bc0267c8b41d130510492a6f897d0418bc92b2762414f53b13e9c2afa458"", ""expected_model_mismatches"": ""sha256:c76e426de65f7105dfa9f166c1e53fb72bca0139e3d4bb37d2f7d9d6513a285d"", ""expected_reference_limitations"": ""sha256:f94ccb717e1244c117b9878633aedb911f011b80a516735235a0b359db353867"", ""extraction"": ""sha256:30a0a477a51b02d917273ae086742f4c3f97e12204543220c2711e8eb2b68ab8"", ""normalized"": ""sha256:d04396a53ab1010429fc67405e63bd92759fec7abc0ad1a86e9b395736f1a5ec"", ""raw_extracted"": ""sha256:fd26a8d030d12feee2f0829d1b005af7af523966d568c09d977b106b79a9d74d"", ""scenario_template"": ""sha256:d26935b5efaff34030564d113380adfca7b1b9f8aa56f65580ca70b33503a6a7"", ""split"": ""sha256:4ba90e5d4f009790a3f649bfacda6a6193d3785c25a5c9febde5ae4120912505""}",,
domenech_2023_ball_collision,1.0.0,rubber_lambda2,rubber_lambda2_low,,,,rubber_lambda2_003,domenech_2023_ball_collision__rubber_lambda2_003,rubber_lambda2_003,CALIBRATION,object_scattering_angle_degrees,degree,174.38461927537003,,7.39207,166.99254927537004,7.291682625742826,7.4924573742571745,0.0,0.0088105,0.1,0.10038737425717441,1.0,0.0,0.0,163.89856911404385,167.88083264268138,Fig. 9 experimental markers,TREND_ONLY,MODEL_MISMATCH_KNOWN,/private/tmp/billiardgl-ball-domenech-calibration/traces/domenech_2023_ball_collision__rubber_lambda2_003.json,sha256:e1254b65072dbce3664a9cee037d3aa9f41f6b4d94be33fcb5fbe18ad98c9c5d,python3 -m tools.physics_validation.reference_run --executable /private/tmp/billiardgl-phase3/Billiards --package /Users/bytedance/Projects/github/BilliardGL/.worktrees/physics-validation-foundation/tests/physics_validation/reference_data/domenech_2023_ball_collision --output /private/tmp/billiardgl-ball-domenech-calibration --case rubber_lambda2_003,"{""digitization"": ""sha256:90c5bc0267c8b41d130510492a6f897d0418bc92b2762414f53b13e9c2afa458"", ""expected_model_mismatches"": ""sha256:c76e426de65f7105dfa9f166c1e53fb72bca0139e3d4bb37d2f7d9d6513a285d"", ""expected_reference_limitations"": ""sha256:f94ccb717e1244c117b9878633aedb911f011b80a516735235a0b359db353867"", ""extraction"": ""sha256:30a0a477a51b02d917273ae086742f4c3f97e12204543220c2711e8eb2b68ab8"", ""normalized"": ""sha256:d04396a53ab1010429fc67405e63bd92759fec7abc0ad1a86e9b395736f1a5ec"", ""raw_extracted"": ""sha256:fd26a8d030d12feee2f0829d1b005af7af523966d568c09d977b106b79a9d74d"", ""scenario_template"": ""sha256:d26935b5efaff34030564d113380adfca7b1b9f8aa56f65580ca70b33503a6a7"", ""split"": ""sha256:4ba90e5d4f009790a3f649bfacda6a6193d3785c25a5c9febde5ae4120912505""}",,
domenech_2023_ball_collision,1.0.0,rubber_lambda2,rubber_lambda2_low,,,,rubber_lambda2_004,domenech_2023_ball_collision__rubber_lambda2_004,rubber_lambda2_004,CALIBRATION,object_scattering_angle_degrees,degree,171.73254195307533,,10.638767,161.09377495307533,10.536369897002649,10.74116410299735,0.0,0.0220265,0.1,0.10239710299735047,1.0,0.0,0.0,163.89856911404385,167.88083264268138,Fig. 9 experimental markers,TREND_ONLY,MODEL_MISMATCH_KNOWN,/private/tmp/billiardgl-ball-domenech-calibration/traces/domenech_2023_ball_collision__rubber_lambda2_004.json,sha256:e1254b65072dbce3664a9cee037d3aa9f41f6b4d94be33fcb5fbe18ad98c9c5d,python3 -m tools.physics_validation.reference_run --executable /private/tmp/billiardgl-phase3/Billiards --package /Users/bytedance/Projects/github/BilliardGL/.worktrees/physics-validation-foundation/tests/physics_validation/reference_data/domenech_2023_ball_collision --output /private/tmp/billiardgl-ball-domenech-calibration --case rubber_lambda2_004,"{""digitization"": ""sha256:90c5bc0267c8b41d130510492a6f897d0418bc92b2762414f53b13e9c2afa458"", ""expected_model_mismatches"": ""sha256:c76e426de65f7105dfa9f166c1e53fb72bca0139e3d4bb37d2f7d9d6513a285d"", ""expected_reference_limitations"": ""sha256:f94ccb717e1244c117b9878633aedb911f011b80a516735235a0b359db353867"", ""extraction"": ""sha256:30a0a477a51b02d917273ae086742f4c3f97e12204543220c2711e8eb2b68ab8"", ""normalized"": ""sha256:d04396a53ab1010429fc67405e63bd92759fec7abc0ad1a86e9b395736f1a5ec"", ""raw_extracted"": ""sha256:fd26a8d030d12feee2f0829d1b005af7af523966d568c09d977b106b79a9d74d"", ""scenario_template"": ""sha256:d26935b5efaff34030564d113380adfca7b1b9f8aa56f65580ca70b33503a6a7"", ""split"": ""sha256:4ba90e5d4f009790a3f649bfacda6a6193d3785c25a5c9febde5ae4120912505""}",,
domenech_2023_ball_collision,1.0.0,rubber_lambda2,rubber_lambda2_low,,,,rubber_lambda2_005,domenech_2023_ball_collision__rubber_lambda2_005,rubber_lambda2_005,CALIBRATION,object_scattering_angle_degrees,degree,168.49363064389348,,11.731278,156.76235264389348,11.630408532665975,11.832147467334025,0.0,0.0132155,0.1,0.10086946733402533,1.0,0.0,0.0,163.89856911404385,167.88083264268138,Fig. 9 experimental markers,TREND_ONLY,MODEL_MISMATCH_KNOWN,/private/tmp/billiardgl-ball-domenech-calibration/traces/domenech_2023_ball_collision__rubber_lambda2_005.json,sha256:e1254b65072dbce3664a9cee037d3aa9f41f6b4d94be33fcb5fbe18ad98c9c5d,python3 -m tools.physics_validation.reference_run --executable /private/tmp/billiardgl-phase3/Billiards --package /Users/bytedance/Projects/github/BilliardGL/.worktrees/physics-validation-foundation/tests/physics_validation/reference_data/domenech_2023_ball_collision --output /private/tmp/billiardgl-ball-domenech-calibration --case rubber_lambda2_005,"{""digitization"": ""sha256:90c5bc0267c8b41d130510492a6f897d0418bc92b2762414f53b13e9c2afa458"", ""expected_model_mismatches"": ""sha256:c76e426de65f7105dfa9f166c1e53fb72bca0139e3d4bb37d2f7d9d6513a285d"", ""expected_reference_limitations"": ""sha256:f94ccb717e1244c117b9878633aedb911f011b80a516735235a0b359db353867"", ""extraction"": ""sha256:30a0a477a51b02d917273ae086742f4c3f97e12204543220c2711e8eb2b68ab8"", ""normalized"": ""sha256:d04396a53ab1010429fc67405e63bd92759fec7abc0ad1a86e9b395736f1a5ec"", ""raw_extracted"": ""sha256:fd26a8d030d12feee2f0829d1b005af7af523966d568c09d977b106b79a9d74d"", ""scenario_template"": ""sha256:d26935b5efaff34030564d113380adfca7b1b9f8aa56f65580ca70b33503a6a7"", ""split"": ""sha256:4ba90e5d4f009790a3f649bfacda6a6193d3785c25a5c9febde5ae4120912505""}",,
domenech_2023_ball_collision,1.0.0,steel_alpha1,steel_alpha1_low,,,,steel_alpha1_001,domenech_2023_ball_collision__steel_alpha1_001,steel_alpha1_001,CALIBRATION,cue_scattering_angle_degrees,degree,75.3842089049907,,70.06969,5.314518904990706,69.96968898750512,70.16969101249487,0.0,0.00045,0.1,0.10000101249487428,1.0,0.0,0.0,2.4126116610679706,5.314518904990706,Fig. 7 experimental markers,TREND_ONLY,MODEL_MISMATCH_KNOWN,/private/tmp/billiardgl-ball-domenech-calibration/traces/domenech_2023_ball_collision__steel_alpha1_001.json,sha256:e1254b65072dbce3664a9cee037d3aa9f41f6b4d94be33fcb5fbe18ad98c9c5d,python3 -m tools.physics_validation.reference_run --executable /private/tmp/billiardgl-phase3/Billiards --package /Users/bytedance/Projects/github/BilliardGL/.worktrees/physics-validation-foundation/tests/physics_validation/reference_data/domenech_2023_ball_collision --output /private/tmp/billiardgl-ball-domenech-calibration --case steel_alpha1_001,"{""digitization"": ""sha256:90c5bc0267c8b41d130510492a6f897d0418bc92b2762414f53b13e9c2afa458"", ""expected_model_mismatches"": ""sha256:c76e426de65f7105dfa9f166c1e53fb72bca0139e3d4bb37d2f7d9d6513a285d"", ""expected_reference_limitations"": ""sha256:f94ccb717e1244c117b9878633aedb911f011b80a516735235a0b359db353867"", ""extraction"": ""sha256:30a0a477a51b02d917273ae086742f4c3f97e12204543220c2711e8eb2b68ab8"", ""normalized"": ""sha256:d04396a53ab1010429fc67405e63bd92759fec7abc0ad1a86e9b395736f1a5ec"", ""raw_extracted"": ""sha256:fd26a8d030d12feee2f0829d1b005af7af523966d568c09d977b106b79a9d74d"", ""scenario_template"": ""sha256:d26935b5efaff34030564d113380adfca7b1b9f8aa56f65580ca70b33503a6a7"", ""split"": ""sha256:4ba90e5d4f009790a3f649bfacda6a6193d3785c25a5c9febde5ae4120912505""}",,
domenech_2023_ball_collision,1.0.0,steel_alpha1,steel_alpha1_low,,,,steel_alpha1_002,domenech_2023_ball_collision__steel_alpha1_002,steel_alpha1_002,CALIBRATION,cue_scattering_angle_degrees,degree,75.65791583269969,,76.278379,-0.6204631673003149,76.17371834674267,76.38303965325733,0.0,0.0308845,0.1,0.10466065325732495,1.0,0.0,0.0,2.4126116610679706,5.314518904990706,Fig. 7 experimental markers,TREND_ONLY,MODEL_MISMATCH_KNOWN,/private/tmp/billiardgl-ball-domenech-calibration/traces/domenech_2023_ball_collision__steel_alpha1_002.json,sha256:e1254b65072dbce3664a9cee037d3aa9f41f6b4d94be33fcb5fbe18ad98c9c5d,python3 -m tools.physics_validation.reference_run --executable /private/tmp/billiardgl-phase3/Billiards --package /Users/bytedance/Projects/github/BilliardGL/.worktrees/physics-validation-foundation/tests/physics_validation/reference_data/domenech_2023_ball_collision --output /private/tmp/billiardgl-ball-domenech-calibration --case steel_alpha1_002,"{""digitization"": ""sha256:90c5bc0267c8b41d130510492a6f897d0418bc92b2762414f53b13e9c2afa458"", ""expected_model_mismatches"": ""sha256:c76e426de65f7105dfa9f166c1e53fb72bca0139e3d4bb37d2f7d9d6513a285d"", ""expected_reference_limitations"": ""sha256:f94ccb717e1244c117b9878633aedb911f011b80a516735235a0b359db353867"", ""extraction"": ""sha256:30a0a477a51b02d917273ae086742f4c3f97e12204543220c2711e8eb2b68ab8"", ""normalized"": ""sha256:d04396a53ab1010429fc67405e63bd92759fec7abc0ad1a86e9b395736f1a5ec"", ""raw_extracted"": ""sha256:fd26a8d030d12feee2f0829d1b005af7af523966d568c09d977b106b79a9d74d"", ""scenario_template"": ""sha256:d26935b5efaff34030564d113380adfca7b1b9f8aa56f65580ca70b33503a6a7"", ""split"": ""sha256:4ba90e5d4f009790a3f649bfacda6a6193d3785c25a5c9febde5ae4120912505""}",,
domenech_2023_ball_collision,1.0.0,steel_alpha1,steel_alpha1_low,,,,steel_alpha1_003,domenech_2023_ball_collision__steel_alpha1_003,steel_alpha1_003,CALIBRATION,cue_scattering_angle_degrees,degree,75.42195770384262,,74.998706,0.4232517038426238,74.89776701993779,75.09964498006221,0.0,0.013736,0.1,0.10093898006221384,1.0,0.0,0.0,2.4126116610679706,5.314518904990706,Fig. 7 experimental markers,TREND_ONLY,MODEL_MISMATCH_KNOWN,/private/tmp/billiardgl-ball-domenech-calibration/traces/domenech_2023_ball_collision__steel_alpha1_003.json,sha256:e1254b65072dbce3664a9cee037d3aa9f41f6b4d94be33fcb5fbe18ad98c9c5d,python3 -m tools.physics_validation.reference_run --executable /private/tmp/billiardgl-phase3/Billiards --package /Users/bytedance/Projects/github/BilliardGL/.worktrees/physics-validation-foundation/tests/physics_validation/reference_data/domenech_2023_ball_collision --output /private/tmp/billiardgl-ball-domenech-calibration --case steel_alpha1_003,"{""digitization"": ""sha256:90c5bc0267c8b41d130510492a6f897d0418bc92b2762414f53b13e9c2afa458"", ""expected_model_mismatches"": ""sha256:c76e426de65f7105dfa9f166c1e53fb72bca0139e3d4bb37d2f7d9d6513a285d"", ""expected_reference_limitations"": ""sha256:f94ccb717e1244c117b9878633aedb911f011b80a516735235a0b359db353867"", ""extraction"": ""sha256:30a0a477a51b02d917273ae086742f4c3f97e12204543220c2711e8eb2b68ab8"", ""normalized"": ""sha256:d04396a53ab1010429fc67405e63bd92759fec7abc0ad1a86e9b395736f1a5ec"", ""raw_extracted"": ""sha256:fd26a8d030d12feee2f0829d1b005af7af523966d568c09d977b106b79a9d74d"", ""scenario_template"": ""sha256:d26935b5efaff34030564d113380adfca7b1b9f8aa56f65580ca70b33503a6a7"", ""split"": ""sha256:4ba90e5d4f009790a3f649bfacda6a6193d3785c25a5c9febde5ae4120912505""}",,
domenech_2023_ball_collision,1.0.0,steel_alpha1,steel_alpha1_low,,,,steel_alpha1_004,domenech_2023_ball_collision__steel_alpha1_004,steel_alpha1_004,CALIBRATION,cue_scattering_angle_degrees,degree,73.82070444913721,,72.404208,1.4164964491372132,72.22733340726195,72.58108259273804,0.0,0.1458925,0.1,0.17687459273804704,1.0,0.0,0.0,2.4126116610679706,5.314518904990706,Fig. 7 experimental markers,TREND_ONLY,MODEL_MISMATCH_KNOWN,/private/tmp/billiardgl-ball-domenech-calibration/traces/domenech_2023_ball_collision__steel_alpha1_004.json,sha256:e1254b65072dbce3664a9cee037d3aa9f41f6b4d94be33fcb5fbe18ad98c9c5d,python3 -m tools.physics_validation.reference_run --executable /private/tmp/billiardgl-phase3/Billiards --package /Users/bytedance/Projects/github/BilliardGL/.worktrees/physics-validation-foundation/tests/physics_validation/reference_data/domenech_2023_ball_collision --output /private/tmp/billiardgl-ball-domenech-calibration --case steel_alpha1_004,"{""digitization"": ""sha256:90c5bc0267c8b41d130510492a6f897d0418bc92b2762414f53b13e9c2afa458"", ""expected_model_mismatches"": ""sha256:c76e426de65f7105dfa9f166c1e53fb72bca0139e3d4bb37d2f7d9d6513a285d"", ""expected_reference_limitations"": ""sha256:f94ccb717e1244c117b9878633aedb911f011b80a516735235a0b359db353867"", ""extraction"": ""sha256:30a0a477a51b02d917273ae086742f4c3f97e12204543220c2711e8eb2b68ab8"", ""normalized"": ""sha256:d04396a53ab1010429fc67405e63bd92759fec7abc0ad1a86e9b395736f1a5ec"", ""raw_extracted"": ""sha256:fd26a8d030d12feee2f0829d1b005af7af523966d568c09d977b106b79a9d74d"", ""scenario_template"": ""sha256:d26935b5efaff34030564d113380adfca7b1b9f8aa56f65580ca70b33503a6a7"", ""split"": ""sha256:4ba90e5d4f009790a3f649bfacda6a6193d3785c25a5c9febde5ae4120912505""}",,
domenech_2023_ball_collision,1.0.0,steel_alpha1,steel_alpha1_low,,,,steel_alpha1_005,domenech_2023_ball_collision__steel_alpha1_005,steel_alpha1_005,CALIBRATION,cue_scattering_angle_degrees,degree,72.65665952416057,,74.998326,-2.341666475839432,74.8974380287844,75.0992139712156,0.0,0.013356,0.1,0.10088797121560132,1.0,0.0,0.0,2.4126116610679706,5.314518904990706,Fig. 7 experimental markers,TREND_ONLY,MODEL_MISMATCH_KNOWN,/private/tmp/billiardgl-ball-domenech-calibration/traces/domenech_2023_ball_collision__steel_alpha1_005.json,sha256:e1254b65072dbce3664a9cee037d3aa9f41f6b4d94be33fcb5fbe18ad98c9c5d,python3 -m tools.physics_validation.reference_run --executable /private/tmp/billiardgl-phase3/Billiards --package /Users/bytedance/Projects/github/BilliardGL/.worktrees/physics-validation-foundation/tests/physics_validation/reference_data/domenech_2023_ball_collision --output /private/tmp/billiardgl-ball-domenech-calibration --case steel_alpha1_005,"{""digitization"": ""sha256:90c5bc0267c8b41d130510492a6f897d0418bc92b2762414f53b13e9c2afa458"", ""expected_model_mismatches"": ""sha256:c76e426de65f7105dfa9f166c1e53fb72bca0139e3d4bb37d2f7d9d6513a285d"", ""expected_reference_limitations"": ""sha256:f94ccb717e1244c117b9878633aedb911f011b80a516735235a0b359db353867"", ""extraction"": ""sha256:30a0a477a51b02d917273ae086742f4c3f97e12204543220c2711e8eb2b68ab8"", ""normalized"": ""sha256:d04396a53ab1010429fc67405e63bd92759fec7abc0ad1a86e9b395736f1a5ec"", ""raw_extracted"": ""sha256:fd26a8d030d12feee2f0829d1b005af7af523966d568c09d977b106b79a9d74d"", ""scenario_template"": ""sha256:d26935b5efaff34030564d113380adfca7b1b9f8aa56f65580ca70b33503a6a7"", ""split"": ""sha256:4ba90e5d4f009790a3f649bfacda6a6193d3785c25a5c9febde5ae4120912505""}",,
domenech_2023_ball_collision,1.0.0,steel_alpha1,steel_alpha1_low,,,,steel_alpha1_006,domenech_2023_ball_collision__steel_alpha1_006,steel_alpha1_006,CALIBRATION,cue_scattering_angle_degrees,degree,70.18198991290551,,72.545263,-2.3632730870944982,72.44514608550001,72.6453799145,0.0,0.004837,0.1,0.10011691449999846,1.0,0.0,0.0,2.4126116610679706,5.314518904990706,Fig. 7 experimental markers,TREND_ONLY,MODEL_MISMATCH_KNOWN,/private/tmp/billiardgl-ball-domenech-calibration/traces/domenech_2023_ball_collision__steel_alpha1_006.json,sha256:e1254b65072dbce3664a9cee037d3aa9f41f6b4d94be33fcb5fbe18ad98c9c5d,python3 -m tools.physics_validation.reference_run --executable /private/tmp/billiardgl-phase3/Billiards --package /Users/bytedance/Projects/github/BilliardGL/.worktrees/physics-validation-foundation/tests/physics_validation/reference_data/domenech_2023_ball_collision --output /private/tmp/billiardgl-ball-domenech-calibration --case steel_alpha1_006,"{""digitization"": ""sha256:90c5bc0267c8b41d130510492a6f897d0418bc92b2762414f53b13e9c2afa458"", ""expected_model_mismatches"": ""sha256:c76e426de65f7105dfa9f166c1e53fb72bca0139e3d4bb37d2f7d9d6513a285d"", ""expected_reference_limitations"": ""sha256:f94ccb717e1244c117b9878633aedb911f011b80a516735235a0b359db353867"", ""extraction"": ""sha256:30a0a477a51b02d917273ae086742f4c3f97e12204543220c2711e8eb2b68ab8"", ""normalized"": ""sha256:d04396a53ab1010429fc67405e63bd92759fec7abc0ad1a86e9b395736f1a5ec"", ""raw_extracted"": ""sha256:fd26a8d030d12feee2f0829d1b005af7af523966d568c09d977b106b79a9d74d"", ""scenario_template"": ""sha256:d26935b5efaff34030564d113380adfca7b1b9f8aa56f65580ca70b33503a6a7"", ""split"": ""sha256:4ba90e5d4f009790a3f649bfacda6a6193d3785c25a5c9febde5ae4120912505""}",,
domenech_2023_ball_collision,1.0.0,steel_alpha1,steel_alpha1_low,,,,steel_alpha1_007,domenech_2023_ball_collision__steel_alpha1_007,steel_alpha1_007,CALIBRATION,cue_scattering_angle_degrees,degree,67.46067844703246,,71.29957,-3.8388915529675387,71.19885316910765,71.40028683089236,0.0,0.011995,0.1,0.1007168308923588,1.0,0.0,0.0,2.4126116610679706,5.314518904990706,Fig. 7 experimental markers,TREND_ONLY,MODEL_MISMATCH_KNOWN,/private/tmp/billiardgl-ball-domenech-calibration/traces/domenech_2023_ball_collision__steel_alpha1_007.json,sha256:e1254b65072dbce3664a9cee037d3aa9f41f6b4d94be33fcb5fbe18ad98c9c5d,python3 -m tools.physics_validation.reference_run --executable /private/tmp/billiardgl-phase3/Billiards --package /Users/bytedance/Projects/github/BilliardGL/.worktrees/physics-validation-foundation/tests/physics_validation/reference_data/domenech_2023_ball_collision --output /private/tmp/billiardgl-ball-domenech-calibration --case steel_alpha1_007,"{""digitization"": ""sha256:90c5bc0267c8b41d130510492a6f897d0418bc92b2762414f53b13e9c2afa458"", ""expected_model_mismatches"": ""sha256:c76e426de65f7105dfa9f166c1e53fb72bca0139e3d4bb37d2f7d9d6513a285d"", ""expected_reference_limitations"": ""sha256:f94ccb717e1244c117b9878633aedb911f011b80a516735235a0b359db353867"", ""extraction"": ""sha256:30a0a477a51b02d917273ae086742f4c3f97e12204543220c2711e8eb2b68ab8"", ""normalized"": ""sha256:d04396a53ab1010429fc67405e63bd92759fec7abc0ad1a86e9b395736f1a5ec"", ""raw_extracted"": ""sha256:fd26a8d030d12feee2f0829d1b005af7af523966d568c09d977b106b79a9d74d"", ""scenario_template"": ""sha256:d26935b5efaff34030564d113380adfca7b1b9f8aa56f65580ca70b33503a6a7"", ""split"": ""sha256:4ba90e5d4f009790a3f649bfacda6a6193d3785c25a5c9febde5ae4120912505""}",,
domenech_2023_ball_collision,1.0.0,steel_alpha1,steel_alpha1_low,,,,steel_alpha1_008,domenech_2023_ball_collision__steel_alpha1_008,steel_alpha1_008,CALIBRATION,cue_scattering_angle_degrees,degree,66.06736048347133,,63.906595,2.16076548347133,63.805645991633156,64.00754400836685,0.0,0.0138095,0.1,0.10094900836684827,1.0,0.0,0.0,2.4126116610679706,5.314518904990706,Fig. 7 experimental markers,TREND_ONLY,MODEL_MISMATCH_KNOWN,/private/tmp/billiardgl-ball-domenech-calibration/traces/domenech_2023_ball_collision__steel_alpha1_008.json,sha256:e1254b65072dbce3664a9cee037d3aa9f41f6b4d94be33fcb5fbe18ad98c9c5d,python3 -m tools.physics_validation.reference_run --executable /private/tmp/billiardgl-phase3/Billiards --package /Users/bytedance/Projects/github/BilliardGL/.worktrees/physics-validation-foundation/tests/physics_validation/reference_data/domenech_2023_ball_collision --output /private/tmp/billiardgl-ball-domenech-calibration --case steel_alpha1_008,"{""digitization"": ""sha256:90c5bc0267c8b41d130510492a6f897d0418bc92b2762414f53b13e9c2afa458"", ""expected_model_mismatches"": ""sha256:c76e426de65f7105dfa9f166c1e53fb72bca0139e3d4bb37d2f7d9d6513a285d"", ""expected_reference_limitations"": ""sha256:f94ccb717e1244c117b9878633aedb911f011b80a516735235a0b359db353867"", ""extraction"": ""sha256:30a0a477a51b02d917273ae086742f4c3f97e12204543220c2711e8eb2b68ab8"", ""normalized"": ""sha256:d04396a53ab1010429fc67405e63bd92759fec7abc0ad1a86e9b395736f1a5ec"", ""raw_extracted"": ""sha256:fd26a8d030d12feee2f0829d1b005af7af523966d568c09d977b106b79a9d74d"", ""scenario_template"": ""sha256:d26935b5efaff34030564d113380adfca7b1b9f8aa56f65580ca70b33503a6a7"", ""split"": ""sha256:4ba90e5d4f009790a3f649bfacda6a6193d3785c25a5c9febde5ae4120912505""}",,
domenech_2023_ball_collision,1.0.0,steel_alpha1,steel_alpha1_low,,,,steel_alpha1_009,domenech_2023_ball_collision__steel_alpha1_009,steel_alpha1_009,CALIBRATION,cue_scattering_angle_degrees,degree,66.0666027056286,,67.122181,-1.0555782943714007,66.99832200030175,67.24603999969824,0.0,0.0730825,0.1,0.1238589996982456,1.0,0.0,0.0,2.4126116610679706,5.314518904990706,Fig. 7 experimental markers,TREND_ONLY,MODEL_MISMATCH_KNOWN,/private/tmp/billiardgl-ball-domenech-calibration/traces/domenech_2023_ball_collision__steel_alpha1_009.json,sha256:e1254b65072dbce3664a9cee037d3aa9f41f6b4d94be33fcb5fbe18ad98c9c5d,python3 -m tools.physics_validation.reference_run --executable /private/tmp/billiardgl-phase3/Billiards --package /Users/bytedance/Projects/github/BilliardGL/.worktrees/physics-validation-foundation/tests/physics_validation/reference_data/domenech_2023_ball_collision --output /private/tmp/billiardgl-ball-domenech-calibration --case steel_alpha1_009,"{""digitization"": ""sha256:90c5bc0267c8b41d130510492a6f897d0418bc92b2762414f53b13e9c2afa458"", ""expected_model_mismatches"": ""sha256:c76e426de65f7105dfa9f166c1e53fb72bca0139e3d4bb37d2f7d9d6513a285d"", ""expected_reference_limitations"": ""sha256:f94ccb717e1244c117b9878633aedb911f011b80a516735235a0b359db353867"", ""extraction"": ""sha256:30a0a477a51b02d917273ae086742f4c3f97e12204543220c2711e8eb2b68ab8"", ""normalized"": ""sha256:d04396a53ab1010429fc67405e63bd92759fec7abc0ad1a86e9b395736f1a5ec"", ""raw_extracted"": ""sha256:fd26a8d030d12feee2f0829d1b005af7af523966d568c09d977b106b79a9d74d"", ""scenario_template"": ""sha256:d26935b5efaff34030564d113380adfca7b1b9f8aa56f65580ca70b33503a6a7"", ""split"": ""sha256:4ba90e5d4f009790a3f649bfacda6a6193d3785c25a5c9febde5ae4120912505""}",,
domenech_2023_ball_collision,1.0.0,steel_alpha1,steel_alpha1_low,,,,steel_alpha1_010,domenech_2023_ball_collision__steel_alpha1_010,steel_alpha1_010,CALIBRATION,cue_scattering_angle_degrees,degree,63.189875513801745,,65.313806,-2.1239304861982546,65.19269886055315,65.43491313944685,0.0,0.068315,0.1,0.12110713944685508,1.0,0.0,0.0,2.4126116610679706,5.314518904990706,Fig. 7 experimental markers,TREND_ONLY,MODEL_MISMATCH_KNOWN,/private/tmp/billiardgl-ball-domenech-calibration/traces/domenech_2023_ball_collision__steel_alpha1_010.json,sha256:e1254b65072dbce3664a9cee037d3aa9f41f6b4d94be33fcb5fbe18ad98c9c5d,python3 -m tools.physics_validation.reference_run --executable /private/tmp/billiardgl-phase3/Billiards --package /Users/bytedance/Projects/github/BilliardGL/.worktrees/physics-validation-foundation/tests/physics_validation/reference_data/domenech_2023_ball_collision --output /private/tmp/billiardgl-ball-domenech-calibration --case steel_alpha1_010,"{""digitization"": ""sha256:90c5bc0267c8b41d130510492a6f897d0418bc92b2762414f53b13e9c2afa458"", ""expected_model_mismatches"": ""sha256:c76e426de65f7105dfa9f166c1e53fb72bca0139e3d4bb37d2f7d9d6513a285d"", ""expected_reference_limitations"": ""sha256:f94ccb717e1244c117b9878633aedb911f011b80a516735235a0b359db353867"", ""extraction"": ""sha256:30a0a477a51b02d917273ae086742f4c3f97e12204543220c2711e8eb2b68ab8"", ""normalized"": ""sha256:d04396a53ab1010429fc67405e63bd92759fec7abc0ad1a86e9b395736f1a5ec"", ""raw_extracted"": ""sha256:fd26a8d030d12feee2f0829d1b005af7af523966d568c09d977b106b79a9d74d"", ""scenario_template"": ""sha256:d26935b5efaff34030564d113380adfca7b1b9f8aa56f65580ca70b33503a6a7"", ""split"": ""sha256:4ba90e5d4f009790a3f649bfacda6a6193d3785c25a5c9febde5ae4120912505""}",,
domenech_2023_ball_collision,1.0.0,steel_alpha1,steel_alpha1_low,,,,steel_alpha1_011,domenech_2023_ball_collision__steel_alpha1_011,steel_alpha1_011,CALIBRATION,cue_scattering_angle_degrees,degree,62.52375231845206,,61.493079,1.0306733184520596,61.38707677487123,61.59908122512877,0.0,0.0351635,0.1,0.10600222512876795,1.0,0.0,0.0,2.4126116610679706,5.314518904990706,Fig. 7 experimental markers,TREND_ONLY,MODEL_MISMATCH_KNOWN,/private/tmp/billiardgl-ball-domenech-calibration/traces/domenech_2023_ball_collision__steel_alpha1_011.json,sha256:e1254b65072dbce3664a9cee037d3aa9f41f6b4d94be33fcb5fbe18ad98c9c5d,python3 -m tools.physics_validation.reference_run --executable /private/tmp/billiardgl-phase3/Billiards --package /Users/bytedance/Projects/github/BilliardGL/.worktrees/physics-validation-foundation/tests/physics_validation/reference_data/domenech_2023_ball_collision --output /private/tmp/billiardgl-ball-domenech-calibration --case steel_alpha1_011,"{""digitization"": ""sha256:90c5bc0267c8b41d130510492a6f897d0418bc92b2762414f53b13e9c2afa458"", ""expected_model_mismatches"": ""sha256:c76e426de65f7105dfa9f166c1e53fb72bca0139e3d4bb37d2f7d9d6513a285d"", ""expected_reference_limitations"": ""sha256:f94ccb717e1244c117b9878633aedb911f011b80a516735235a0b359db353867"", ""extraction"": ""sha256:30a0a477a51b02d917273ae086742f4c3f97e12204543220c2711e8eb2b68ab8"", ""normalized"": ""sha256:d04396a53ab1010429fc67405e63bd92759fec7abc0ad1a86e9b395736f1a5ec"", ""raw_extracted"": ""sha256:fd26a8d030d12feee2f0829d1b005af7af523966d568c09d977b106b79a9d74d"", ""scenario_template"": ""sha256:d26935b5efaff34030564d113380adfca7b1b9f8aa56f65580ca70b33503a6a7"", ""split"": ""sha256:4ba90e5d4f009790a3f649bfacda6a6193d3785c25a5c9febde5ae4120912505""}",,
domenech_2023_ball_collision,1.0.0,steel_alpha1,steel_alpha1_low,,,,steel_alpha1_012,domenech_2023_ball_collision__steel_alpha1_012,steel_alpha1_012,CALIBRATION,cue_scattering_angle_degrees,degree,60.45911153509064,,60.03978,0.4193315350906417,59.85480719407369,60.22475280592631,0.0,0.1556115,0.1,0.1849728059263037,1.0,0.0,0.0,2.4126116610679706,5.314518904990706,Fig. 7 experimental markers,TREND_ONLY,MODEL_MISMATCH_KNOWN,/private/tmp/billiardgl-ball-domenech-calibration/traces/domenech_2023_ball_collision__steel_alpha1_012.json,sha256:e1254b65072dbce3664a9cee037d3aa9f41f6b4d94be33fcb5fbe18ad98c9c5d,python3 -m tools.physics_validation.reference_run --executable /private/tmp/billiardgl-phase3/Billiards --package /Users/bytedance/Projects/github/BilliardGL/.worktrees/physics-validation-foundation/tests/physics_validation/reference_data/domenech_2023_ball_collision --output /private/tmp/billiardgl-ball-domenech-calibration --case steel_alpha1_012,"{""digitization"": ""sha256:90c5bc0267c8b41d130510492a6f897d0418bc92b2762414f53b13e9c2afa458"", ""expected_model_mismatches"": ""sha256:c76e426de65f7105dfa9f166c1e53fb72bca0139e3d4bb37d2f7d9d6513a285d"", ""expected_reference_limitations"": ""sha256:f94ccb717e1244c117b9878633aedb911f011b80a516735235a0b359db353867"", ""extraction"": ""sha256:30a0a477a51b02d917273ae086742f4c3f97e12204543220c2711e8eb2b68ab8"", ""normalized"": ""sha256:d04396a53ab1010429fc67405e63bd92759fec7abc0ad1a86e9b395736f1a5ec"", ""raw_extracted"": ""sha256:fd26a8d030d12feee2f0829d1b005af7af523966d568c09d977b106b79a9d74d"", ""scenario_template"": ""sha256:d26935b5efaff34030564d113380adfca7b1b9f8aa56f65580ca70b33503a6a7"", ""split"": ""sha256:4ba90e5d4f009790a3f649bfacda6a6193d3785c25a5c9febde5ae4120912505""}",,
domenech_2023_ball_collision,1.0.0,steel_alpha1,steel_alpha1_low,,,,steel_alpha1_013,domenech_2023_ball_collision__steel_alpha1_013,steel_alpha1_013,CALIBRATION,cue_scattering_angle_degrees,degree,58.71146718317251,,61.453079,-2.7416118168274934,61.352962061342,61.55319593865801,0.0,0.0048375,0.1,0.10011693865800134,1.0,0.0,0.0,2.4126116610679706,5.314518904990706,Fig. 7 experimental markers,TREND_ONLY,MODEL_MISMATCH_KNOWN,/private/tmp/billiardgl-ball-domenech-calibration/traces/domenech_2023_ball_collision__steel_alpha1_013.json,sha256:e1254b65072dbce3664a9cee037d3aa9f41f6b4d94be33fcb5fbe18ad98c9c5d,python3 -m tools.physics_validation.reference_run --executable /private/tmp/billiardgl-phase3/Billiards --package /Users/bytedance/Projects/github/BilliardGL/.worktrees/physics-validation-foundation/tests/physics_validation/reference_data/domenech_2023_ball_collision --output /private/tmp/billiardgl-ball-domenech-calibration --case steel_alpha1_013,"{""digitization"": ""sha256:90c5bc0267c8b41d130510492a6f897d0418bc92b2762414f53b13e9c2afa458"", ""expected_model_mismatches"": ""sha256:c76e426de65f7105dfa9f166c1e53fb72bca0139e3d4bb37d2f7d9d6513a285d"", ""expected_reference_limitations"": ""sha256:f94ccb717e1244c117b9878633aedb911f011b80a516735235a0b359db353867"", ""extraction"": ""sha256:30a0a477a51b02d917273ae086742f4c3f97e12204543220c2711e8eb2b68ab8"", ""normalized"": ""sha256:d04396a53ab1010429fc67405e63bd92759fec7abc0ad1a86e9b395736f1a5ec"", ""raw_extracted"": ""sha256:fd26a8d030d12feee2f0829d1b005af7af523966d568c09d977b106b79a9d74d"", ""scenario_template"": ""sha256:d26935b5efaff34030564d113380adfca7b1b9f8aa56f65580ca70b33503a6a7"", ""split"": ""sha256:4ba90e5d4f009790a3f649bfacda6a6193d3785c25a5c9febde5ae4120912505""}",,
domenech_2023_ball_collision,1.0.0,steel_beta1,steel_beta1_low,,,,steel_beta1_001,domenech_2023_ball_collision__steel_beta1_001,steel_beta1_001,CALIBRATION,cue_scattering_angle_degrees,degree,98.65439952606474,,12.115731,86.53866852606474,12.010867972520101,12.2205940274799,0.0,0.0315635,0.1,0.10486302747989876,1.0,0.0,0.0,101.44985961661327,117.9292480043478,Fig. 7 experimental markers,TREND_ONLY,MODEL_MISMATCH_KNOWN,/private/tmp/billiardgl-ball-domenech-calibration/traces/domenech_2023_ball_collision__steel_beta1_001.json,sha256:e1254b65072dbce3664a9cee037d3aa9f41f6b4d94be33fcb5fbe18ad98c9c5d,python3 -m tools.physics_validation.reference_run --executable /private/tmp/billiardgl-phase3/Billiards --package /Users/bytedance/Projects/github/BilliardGL/.worktrees/physics-validation-foundation/tests/physics_validation/reference_data/domenech_2023_ball_collision --output /private/tmp/billiardgl-ball-domenech-calibration --case steel_beta1_001,"{""digitization"": ""sha256:90c5bc0267c8b41d130510492a6f897d0418bc92b2762414f53b13e9c2afa458"", ""expected_model_mismatches"": ""sha256:c76e426de65f7105dfa9f166c1e53fb72bca0139e3d4bb37d2f7d9d6513a285d"", ""expected_reference_limitations"": ""sha256:f94ccb717e1244c117b9878633aedb911f011b80a516735235a0b359db353867"", ""extraction"": ""sha256:30a0a477a51b02d917273ae086742f4c3f97e12204543220c2711e8eb2b68ab8"", ""normalized"": ""sha256:d04396a53ab1010429fc67405e63bd92759fec7abc0ad1a86e9b395736f1a5ec"", ""raw_extracted"": ""sha256:fd26a8d030d12feee2f0829d1b005af7af523966d568c09d977b106b79a9d74d"", ""scenario_template"": ""sha256:d26935b5efaff34030564d113380adfca7b1b9f8aa56f65580ca70b33503a6a7"", ""split"": ""sha256:4ba90e5d4f009790a3f649bfacda6a6193d3785c25a5c9febde5ae4120912505""}",,
domenech_2023_ball_collision,1.0.0,steel_beta1,steel_beta1_low,,,,steel_beta1_002,domenech_2023_ball_collision__steel_beta1_002,steel_beta1_002,CALIBRATION,cue_scattering_angle_degrees,degree,-83.0817486587104,,21.99499,-105.0767386587104,21.894584201741136,22.095395798258867,0.0,0.009018,0.1,0.10040579825886552,1.0,0.0,0.0,101.44985961661327,117.9292480043478,Fig. 7 experimental markers,TREND_ONLY,MODEL_MISMATCH_KNOWN,/private/tmp/billiardgl-ball-domenech-calibration/traces/domenech_2023_ball_collision__steel_beta1_002.json,sha256:e1254b65072dbce3664a9cee037d3aa9f41f6b4d94be33fcb5fbe18ad98c9c5d,python3 -m tools.physics_validation.reference_run --executable /private/tmp/billiardgl-phase3/Billiards --package /Users/bytedance/Projects/github/BilliardGL/.worktrees/physics-validation-foundation/tests/physics_validation/reference_data/domenech_2023_ball_collision --output /private/tmp/billiardgl-ball-domenech-calibration --case steel_beta1_002,"{""digitization"": ""sha256:90c5bc0267c8b41d130510492a6f897d0418bc92b2762414f53b13e9c2afa458"", ""expected_model_mismatches"": ""sha256:c76e426de65f7105dfa9f166c1e53fb72bca0139e3d4bb37d2f7d9d6513a285d"", ""expected_reference_limitations"": ""sha256:f94ccb717e1244c117b9878633aedb911f011b80a516735235a0b359db353867"", ""extraction"": ""sha256:30a0a477a51b02d917273ae086742f4c3f97e12204543220c2711e8eb2b68ab8"", ""normalized"": ""sha256:d04396a53ab1010429fc67405e63bd92759fec7abc0ad1a86e9b395736f1a5ec"", ""raw_extracted"": ""sha256:fd26a8d030d12feee2f0829d1b005af7af523966d568c09d977b106b79a9d74d"", ""scenario_template"": ""sha256:d26935b5efaff34030564d113380adfca7b1b9f8aa56f65580ca70b33503a6a7"", ""split"": ""sha256:4ba90e5d4f009790a3f649bfacda6a6193d3785c25a5c9febde5ae4120912505""}",,
domenech_2023_ball_collision,1.0.0,steel_beta1,steel_beta1_low,,,,steel_beta1_003,domenech_2023_ball_collision__steel_beta1_003,steel_beta1_003,CALIBRATION,cue_scattering_angle_degrees,degree,-81.92354035631456,,28.140782,-110.06432235631456,28.040680396211652,28.24088360378835,0.0,0.004509,0.1,0.10010160378835098,1.0,0.0,0.0,101.44985961661327,117.9292480043478,Fig. 7 experimental markers,TREND_ONLY,MODEL_MISMATCH_KNOWN,/private/tmp/billiardgl-ball-domenech-calibration/traces/domenech_2023_ball_collision__steel_beta1_003.json,sha256:e1254b65072dbce3664a9cee037d3aa9f41f6b4d94be33fcb5fbe18ad98c9c5d,python3 -m tools.physics_validation.reference_run --executable /private/tmp/billiardgl-phase3/Billiards --package /Users/bytedance/Projects/github/BilliardGL/.worktrees/physics-validation-foundation/tests/physics_validation/reference_data/domenech_2023_ball_collision --output /private/tmp/billiardgl-ball-domenech-calibration --case steel_beta1_003,"{""digitization"": ""sha256:90c5bc0267c8b41d130510492a6f897d0418bc92b2762414f53b13e9c2afa458"", ""expected_model_mismatches"": ""sha256:c76e426de65f7105dfa9f166c1e53fb72bca0139e3d4bb37d2f7d9d6513a285d"", ""expected_reference_limitations"": ""sha256:f94ccb717e1244c117b9878633aedb911f011b80a516735235a0b359db353867"", ""extraction"": ""sha256:30a0a477a51b02d917273ae086742f4c3f97e12204543220c2711e8eb2b68ab8"", ""normalized"": ""sha256:d04396a53ab1010429fc67405e63bd92759fec7abc0ad1a86e9b395736f1a5ec"", ""raw_extracted"": ""sha256:fd26a8d030d12feee2f0829d1b005af7af523966d568c09d977b106b79a9d74d"", ""scenario_template"": ""sha256:d26935b5efaff34030564d113380adfca7b1b9f8aa56f65580ca70b33503a6a7"", ""split"": ""sha256:4ba90e5d4f009790a3f649bfacda6a6193d3785c25a5c9febde5ae4120912505""}",,
domenech_2023_ball_collision,1.0.0,steel_beta1,steel_beta1_low,,,,steel_beta1_004,domenech_2023_ball_collision__steel_beta1_004,steel_beta1_004,CALIBRATION,cue_scattering_angle_degrees,degree,-80.29228258841911,,30.715431,-111.00771358841911,30.60173106304311,30.829130936956886,0.0,0.054108,0.1,0.11369993695688667,1.0,0.0,0.0,101.44985961661327,117.9292480043478,Fig. 7 experimental markers,TREND_ONLY,MODEL_MISMATCH_KNOWN,/private/tmp/billiardgl-ball-domenech-calibration/traces/domenech_2023_ball_collision__steel_beta1_004.json,sha256:e1254b65072dbce3664a9cee037d3aa9f41f6b4d94be33fcb5fbe18ad98c9c5d,python3 -m tools.physics_validation.reference_run --executable /private/tmp/billiardgl-phase3/Billiards --package /Users/bytedance/Projects/github/BilliardGL/.worktrees/physics-validation-foundation/tests/physics_validation/reference_data/domenech_2023_ball_collision --output /private/tmp/billiardgl-ball-domenech-calibration --case steel_beta1_004,"{""digitization"": ""sha256:90c5bc0267c8b41d130510492a6f897d0418bc92b2762414f53b13e9c2afa458"", ""expected_model_mismatches"": ""sha256:c76e426de65f7105dfa9f166c1e53fb72bca0139e3d4bb37d2f7d9d6513a285d"", ""expected_reference_limitations"": ""sha256:f94ccb717e1244c117b9878633aedb911f011b80a516735235a0b359db353867"", ""extraction"": ""sha256:30a0a477a51b02d917273ae086742f4c3f97e12204543220c2711e8eb2b68ab8"", ""normalized"": ""sha256:d04396a53ab1010429fc67405e63bd92759fec7abc0ad1a86e9b395736f1a5ec"", ""raw_extracted"": ""sha256:fd26a8d030d12feee2f0829d1b005af7af523966d568c09d977b106b79a9d74d"", ""scenario_template"": ""sha256:d26935b5efaff34030564d113380adfca7b1b9f8aa56f65580ca70b33503a6a7"", ""split"": ""sha256:4ba90e5d4f009790a3f649bfacda6a6193d3785c25a5c9febde5ae4120912505""}",,
domenech_2023_ball_collision,1.0.0,steel_beta1,steel_beta1_low,,,,steel_beta1_005,domenech_2023_ball_collision__steel_beta1_005,steel_beta1_005,CALIBRATION,cue_scattering_angle_degrees,degree,-82.3711320043478,,35.558116,-117.9292480043478,35.4398582650479,35.676373734952094,0.0,0.063126,0.1,0.11825773495209521,1.0,0.0,0.0,101.44985961661327,117.9292480043478,Fig. 7 experimental markers,TREND_ONLY,MODEL_MISMATCH_KNOWN,/private/tmp/billiardgl-ball-domenech-calibration/traces/domenech_2023_ball_collision__steel_beta1_005.json,sha256:e1254b65072dbce3664a9cee037d3aa9f41f6b4d94be33fcb5fbe18ad98c9c5d,python3 -m tools.physics_validation.reference_run --executable /private/tmp/billiardgl-phase3/Billiards --package /Users/bytedance/Projects/github/BilliardGL/.worktrees/physics-validation-foundation/tests/physics_validation/reference_data/domenech_2023_ball_collision --output /private/tmp/billiardgl-ball-domenech-calibration --case steel_beta1_005,"{""digitization"": ""sha256:90c5bc0267c8b41d130510492a6f897d0418bc92b2762414f53b13e9c2afa458"", ""expected_model_mismatches"": ""sha256:c76e426de65f7105dfa9f166c1e53fb72bca0139e3d4bb37d2f7d9d6513a285d"", ""expected_reference_limitations"": ""sha256:f94ccb717e1244c117b9878633aedb911f011b80a516735235a0b359db353867"", ""extraction"": ""sha256:30a0a477a51b02d917273ae086742f4c3f97e12204543220c2711e8eb2b68ab8"", ""normalized"": ""sha256:d04396a53ab1010429fc67405e63bd92759fec7abc0ad1a86e9b395736f1a5ec"", ""raw_extracted"": ""sha256:fd26a8d030d12feee2f0829d1b005af7af523966d568c09d977b106b79a9d74d"", ""scenario_template"": ""sha256:d26935b5efaff34030564d113380adfca7b1b9f8aa56f65580ca70b33503a6a7"", ""split"": ""sha256:4ba90e5d4f009790a3f649bfacda6a6193d3785c25a5c9febde5ae4120912505""}",,
domenech_2023_ball_collision,1.0.0,steel_beta1,steel_beta1_low,,,,steel_beta1_006,domenech_2023_ball_collision__steel_beta1_006,steel_beta1_006,CALIBRATION,cue_scattering_angle_degrees,degree,-58.88131269224415,,31.793086,-90.67439869224415,31.681461357554884,31.904710642445114,0.0,0.049599,0.1,0.11162464244511604,1.0,0.0,0.0,101.44985961661327,117.9292480043478,Fig. 7 experimental markers,TREND_ONLY,MODEL_MISMATCH_KNOWN,/private/tmp/billiardgl-ball-domenech-calibration/traces/domenech_2023_ball_collision__steel_beta1_006.json,sha256:e1254b65072dbce3664a9cee037d3aa9f41f6b4d94be33fcb5fbe18ad98c9c5d,python3 -m tools.physics_validation.reference_run --executable /private/tmp/billiardgl-phase3/Billiards --package /Users/bytedance/Projects/github/BilliardGL/.worktrees/physics-validation-foundation/tests/physics_validation/reference_data/domenech_2023_ball_collision --output /private/tmp/billiardgl-ball-domenech-calibration --case steel_beta1_006,"{""digitization"": ""sha256:90c5bc0267c8b41d130510492a6f897d0418bc92b2762414f53b13e9c2afa458"", ""expected_model_mismatches"": ""sha256:c76e426de65f7105dfa9f166c1e53fb72bca0139e3d4bb37d2f7d9d6513a285d"", ""expected_reference_limitations"": ""sha256:f94ccb717e1244c117b9878633aedb911f011b80a516735235a0b359db353867"", ""extraction"": ""sha256:30a0a477a51b02d917273ae086742f4c3f97e12204543220c2711e8eb2b68ab8"", ""normalized"": ""sha256:d04396a53ab1010429fc67405e63bd92759fec7abc0ad1a86e9b395736f1a5ec"", ""raw_extracted"": ""sha256:fd26a8d030d12feee2f0829d1b005af7af523966d568c09d977b106b79a9d74d"", ""scenario_template"": ""sha256:d26935b5efaff34030564d113380adfca7b1b9f8aa56f65580ca70b33503a6a7"", ""split"": ""sha256:4ba90e5d4f009790a3f649bfacda6a6193d3785c25a5c9febde5ae4120912505""}",,
domenech_2023_ball_collision,1.0.0,steel_beta1,steel_beta1_low,,,,steel_beta1_007,domenech_2023_ball_collision__steel_beta1_007,steel_beta1_007,CALIBRATION,cue_scattering_angle_degrees,degree,-42.924904096609126,,40.432365,-83.35726909660912,40.25308673582319,40.611643264176806,0.0,0.1487975,0.1,0.17927826417680978,1.0,0.0,0.0,101.44985961661327,117.9292480043478,Fig. 7 experimental markers,TREND_ONLY,MODEL_MISMATCH_KNOWN,/private/tmp/billiardgl-ball-domenech-calibration/traces/domenech_2023_ball_collision__steel_beta1_007.json,sha256:e1254b65072dbce3664a9cee037d3aa9f41f6b4d94be33fcb5fbe18ad98c9c5d,python3 -m tools.physics_validation.reference_run --executable /private/tmp/billiardgl-phase3/Billiards --package /Users/bytedance/Projects/github/BilliardGL/.worktrees/physics-validation-foundation/tests/physics_validation/reference_data/domenech_2023_ball_collision --output /private/tmp/billiardgl-ball-domenech-calibration --case steel_beta1_007,"{""digitization"": ""sha256:90c5bc0267c8b41d130510492a6f897d0418bc92b2762414f53b13e9c2afa458"", ""expected_model_mismatches"": ""sha256:c76e426de65f7105dfa9f166c1e53fb72bca0139e3d4bb37d2f7d9d6513a285d"", ""expected_reference_limitations"": ""sha256:f94ccb717e1244c117b9878633aedb911f011b80a516735235a0b359db353867"", ""extraction"": ""sha256:30a0a477a51b02d917273ae086742f4c3f97e12204543220c2711e8eb2b68ab8"", ""normalized"": ""sha256:d04396a53ab1010429fc67405e63bd92759fec7abc0ad1a86e9b395736f1a5ec"", ""raw_extracted"": ""sha256:fd26a8d030d12feee2f0829d1b005af7af523966d568c09d977b106b79a9d74d"", ""scenario_template"": ""sha256:d26935b5efaff34030564d113380adfca7b1b9f8aa56f65580ca70b33503a6a7"", ""split"": ""sha256:4ba90e5d4f009790a3f649bfacda6a6193d3785c25a5c9febde5ae4120912505""}",,
